{
  "meta": {
    "data_version": "1.0.0",
    "created": "2019-04-22",
    "revision": 1
  },
  "info": {
    "balls_per_over": 6,
    "city": "Sydney",
    "dates": [
      "2019-01-08"
    ],
    "event": {
      "name": "Big Bash League",
      "match_number": 24
    },
    "gender": "male",
    "match_type": "T20",
    "officials": {
      "match_referees": [
        "SR Bernard"
      ],
      "reserve_umpires": [
        "Berend du Plessis"
      ],
      "tv_umpires": [
        "GC Joshua"
      ],
      "umpires": [
        "GJ Davidson",
        "SAJ Craig"
      ]
    },
    "outcome": {
      "winner": "Brisbane Heat",
      "by": {
        "runs": 15
      },
      "method": "D/L"
    },
    "overs": 20,
    "player_of_match": [
      "CA Lynn"
    ],
    "players": {
      "Brisbane Heat": [
        "M Bryant",
        "BB McCullum",
        "CA Lynn",
        "BCJ Cutting",
        "MT Renshaw",
        "JJ Peirson",
        "M Labuschagne",
        "JL Pattinson",
        "B Doggett",
        "MJ Swepson",
        "Mujeeb Ur Rahman"
      ],
      "Sydney Thunder": [
        "JC Buttler",
        "SR Watson",
        "CJ Ferguson",
        "JE Root",
        "JJS Sangha",
        "DR Sams",
        "CJ Green",
        "GS Sandhu",
        "JD Cook",
        "SL Rainbird",
        "Fawad Ahmed"
      ]
    },
    "registry": {
      "people": {
        "B Doggett": "898e628d",
        "BB McCullum": "b8a55852",
        "BCJ Cutting": "2e11c706",
        "Berend du Plessis": "b0b8fec6",
        "CA Lynn": "45eda7c8",
        "CJ Ferguson": "9b4935c8",
        "CJ Green": "19b9f399",
        "DR Sams": "caf69bf7",
        "Fawad Ahmed": "22ae3041",
        "GC Joshua": "4c47ebf2",
        "GJ Davidson": "31ad5973",
        "GS Sandhu": "1558d83b",
        "JC Buttler": "99b75528",
        "JD Cook": "45f56920",
        "JE Root": "a343262c",
        "JJ Peirson": "2b55c3b4",
        "JJS Sangha": "8e3cb0e9",
        "JL Pattinson": "f752db61",
        "M Bryant": "f32012f4",
        "M Labuschagne": "fa433be6",
        "MJ Swepson": "86b4bf88",
        "MT Renshaw": "218d4d78",
        "Mujeeb Ur Rahman": "7d92277a",
        "SAJ Craig": "689f2eed",
        "SL Rainbird": "e7dd5eca",
        "SR Bernard": "800187dc",
        "SR Watson": "4329fbb5"
      }
    },
    "season": "2018/19",
    "team_type": "club",
    "teams": [
      "Sydney Thunder",
      "Brisbane Heat"
    ],
    "toss": {
      "decision": "field",
      "winner": "Sydney Thunder"
    },
    "venue": "Sydney Showground Stadium"
  },
  "innings": [
    {
      "team": "Brisbane Heat",
      "overs": [
        {
          "over": 0,
          "deliveries": [
            {
              "batter": "M Bryant",
              "bowler": "SL Rainbird",
              "non_striker": "BB McCullum",
              "runs": {
                "batter": 0,
                "extras": 0,
                "total": 0
              }
            },
            {
              "batter": "M Bryant",
              "bowler": "SL Rainbird",
              "extras": {
                "legbyes": 1
              },
              "non_striker": "BB McCullum",
              "runs": {
                "batter": 0,
                "extras": 1,
                "total": 1
              }
            },
            {
              "batter": "BB McCullum",
              "bowler": "SL Rainbird",
              "non_striker": "M Bryant",
              "runs": {
                "batter": 0,
                "extras": 0,
                "total": 0
              }
            },
            {
              "batter": "BB McCullum",
              "bowler": "SL Rainbird",
              "non_striker": "M Bryant",
              "runs": {
                "batter": 1,
                "extras": 0,
                "total": 1
              }
            },
            {
              "batter": "M Bryant",
              "bowler": "SL Rainbird",
              "non_striker": "BB McCullum",
              "runs": {
                "batter": 0,
                "extras": 0,
                "total": 0
              }
            },
            {
              "batter": "M Bryant",
              "bowler": "SL Rainbird",
              "non_striker": "BB McCullum",
              "runs": {
                "batter": 4,
                "extras": 0,
                "total": 4
              }
            }
          ]
        },
        {
          "over": 1,
          "deliveries": [
            {
              "batter": "BB McCullum",
              "bowler": "JD Cook",
              "non_striker": "M Bryant",
              "runs": {
                "batter": 1,
                "extras": 0,
                "total": 1
              }
            },
            {
              "batter": "M Bryant",
              "bowler": "JD Cook",
              "non_striker": "BB McCullum",
              "runs": {
                "batter": 1,
                "extras": 0,
                "total": 1
              }
            },
            {
              "batter": "BB McCullum",
              "bowler": "JD Cook",
              "non_striker": "M Bryant",
              "runs": {
                "batter": 0,
                "extras": 0,
                "total": 0
              }
            },
            {
              "batter": "BB McCullum",
              "bowler": "JD Cook",
              "non_striker": "M Bryant",
              "runs": {
                "batter": 1,
                "extras": 0,
                "total": 1
              }
            },
            {
              "batter": "M Bryant",
              "bowler": "JD Cook",
              "non_striker": "BB McCullum",
              "runs": {
                "batter": 2,
                "extras": 0,
                "total": 2
              }
            },
            {
              "batter": "M Bryant",
              "bowler": "JD Cook",
              "non_striker": "BB McCullum",
              "runs": {
                "batter": 1,
                "extras": 0,
                "total": 1
              }
            }
          ]
        },
        {
          "over": 2,
          "deliveries": [
            {
              "batter": "M Bryant",
              "bowler": "DR Sams",
              "non_striker": "BB McCullum",
              "runs": {
                "batter": 0,
                "extras": 0,
                "total": 0
              }
            },
            {
              "batter": "M Bryant",
              "bowler": "DR Sams",
              "non_striker": "BB McCullum",
              "runs": {
                "batter": 1,
                "extras": 0,
                "total": 1
              }
            },
            {
              "batter": "BB McCullum",
              "bowler": "DR Sams",
              "non_striker": "M Bryant",
              "runs": {
                "batter": 1,
                "extras": 0,
                "total": 1
              }
            },
            {
              "batter": "M Bryant",
              "bowler": "DR Sams",
              "non_striker": "BB McCullum",
              "runs": {
                "batter": 4,
                "extras": 0,
                "total": 4
              }
            },
            {
              "batter": "M Bryant",
              "bowler": "DR Sams",
              "non_striker": "BB McCullum",
              "runs": {
                "batter": 0,
                "extras": 0,
                "total": 0
              }
            },
            {
              "batter": "M Bryant",
              "bowler": "DR Sams",
              "non_striker": "BB McCullum",
              "runs": {
                "batter": 4,
                "extras": 0,
                "total": 4
              }
            }
          ]
        },
        {
          "over": 3,
          "deliveries": [
            {
              "batter": "BB McCullum",
              "bowler": "GS Sandhu",
              "non_striker": "M Bryant",
              "runs": {
                "batter": 0,
                "extras": 0,
                "total": 0
              }
            },
            {
              "batter": "BB McCullum",
              "bowler": "GS Sandhu",
              "non_striker": "M Bryant",
              "runs": {
                "batter": 0,
                "extras": 0,
                "total": 0
              }
            },
            {
              "batter": "BB McCullum",
              "bowler": "GS Sandhu",
              "non_striker": "M Bryant",
              "runs": {
                "batter": 1,
                "extras": 0,
                "total": 1
              }
            },
            {
              "batter": "M Bryant",
              "bowler": "GS Sandhu",
              "non_striker": "BB McCullum",
              "runs": {
                "batter": 0,
                "extras": 0,
                "total": 0
              }
            },
            {
              "batter": "M Bryant",
              "bowler": "GS Sandhu",
              "non_striker": "BB McCullum",
              "runs": {
                "batter": 0,
                "extras": 0,
                "total": 0
              }
            },
            {
              "batter": "M Bryant",
              "bowler": "GS Sandhu",
              "non_striker": "BB McCullum",
              "runs": {
                "batter": 6,
                "extras": 0,
                "total": 6
              }
            }
          ]
        },
        {
          "over": 4,
          "deliveries": [
            {
              "batter": "BB McCullum",
              "bowler": "CJ Green",
              "non_striker": "M Bryant",
              "runs": {
                "batter": 0,
                "extras": 0,
                "total": 0
              }
            },
            {
              "batter": "BB McCullum",
              "bowler": "CJ Green",
              "non_striker": "M Bryant",
              "runs": {
                "batter": 1,
                "extras": 0,
                "total": 1
              }
            },
            {
              "batter": "M Bryant",
              "bowler": "CJ Green",
              "non_striker": "BB McCullum",
              "runs": {
                "batter": 0,
                "extras": 0,
                "total": 0
              }
            },
            {
              "batter": "M Bryant",
              "bowler": "CJ Green",
              "non_striker": "BB McCullum",
              "runs": {
                "batter": 1,
                "extras": 0,
                "total": 1
              }
            },
            {
              "batter": "BB McCullum",
              "bowler": "CJ Green",
              "non_striker": "M Bryant",
              "runs": {
                "batter": 0,
                "extras": 0,
                "total": 0
              }
            },
            {
              "batter": "BB McCullum",
              "bowler": "CJ Green",
              "non_striker": "M Bryant",
              "runs": {
                "batter": 6,
                "extras": 0,
                "total": 6
              }
            }
          ]
        },
        {
          "over": 5,
          "deliveries": [
            {
              "batter": "M Bryant",
              "bowler": "DR Sams",
              "non_striker": "BB McCullum",
              "runs": {
                "batter": 1,
                "extras": 0,
                "total": 1
              }
            },
            {
              "batter": "BB McCullum",
              "bowler": "DR Sams",
              "non_striker": "M Bryant",
              "runs": {
                "batter": 6,
                "extras": 0,
                "total": 6
              }
            },
            {
              "batter": "BB McCullum",
              "bowler": "DR Sams",
              "non_striker": "M Bryant",
              "runs": {
                "batter": 0,
                "extras": 0,
                "total": 0
              }
            },
            {
              "batter": "BB McCullum",
              "bowler": "DR Sams",
              "non_striker": "M Bryant",
              "runs": {
                "batter": 4,
                "extras": 0,
                "total": 4
              }
            },
            {
              "batter": "BB McCullum",
              "bowler": "DR Sams",
              "non_striker": "M Bryant",
              "runs": {
                "batter": 1,
                "extras": 0,
                "total": 1
              }
            },
            {
              "batter": "M Bryant",
              "bowler": "DR Sams",
              "extras": {
                "wides": 1
              },
              "non_striker": "BB McCullum",
              "runs": {
                "batter": 0,
                "extras": 1,
                "total": 1
              }
            },
            {
              "batter": "M Bryant",
              "bowler": "DR Sams",
              "non_striker": "BB McCullum",
              "runs": {
                "batter": 4,
                "extras": 0,
                "total": 4
              }
            }
          ]
        },
        {
          "over": 6,
          "deliveries": [
            {
              "batter": "BB McCullum",
              "bowler": "Fawad Ahmed",
              "non_striker": "M Bryant",
              "runs": {
                "batter": 4,
                "extras": 0,
                "total": 4
              }
            },
            {
              "batter": "BB McCullum",
              "bowler": "Fawad Ahmed",
              "non_striker": "M Bryant",
              "runs": {
                "batter": 2,
                "extras": 0,
                "total": 2
              }
            },
            {
              "batter": "BB McCullum",
              "bowler": "Fawad Ahmed",
              "non_striker": "M Bryant",
              "runs": {
                "batter": 1,
                "extras": 0,
                "total": 1
              }
            },
            {
              "batter": "M Bryant",
              "bowler": "Fawad Ahmed",
              "non_striker": "BB McCullum",
              "runs": {
                "batter": 1,
                "extras": 0,
                "total": 1
              }
            },
            {
              "batter": "BB McCullum",
              "bowler": "Fawad Ahmed",
              "non_striker": "M Bryant",
              "runs": {
                "batter": 6,
                "extras": 0,
                "total": 6
              }
            },
            {
              "batter": "BB McCullum",
              "bowler": "Fawad Ahmed",
              "non_striker": "M Bryant",
              "runs": {
                "batter": 1,
                "extras": 0,
                "total": 1
              }
            }
          ]
        },
        {
          "over": 7,
          "deliveries": [
            {
              "batter": "BB McCullum",
              "bowler": "JD Cook",
              "non_striker": "M Bryant",
              "runs": {
                "batter": 1,
                "extras": 0,
                "total": 1
              }
            },
            {
              "batter": "M Bryant",
              "bowler": "JD Cook",
              "non_striker": "BB McCullum",
              "runs": {
                "batter": 0,
                "extras": 0,
                "total": 0
              }
            },
            {
              "batter": "M Bryant",
              "bowler": "JD Cook",
              "non_striker": "BB McCullum",
              "runs": {
                "batter": 6,
                "extras": 0,
                "total": 6
              }
            },
            {
              "batter": "M Bryant",
              "bowler": "JD Cook",
              "non_striker": "BB McCullum",
              "runs": {
                "batter": 0,
                "extras": 0,
                "total": 0
              },
              "wickets": [
                {
                  "kind": "bowled",
                  "player_out": "M Bryant"
                }
              ]
            },
            {
              "batter": "CA Lynn",
              "bowler": "JD Cook",
              "non_striker": "BB McCullum",
              "runs": {
                "batter": 0,
                "extras": 0,
                "total": 0
              }
            },
            {
              "batter": "CA Lynn",
              "bowler": "JD Cook",
              "non_striker": "BB McCullum",
              "runs": {
                "batter": 0,
                "extras": 0,
                "total": 0
              }
            }
          ]
        },
        {
          "over": 8,
          "deliveries": [
            {
              "batter": "BB McCullum",
              "bowler": "Fawad Ahmed",
              "non_striker": "CA Lynn",
              "runs": {
                "batter": 0,
                "extras": 0,
                "total": 0
              }
            },
            {
              "batter": "BB McCullum",
              "bowler": "Fawad Ahmed",
              "non_striker": "CA Lynn",
              "runs": {
                "batter": 1,
                "extras": 0,
                "total": 1
              }
            },
            {
              "batter": "CA Lynn",
              "bowler": "Fawad Ahmed",
              "non_striker": "BB McCullum",
              "runs": {
                "batter": 0,
                "extras": 0,
                "total": 0
              }
            },
            {
              "batter": "CA Lynn",
              "bowler": "Fawad Ahmed",
              "non_striker": "BB McCullum",
              "runs": {
                "batter": 0,
                "extras": 0,
                "total": 0
              }
            },
            {
              "batter": "CA Lynn",
              "bowler": "Fawad Ahmed",
              "non_striker": "BB McCullum",
              "runs": {
                "batter": 1,
                "extras": 0,
                "total": 1
              }
            },
            {
              "batter": "BB McCullum",
              "bowler": "Fawad Ahmed",
              "non_striker": "CA Lynn",
              "runs": {
                "batter": 4,
                "extras": 0,
                "total": 4
              }
            }
          ]
        },
        {
          "over": 9,
          "deliveries": [
            {
              "batter": "CA Lynn",
              "bowler": "JD Cook",
              "non_striker": "BB McCullum",
              "runs": {
                "batter": 1,
                "extras": 0,
                "total": 1
              }
            },
            {
              "batter": "BB McCullum",
              "bowler": "JD Cook",
              "non_striker": "CA Lynn",
              "runs": {
                "batter": 1,
                "extras": 0,
                "total": 1
              }
            },
            {
              "batter": "CA Lynn",
              "bowler": "JD Cook",
              "non_striker": "BB McCullum",
              "runs": {
                "batter": 1,
                "extras": 0,
                "total": 1
              }
            },
            {
              "batter": "BB McCullum",
              "bowler": "JD Cook",
              "non_striker": "CA Lynn",
              "runs": {
                "batter": 1,
                "extras": 0,
                "total": 1
              }
            },
            {
              "batter": "CA Lynn",
              "bowler": "JD Cook",
              "non_striker": "BB McCullum",
              "runs": {
                "batter": 0,
                "extras": 0,
                "total": 0
              }
            },
            {
              "batter": "CA Lynn",
              "bowler": "JD Cook",
              "non_striker": "BB McCullum",
              "runs": {
                "batter": 1,
                "extras": 0,
                "total": 1
              }
            }
          ]
        },
        {
          "over": 10,
          "deliveries": [
            {
              "batter": "CA Lynn",
              "bowler": "Fawad Ahmed",
              "non_striker": "BB McCullum",
              "runs": {
                "batter": 0,
                "extras": 0,
                "total": 0
              }
            },
            {
              "batter": "CA Lynn",
              "bowler": "Fawad Ahmed",
              "non_striker": "BB McCullum",
              "runs": {
                "batter": 2,
                "extras": 0,
                "total": 2
              }
            },
            {
              "batter": "CA Lynn",
              "bowler": "Fawad Ahmed",
              "non_striker": "BB McCullum",
              "runs": {
                "batter": 4,
                "extras": 0,
                "total": 4
              }
            },
            {
              "batter": "CA Lynn",
              "bowler": "Fawad Ahmed",
              "non_striker": "BB McCullum",
              "runs": {
                "batter": 1,
                "extras": 0,
                "total": 1
              }
            },
            {
              "batter": "BB McCullum",
              "bowler": "Fawad Ahmed",
              "non_striker": "CA Lynn",
              "runs": {
                "batter": 6,
                "extras": 0,
                "total": 6
              }
            },
            {
              "batter": "BB McCullum",
              "bowler": "Fawad Ahmed",
              "non_striker": "CA Lynn",
              "runs": {
                "batter": 1,
                "extras": 0,
                "total": 1
              }
            }
          ]
        },
        {
          "over": 11,
          "deliveries": [
            {
              "batter": "BB McCullum",
              "bowler": "CJ Green",
              "non_striker": "CA Lynn",
              "runs": {
                "batter": 1,
                "extras": 0,
                "total": 1
              }
            },
            {
              "batter": "CA Lynn",
              "bowler": "CJ Green",
              "non_striker": "BB McCullum",
              "runs": {
                "batter": 6,
                "extras": 0,
                "total": 6
              }
            },
            {
              "batter": "CA Lynn",
              "bowler": "CJ Green",
              "non_striker": "BB McCullum",
              "runs": {
                "batter": 6,
                "extras": 0,
                "total": 6
              }
            },
            {
              "batter": "CA Lynn",
              "bowler": "CJ Green",
              "non_striker": "BB McCullum",
              "runs": {
                "batter": 1,
                "extras": 0,
                "total": 1
              }
            },
            {
              "batter": "BB McCullum",
              "bowler": "CJ Green",
              "non_striker": "CA Lynn",
              "runs": {
                "batter": 2,
                "extras": 0,
                "total": 2
              }
            },
            {
              "batter": "BB McCullum",
              "bowler": "CJ Green",
              "non_striker": "CA Lynn",
              "runs": {
                "batter": 0,
                "extras": 0,
                "total": 0
              }
            }
          ]
        },
        {
          "over": 12,
          "deliveries": [
            {
              "batter": "CA Lynn",
              "bowler": "SL Rainbird",
              "non_striker": "BB McCullum",
              "runs": {
                "batter": 1,
                "extras": 0,
                "total": 1
              }
            },
            {
              "batter": "BB McCullum",
              "bowler": "SL Rainbird",
              "extras": {
                "wides": 1
              },
              "non_striker": "CA Lynn",
              "runs": {
                "batter": 0,
                "extras": 1,
                "total": 1
              }
            },
            {
              "batter": "BB McCullum",
              "bowler": "SL Rainbird",
              "extras": {
                "noballs": 1
              },
              "non_striker": "CA Lynn",
              "runs": {
                "batter": 1,
                "extras": 1,
                "total": 2
              }
            },
            {
              "batter": "CA Lynn",
              "bowler": "SL Rainbird",
              "extras": {
                "noballs": 1
              },
              "non_striker": "BB McCullum",
              "runs": {
                "batter": 2,
                "extras": 1,
                "total": 3
              }
            },
            {
              "batter": "CA Lynn",
              "bowler": "SL Rainbird",
              "non_striker": "BB McCullum",
              "runs": {
                "batter": 4,
                "extras": 0,
                "total": 4
              }
            },
            {
              "batter": "CA Lynn",
              "bowler": "SL Rainbird",
              "non_striker": "BB McCullum",
              "runs": {
                "batter": 0,
                "extras": 0,
                "total": 0
              }
            },
            {
              "batter": "CA Lynn",
              "bowler": "SL Rainbird",
              "non_striker": "BB McCullum",
              "runs": {
                "batter": 4,
                "extras": 0,
                "total": 4
              }
            },
            {
              "batter": "CA Lynn",
              "bowler": "SL Rainbird",
              "non_striker": "BB McCullum",
              "runs": {
                "batter": 6,
                "extras": 0,
                "total": 6
              }
            },
            {
              "batter": "CA Lynn",
              "bowler": "SL Rainbird",
              "non_striker": "BB McCullum",
              "runs": {
                "batter": 1,
                "extras": 0,
                "total": 1
              }
            }
          ]
        },
        {
          "over": 13,
          "deliveries": [
            {
              "batter": "CA Lynn",
              "bowler": "GS Sandhu",
              "extras": {
                "wides": 1
              },
              "non_striker": "BB McCullum",
              "runs": {
                "batter": 0,
                "extras": 1,
                "total": 1
              }
            },
            {
              "batter": "CA Lynn",
              "bowler": "GS Sandhu",
              "non_striker": "BB McCullum",
              "runs": {
                "batter": 1,
                "extras": 0,
                "total": 1
              }
            },
            {
              "batter": "BB McCullum",
              "bowler": "GS Sandhu",
              "non_striker": "CA Lynn",
              "runs": {
                "batter": 0,
                "extras": 0,
                "total": 0
              },
              "wickets": [
                {
                  "kind": "caught",
                  "player_out": "BB McCullum",
                  "fielders": [
                    {
                      "name": "Fawad Ahmed"
                    }
                  ]
                }
              ]
            },
            {
              "batter": "BCJ Cutting",
              "bowler": "GS Sandhu",
              "non_striker": "CA Lynn",
              "runs": {
                "batter": 1,
                "extras": 0,
                "total": 1
              }
            },
            {
              "batter": "CA Lynn",
              "bowler": "GS Sandhu",
              "non_striker": "BCJ Cutting",
              "runs": {
                "batter": 0,
                "extras": 0,
                "total": 0
              }
            },
            {
              "batter": "CA Lynn",
              "bowler": "GS Sandhu",
              "non_striker": "BCJ Cutting",
              "runs": {
                "batter": 4,
                "extras": 0,
                "total": 4
              }
            },
            {
              "batter": "CA Lynn",
              "bowler": "GS Sandhu",
              "non_striker": "BCJ Cutting",
              "runs": {
                "batter": 0,
                "extras": 0,
                "total": 0
              }
            }
          ]
        },
        {
          "over": 14,
          "deliveries": [
            {
              "batter": "BCJ Cutting",
              "bowler": "JD Cook",
              "non_striker": "CA Lynn",
              "runs": {
                "batter": 1,
                "extras": 0,
                "total": 1
              }
            },
            {
              "batter": "CA Lynn",
              "bowler": "JD Cook",
              "non_striker": "BCJ Cutting",
              "runs": {
                "batter": 1,
                "extras": 0,
                "total": 1
              }
            },
            {
              "batter": "BCJ Cutting",
              "bowler": "JD Cook",
              "non_striker": "CA Lynn",
              "runs": {
                "batter": 1,
                "extras": 0,
                "total": 1
              }
            },
            {
              "batter": "CA Lynn",
              "bowler": "JD Cook",
              "non_striker": "BCJ Cutting",
              "runs": {
                "batter": 6,
                "extras": 0,
                "total": 6
              }
            },
            {
              "batter": "CA Lynn",
              "bowler": "JD Cook",
              "non_striker": "BCJ Cutting",
              "runs": {
                "batter": 0,
                "extras": 0,
                "total": 0
              },
              "wickets": [
                {
                  "kind": "caught",
                  "player_out": "CA Lynn",
                  "fielders": [
                    {
                      "name": "CJ Green"
                    }
                  ]
                }
              ]
            },
            {
              "batter": "BCJ Cutting",
              "bowler": "JD Cook",
              "non_striker": "MT Renshaw",
              "runs": {
                "batter": 0,
                "extras": 0,
                "total": 0
              },
              "wickets": [
                {
                  "kind": "lbw",
                  "player_out": "BCJ Cutting"
                }
              ]
            }
          ]
        },
        {
          "over": 15,
          "deliveries": [
            {
              "batter": "MT Renshaw",
              "bowler": "Fawad Ahmed",
              "non_striker": "JJ Peirson",
              "runs": {
                "batter": 0,
                "extras": 0,
                "total": 0
              }
            },
            {
              "batter": "MT Renshaw",
              "bowler": "Fawad Ahmed",
              "non_striker": "JJ Peirson",
              "runs": {
                "batter": 0,
                "extras": 0,
                "total": 0
              },
              "wickets": [
                {
                  "kind": "caught",
                  "player_out": "MT Renshaw",
                  "fielders": [
                    {
                      "name": "GS Sandhu"
                    }
                  ]
                }
              ]
            },
            {
              "batter": "JJ Peirson",
              "bowler": "Fawad Ahmed",
              "non_striker": "M Labuschagne",
              "runs": {
                "batter": 1,
                "extras": 0,
                "total": 1
              }
            },
            {
              "batter": "M Labuschagne",
              "bowler": "Fawad Ahmed",
              "non_striker": "JJ Peirson",
              "runs": {
                "batter": 0,
                "extras": 0,
                "total": 0
              }
            },
            {
              "batter": "M Labuschagne",
              "bowler": "Fawad Ahmed",
              "non_striker": "JJ Peirson",
              "runs": {
                "batter": 0,
                "extras": 0,
                "total": 0
              },
              "wickets": [
                {
                  "kind": "caught",
                  "player_out": "M Labuschagne",
                  "fielders": [
                    {
                      "name": "JD Cook"
                    }
                  ]
                }
              ]
            },
            {
              "batter": "JL Pattinson",
              "bowler": "Fawad Ahmed",
              "non_striker": "JJ Peirson",
              "runs": {
                "batter": 0,
                "extras": 0,
                "total": 0
              }
            }
          ]
        },
        {
          "over": 16,
          "deliveries": [
            {
              "batter": "JJ Peirson",
              "bowler": "CJ Green",
              "non_striker": "JL Pattinson",
              "runs": {
                "batter": 1,
                "extras": 0,
                "total": 1
              }
            },
            {
              "batter": "JL Pattinson",
              "bowler": "CJ Green",
              "non_striker": "JJ Peirson",
              "runs": {
                "batter": 0,
                "extras": 0,
                "total": 0
              }
            },
            {
              "batter": "JL Pattinson",
              "bowler": "CJ Green",
              "non_striker": "JJ Peirson",
              "runs": {
                "batter": 0,
                "extras": 0,
                "total": 0
              }
            },
            {
              "batter": "JL Pattinson",
              "bowler": "CJ Green",
              "non_striker": "JJ Peirson",
              "runs": {
                "batter": 0,
                "extras": 0,
                "total": 0
              },
              "wickets": [
                {
                  "kind": "lbw",
                  "player_out": "JL Pattinson"
                }
              ]
            },
            {
              "batter": "B Doggett",
              "bowler": "CJ Green",
              "extras": {
                "wides": 1
              },
              "non_striker": "JJ Peirson",
              "runs": {
                "batter": 0,
                "extras": 1,
                "total": 1
              }
            },
            {
              "batter": "B Doggett",
              "bowler": "CJ Green",
              "non_striker": "JJ Peirson",
              "runs": {
                "batter": 1,
                "extras": 0,
                "total": 1
              }
            },
            {
              "batter": "JJ Peirson",
              "bowler": "CJ Green",
              "non_striker": "B Doggett",
              "runs": {
                "batter": 0,
                "extras": 0,
                "total": 0
              }
            }
          ]
        },
        {
          "over": 17,
          "deliveries": [
            {
              "batter": "B Doggett",
              "bowler": "JE Root",
              "non_striker": "JJ Peirson",
              "runs": {
                "batter": 1,
                "extras": 0,
                "total": 1
              }
            },
            {
              "batter": "JJ Peirson",
              "bowler": "JE Root",
              "non_striker": "B Doggett",
              "runs": {
                "batter": 2,
                "extras": 0,
                "total": 2
              }
            },
            {
              "batter": "JJ Peirson",
              "bowler": "JE Root",
              "non_striker": "B Doggett",
              "runs": {
                "batter": 1,
                "extras": 0,
                "total": 1
              }
            },
            {
              "batter": "B Doggett",
              "bowler": "JE Root",
              "non_striker": "JJ Peirson",
              "runs": {
                "batter": 1,
                "extras": 0,
                "total": 1
              }
            },
            {
              "batter": "JJ Peirson",
              "bowler": "JE Root",
              "non_striker": "B Doggett",
              "runs": {
                "batter": 1,
                "extras": 0,
                "total": 1
              }
            },
            {
              "batter": "B Doggett",
              "bowler": "JE Root",
              "non_striker": "JJ Peirson",
              "runs": {
                "batter": 1,
                "extras": 0,
                "total": 1
              }
            }
          ]
        },
        {
          "over": 18,
          "deliveries": [
            {
              "batter": "B Doggett",
              "bowler": "DR Sams",
              "non_striker": "JJ Peirson",
              "runs": {
                "batter": 0,
                "extras": 0,
                "total": 0
              },
              "wickets": [
                {
                  "kind": "caught",
                  "player_out": "B Doggett",
                  "fielders": [
                    {
                      "name": "JD Cook"
                    }
                  ]
                }
              ]
            },
            {
              "batter": "JJ Peirson",
              "bowler": "DR Sams",
              "non_striker": "MJ Swepson",
              "runs": {
                "batter": 1,
                "extras": 0,
                "total": 1
              }
            },
            {
              "batter": "MJ Swepson",
              "bowler": "DR Sams",
              "non_striker": "JJ Peirson",
              "runs": {
                "batter": 0,
                "extras": 0,
                "total": 0
              }
            },
            {
              "batter": "MJ Swepson",
              "bowler": "DR Sams",
              "non_striker": "JJ Peirson",
              "runs": {
                "batter": 4,
                "extras": 0,
                "total": 4
              }
            },
            {
              "batter": "MJ Swepson",
              "bowler": "DR Sams",
              "extras": {
                "wides": 1
              },
              "non_striker": "JJ Peirson",
              "runs": {
                "batter": 0,
                "extras": 1,
                "total": 1
              }
            },
            {
              "batter": "MJ Swepson",
              "bowler": "DR Sams",
              "non_striker": "JJ Peirson",
              "runs": {
                "batter": 1,
                "extras": 0,
                "total": 1
              }
            },
            {
              "batter": "JJ Peirson",
              "bowler": "DR Sams",
              "non_striker": "MJ Swepson",
              "runs": {
                "batter": 4,
                "extras": 0,
                "total": 4
              }
            }
          ]
        },
        {
          "over": 19,
          "deliveries": [
            {
              "batter": "MJ Swepson",
              "bowler": "GS Sandhu",
              "non_striker": "JJ Peirson",
              "runs": {
                "batter": 0,
                "extras": 0,
                "total": 0
              }
            },
            {
              "batter": "MJ Swepson",
              "bowler": "GS Sandhu",
              "non_striker": "JJ Peirson",
              "runs": {
                "batter": 1,
                "extras": 0,
                "total": 1
              }
            },
            {
              "batter": "JJ Peirson",
              "bowler": "GS Sandhu",
              "non_striker": "MJ Swepson",
              "runs": {
                "batter": 4,
                "extras": 0,
                "total": 4
              }
            },
            {
              "batter": "JJ Peirson",
              "bowler": "GS Sandhu",
              "non_striker": "MJ Swepson",
              "runs": {
                "batter": 1,
                "extras": 0,
                "total": 1
              }
            },
            {
              "batter": "MJ Swepson",
              "bowler": "GS Sandhu",
              "non_striker": "JJ Peirson",
              "runs": {
                "batter": 2,
                "extras": 0,
                "total": 2
              }
            },
            {
              "batter": "MJ Swepson",
              "bowler": "GS Sandhu",
              "non_striker": "JJ Peirson",
              "runs": {
                "batter": 1,
                "extras": 0,
                "total": 1
              }
            }
          ]
        }
      ],
      "powerplays": [
        {
          "from": 0.1,
          "to": 5.7,
          "type": "mandatory"
        }
      ]
    },
    {
      "team": "Sydney Thunder",
      "overs": [
        {
          "over": 0,
          "deliveries": [
            {
              "batter": "JC Buttler",
              "bowler": "Mujeeb Ur Rahman",
              "non_striker": "SR Watson",
              "runs": {
                "batter": 4,
                "extras": 0,
                "total": 4
              }
            },
            {
              "batter": "JC Buttler",
              "bowler": "Mujeeb Ur Rahman",
              "non_striker": "SR Watson",
              "runs": {
                "batter": 0,
                "extras": 0,
                "total": 0
              }
            },
            {
              "batter": "JC Buttler",
              "bowler": "Mujeeb Ur Rahman",
              "non_striker": "SR Watson",
              "runs": {
                "batter": 0,
                "extras": 0,
                "total": 0
              }
            },
            {
              "batter": "JC Buttler",
              "bowler": "Mujeeb Ur Rahman",
              "non_striker": "SR Watson",
              "runs": {
                "batter": 1,
                "extras": 0,
                "total": 1
              }
            },
            {
              "batter": "SR Watson",
              "bowler": "Mujeeb Ur Rahman",
              "non_striker": "JC Buttler",
              "runs": {
                "batter": 0,
                "extras": 0,
                "total": 0
              }
            },
            {
              "batter": "SR Watson",
              "bowler": "Mujeeb Ur Rahman",
              "non_striker": "JC Buttler",
              "runs": {
                "batter": 0,
                "extras": 0,
                "total": 0
              }
            }
          ]
        },
        {
          "over": 1,
          "deliveries": [
            {
              "batter": "JC Buttler",
              "bowler": "JL Pattinson",
              "non_striker": "SR Watson",
              "runs": {
                "batter": 0,
                "extras": 0,
                "total": 0
              }
            },
            {
              "batter": "JC Buttler",
              "bowler": "JL Pattinson",
              "non_striker": "SR Watson",
              "runs": {
                "batter": 0,
                "extras": 0,
                "total": 0
              }
            },
            {
              "batter": "JC Buttler",
              "bowler": "JL Pattinson",
              "non_striker": "SR Watson",
              "runs": {
                "batter": 0,
                "extras": 0,
                "total": 0
              },
              "wickets": [
                {
                  "kind": "lbw",
                  "player_out": "JC Buttler"
                }
              ]
            },
            {
              "batter": "CJ Ferguson",
              "bowler": "JL Pattinson",
              "non_striker": "SR Watson",
              "runs": {
                "batter": 1,
                "extras": 0,
                "total": 1
              }
            },
            {
              "batter": "SR Watson",
              "bowler": "JL Pattinson",
              "non_striker": "CJ Ferguson",
              "runs": {
                "batter": 0,
                "extras": 0,
                "total": 0
              }
            },
            {
              "batter": "SR Watson",
              "bowler": "JL Pattinson",
              "non_striker": "CJ Ferguson",
              "runs": {
                "batter": 0,
                "extras": 0,
                "total": 0
              }
            }
          ]
        },
        {
          "over": 2,
          "deliveries": [
            {
              "batter": "CJ Ferguson",
              "bowler": "Mujeeb Ur Rahman",
              "non_striker": "SR Watson",
              "runs": {
                "batter": 0,
                "extras": 0,
                "total": 0
              }
            },
            {
              "batter": "CJ Ferguson",
              "bowler": "Mujeeb Ur Rahman",
              "non_striker": "SR Watson",
              "runs": {
                "batter": 1,
                "extras": 0,
                "total": 1
              }
            },
            {
              "batter": "SR Watson",
              "bowler": "Mujeeb Ur Rahman",
              "non_striker": "CJ Ferguson",
              "runs": {
                "batter": 1,
                "extras": 0,
                "total": 1
              }
            },
            {
              "batter": "CJ Ferguson",
              "bowler": "Mujeeb Ur Rahman",
              "non_striker": "SR Watson",
              "runs": {
                "batter": 6,
                "extras": 0,
                "total": 6
              }
            },
            {
              "batter": "CJ Ferguson",
              "bowler": "Mujeeb Ur Rahman",
              "non_striker": "SR Watson",
              "runs": {
                "batter": 1,
                "extras": 0,
                "total": 1
              }
            },
            {
              "batter": "SR Watson",
              "bowler": "Mujeeb Ur Rahman",
              "non_striker": "CJ Ferguson",
              "runs": {
                "batter": 0,
                "extras": 0,
                "total": 0
              }
            }
          ]
        },
        {
          "over": 3,
          "deliveries": [
            {
              "batter": "CJ Ferguson",
              "bowler": "JL Pattinson",
              "non_striker": "SR Watson",
              "runs": {
                "batter": 0,
                "extras": 0,
                "total": 0
              }
            },
            {
              "batter": "CJ Ferguson",
              "bowler": "JL Pattinson",
              "non_striker": "SR Watson",
              "runs": {
                "batter": 1,
                "extras": 0,
                "total": 1
              }
            },
            {
              "batter": "SR Watson",
              "bowler": "JL Pattinson",
              "non_striker": "CJ Ferguson",
              "runs": {
                "batter": 2,
                "extras": 0,
                "total": 2
              }
            },
            {
              "batter": "SR Watson",
              "bowler": "JL Pattinson",
              "non_striker": "CJ Ferguson",
              "runs": {
                "batter": 1,
                "extras": 0,
                "total": 1
              }
            },
            {
              "batter": "CJ Ferguson",
              "bowler": "JL Pattinson",
              "non_striker": "SR Watson",
              "runs": {
                "batter": 1,
                "extras": 0,
                "total": 1
              }
            },
            {
              "batter": "SR Watson",
              "bowler": "JL Pattinson",
              "non_striker": "CJ Ferguson",
              "runs": {
                "batter": 0,
                "extras": 0,
                "total": 0
              }
            }
          ]
        },
        {
          "over": 4,
          "deliveries": [
            {
              "batter": "CJ Ferguson",
              "bowler": "B Doggett",
              "non_striker": "SR Watson",
              "runs": {
                "batter": 0,
                "extras": 0,
                "total": 0
              }
            },
            {
              "batter": "CJ Ferguson",
              "bowler": "B Doggett",
              "non_striker": "SR Watson",
              "runs": {
                "batter": 1,
                "extras": 0,
                "total": 1
              }
            },
            {
              "batter": "SR Watson",
              "bowler": "B Doggett",
              "non_striker": "CJ Ferguson",
              "runs": {
                "batter": 2,
                "extras": 0,
                "total": 2
              }
            },
            {
              "batter": "SR Watson",
              "bowler": "B Doggett",
              "non_striker": "CJ Ferguson",
              "runs": {
                "batter": 1,
                "extras": 0,
                "total": 1
              }
            },
            {
              "batter": "CJ Ferguson",
              "bowler": "B Doggett",
              "non_striker": "SR Watson",
              "runs": {
                "batter": 4,
                "extras": 0,
                "total": 4
              }
            },
            {
              "batter": "CJ Ferguson",
              "bowler": "B Doggett",
              "non_striker": "SR Watson",
              "runs": {
                "batter": 0,
                "extras": 0,
                "total": 0
              },
              "wickets": [
                {
                  "kind": "caught",
                  "player_out": "CJ Ferguson",
                  "fielders": [
                    {
                      "name": "M Bryant"
                    }
                  ]
                }
              ]
            }
          ]
        },
        {
          "over": 5,
          "deliveries": [
            {
              "batter": "SR Watson",
              "bowler": "Mujeeb Ur Rahman",
              "non_striker": "JE Root",
              "runs": {
                "batter": 0,
                "extras": 0,
                "total": 0
              }
            },
            {
              "batter": "SR Watson",
              "bowler": "Mujeeb Ur Rahman",
              "non_striker": "JE Root",
              "runs": {
                "batter": 0,
                "extras": 0,
                "total": 0
              }
            },
            {
              "batter": "SR Watson",
              "bowler": "Mujeeb Ur Rahman",
              "non_striker": "JE Root",
              "runs": {
                "batter": 6,
                "extras": 0,
                "total": 6
              }
            }
          ]
        }
      ],
      "powerplays": [
        {
          "from": 0.1,
          "to": 5.3,
          "type": "mandatory"
        }
      ],
      "target": {
        "overs": 5.3,
        "runs": 50
      }
    }
  ]
}