{
  "meta": {
    "data_version": "1.0.0",
    "created": "2019-04-22",
    "revision": 1
  },
  "info": {
    "balls_per_over": 6,
    "city": "Carrara",
    "dates": [
      "2018-12-22"
    ],
    "event": {
      "name": "Big Bash League",
      "match_number": 5
    },
    "gender": "male",
    "match_type": "T20",
    "officials": {
      "match_referees": [
        "D Talalla"
      ],
      "reserve_umpires": [
        "D Taylor"
      ],
      "tv_umpires": [
        "DM Koch"
      ],
      "umpires": [
        "PJ Gillespie",
        "JD Ward"
      ]
    },
    "outcome": {
      "winner": "Hobart Hurricanes",
      "by": {
        "runs": 15
      }
    },
    "overs": 20,
    "player_of_match": [
      "DJM Short"
    ],
    "players": {
      "Hobart Hurricanes": [
        "MS Wade",
        "DJM Short",
        "AJ Doolan",
        "BR McDermott",
        "GJ Bailey",
        "S Milenko",
        "JP Faulkner",
        "J Botha",
        "CA Rose",
        "JC Archer",
        "RP Meredith"
      ],
      "Brisbane Heat": [
        "BB McCullum",
        "M Bryant",
        "CA Lynn",
        "JA Burns",
        "SD Heazlett",
        "BCJ Cutting",
        "JJ Peirson",
        "MT Steketee",
        "JK Lalor",
        "MJ Swepson",
        "Mujeeb Ur Rahman"
      ]
    },
    "registry": {
      "people": {
        "AJ Doolan": "36eafb02",
        "BB McCullum": "b8a55852",
        "BCJ Cutting": "2e11c706",
        "BR McDermott": "c41043e6",
        "CA Lynn": "45eda7c8",
        "CA Rose": "7517d134",
        "D Talalla": "dcfe6cdd",
        "D Taylor": "b940a2b2",
        "DJM Short": "1a156c88",
        "DM Koch": "6d10c034",
        "GJ Bailey": "5056011d",
        "J Botha": "7c503806",
        "JA Burns": "7a5f232a",
        "JC Archer": "5574750c",
        "JD Ward": "511299c1",
        "JJ Peirson": "2b55c3b4",
        "JK Lalor": "88209c84",
        "JP Faulkner": "808f425a",
        "M Bryant": "f32012f4",
        "MJ Swepson": "86b4bf88",
        "MS Wade": "afa7e784",
        "MT Steketee": "903560ed",
        "Mujeeb Ur Rahman": "7d92277a",
        "PJ Gillespie": "3e253a50",
        "RP Meredith": "64775749",
        "S Milenko": "479f9b04",
        "SD Heazlett": "e00a9155"
      }
    },
    "season": "2018/19",
    "team_type": "club",
    "teams": [
      "Brisbane Heat",
      "Hobart Hurricanes"
    ],
    "toss": {
      "decision": "field",
      "winner": "Brisbane Heat"
    },
    "venue": "Carrara Oval"
  },
  "innings": [
    {
      "team": "Hobart Hurricanes",
      "overs": [
        {
          "over": 0,
          "deliveries": [
            {
              "batter": "MS Wade",
              "bowler": "JK Lalor",
              "non_striker": "DJM Short",
              "runs": {
                "batter": 0,
                "extras": 0,
                "total": 0
              }
            },
            {
              "batter": "MS Wade",
              "bowler": "JK Lalor",
              "non_striker": "DJM Short",
              "runs": {
                "batter": 1,
                "extras": 0,
                "total": 1
              }
            },
            {
              "batter": "DJM Short",
              "bowler": "JK Lalor",
              "non_striker": "MS Wade",
              "runs": {
                "batter": 0,
                "extras": 0,
                "total": 0
              }
            },
            {
              "batter": "DJM Short",
              "bowler": "JK Lalor",
              "non_striker": "MS Wade",
              "runs": {
                "batter": 2,
                "extras": 0,
                "total": 2
              }
            },
            {
              "batter": "DJM Short",
              "bowler": "JK Lalor",
              "non_striker": "MS Wade",
              "runs": {
                "batter": 0,
                "extras": 0,
                "total": 0
              }
            },
            {
              "batter": "DJM Short",
              "bowler": "JK Lalor",
              "non_striker": "MS Wade",
              "runs": {
                "batter": 1,
                "extras": 0,
                "total": 1
              }
            }
          ]
        },
        {
          "over": 1,
          "deliveries": [
            {
              "batter": "DJM Short",
              "bowler": "Mujeeb Ur Rahman",
              "non_striker": "MS Wade",
              "runs": {
                "batter": 0,
                "extras": 0,
                "total": 0
              }
            },
            {
              "batter": "DJM Short",
              "bowler": "Mujeeb Ur Rahman",
              "non_striker": "MS Wade",
              "runs": {
                "batter": 1,
                "extras": 0,
                "total": 1
              }
            },
            {
              "batter": "MS Wade",
              "bowler": "Mujeeb Ur Rahman",
              "non_striker": "DJM Short",
              "runs": {
                "batter": 0,
                "extras": 0,
                "total": 0
              }
            },
            {
              "batter": "MS Wade",
              "bowler": "Mujeeb Ur Rahman",
              "non_striker": "DJM Short",
              "runs": {
                "batter": 3,
                "extras": 0,
                "total": 3
              }
            },
            {
              "batter": "DJM Short",
              "bowler": "Mujeeb Ur Rahman",
              "non_striker": "MS Wade",
              "runs": {
                "batter": 1,
                "extras": 0,
                "total": 1
              }
            },
            {
              "batter": "MS Wade",
              "bowler": "Mujeeb Ur Rahman",
              "non_striker": "DJM Short",
              "runs": {
                "batter": 0,
                "extras": 0,
                "total": 0
              }
            }
          ]
        },
        {
          "over": 2,
          "deliveries": [
            {
              "batter": "DJM Short",
              "bowler": "JK Lalor",
              "non_striker": "MS Wade",
              "runs": {
                "batter": 4,
                "extras": 0,
                "total": 4
              }
            },
            {
              "batter": "DJM Short",
              "bowler": "JK Lalor",
              "non_striker": "MS Wade",
              "runs": {
                "batter": 0,
                "extras": 0,
                "total": 0
              }
            },
            {
              "batter": "DJM Short",
              "bowler": "JK Lalor",
              "non_striker": "MS Wade",
              "runs": {
                "batter": 0,
                "extras": 0,
                "total": 0
              }
            },
            {
              "batter": "DJM Short",
              "bowler": "JK Lalor",
              "non_striker": "MS Wade",
              "runs": {
                "batter": 0,
                "extras": 0,
                "total": 0
              }
            },
            {
              "batter": "DJM Short",
              "bowler": "JK Lalor",
              "non_striker": "MS Wade",
              "runs": {
                "batter": 6,
                "extras": 0,
                "total": 6
              }
            },
            {
              "batter": "DJM Short",
              "bowler": "JK Lalor",
              "non_striker": "MS Wade",
              "runs": {
                "batter": 4,
                "extras": 0,
                "total": 4
              }
            }
          ]
        },
        {
          "over": 3,
          "deliveries": [
            {
              "batter": "MS Wade",
              "bowler": "Mujeeb Ur Rahman",
              "non_striker": "DJM Short",
              "runs": {
                "batter": 0,
                "extras": 0,
                "total": 0
              }
            },
            {
              "batter": "MS Wade",
              "bowler": "Mujeeb Ur Rahman",
              "non_striker": "DJM Short",
              "runs": {
                "batter": 1,
                "extras": 0,
                "total": 1
              }
            },
            {
              "batter": "DJM Short",
              "bowler": "Mujeeb Ur Rahman",
              "non_striker": "MS Wade",
              "runs": {
                "batter": 0,
                "extras": 0,
                "total": 0
              }
            },
            {
              "batter": "DJM Short",
              "bowler": "Mujeeb Ur Rahman",
              "non_striker": "MS Wade",
              "runs": {
                "batter": 1,
                "extras": 0,
                "total": 1
              }
            },
            {
              "batter": "MS Wade",
              "bowler": "Mujeeb Ur Rahman",
              "non_striker": "DJM Short",
              "runs": {
                "batter": 0,
                "extras": 0,
                "total": 0
              },
              "wickets": [
                {
                  "kind": "caught",
                  "player_out": "MS Wade",
                  "fielders": [
                    {
                      "name": "BCJ Cutting"
                    }
                  ]
                }
              ]
            },
            {
              "batter": "AJ Doolan",
              "bowler": "Mujeeb Ur Rahman",
              "non_striker": "DJM Short",
              "runs": {
                "batter": 0,
                "extras": 0,
                "total": 0
              }
            }
          ]
        },
        {
          "over": 4,
          "deliveries": [
            {
              "batter": "DJM Short",
              "bowler": "MT Steketee",
              "non_striker": "AJ Doolan",
              "runs": {
                "batter": 1,
                "extras": 0,
                "total": 1
              }
            },
            {
              "batter": "AJ Doolan",
              "bowler": "MT Steketee",
              "non_striker": "DJM Short",
              "runs": {
                "batter": 1,
                "extras": 0,
                "total": 1
              }
            },
            {
              "batter": "DJM Short",
              "bowler": "MT Steketee",
              "non_striker": "AJ Doolan",
              "runs": {
                "batter": 0,
                "extras": 0,
                "total": 0
              }
            },
            {
              "batter": "DJM Short",
              "bowler": "MT Steketee",
              "non_striker": "AJ Doolan",
              "runs": {
                "batter": 6,
                "extras": 0,
                "total": 6
              }
            },
            {
              "batter": "DJM Short",
              "bowler": "MT Steketee",
              "extras": {
                "wides": 1
              },
              "non_striker": "AJ Doolan",
              "runs": {
                "batter": 0,
                "extras": 1,
                "total": 1
              }
            },
            {
              "batter": "DJM Short",
              "bowler": "MT Steketee",
              "non_striker": "AJ Doolan",
              "runs": {
                "batter": 3,
                "extras": 0,
                "total": 3
              }
            },
            {
              "batter": "AJ Doolan",
              "bowler": "MT Steketee",
              "non_striker": "DJM Short",
              "runs": {
                "batter": 0,
                "extras": 0,
                "total": 0
              }
            }
          ]
        },
        {
          "over": 5,
          "deliveries": [
            {
              "batter": "DJM Short",
              "bowler": "Mujeeb Ur Rahman",
              "non_striker": "AJ Doolan",
              "runs": {
                "batter": 1,
                "extras": 0,
                "total": 1
              }
            },
            {
              "batter": "AJ Doolan",
              "bowler": "Mujeeb Ur Rahman",
              "non_striker": "DJM Short",
              "runs": {
                "batter": 0,
                "extras": 0,
                "total": 0
              }
            },
            {
              "batter": "AJ Doolan",
              "bowler": "Mujeeb Ur Rahman",
              "non_striker": "DJM Short",
              "runs": {
                "batter": 4,
                "extras": 0,
                "total": 4
              }
            },
            {
              "batter": "AJ Doolan",
              "bowler": "Mujeeb Ur Rahman",
              "non_striker": "DJM Short",
              "runs": {
                "batter": 0,
                "extras": 0,
                "total": 0
              },
              "wickets": [
                {
                  "kind": "bowled",
                  "player_out": "AJ Doolan"
                }
              ]
            },
            {
              "batter": "BR McDermott",
              "bowler": "Mujeeb Ur Rahman",
              "extras": {
                "legbyes": 1
              },
              "non_striker": "DJM Short",
              "runs": {
                "batter": 0,
                "extras": 1,
                "total": 1
              }
            },
            {
              "batter": "DJM Short",
              "bowler": "Mujeeb Ur Rahman",
              "non_striker": "BR McDermott",
              "runs": {
                "batter": 0,
                "extras": 0,
                "total": 0
              }
            }
          ]
        },
        {
          "over": 6,
          "deliveries": [
            {
              "batter": "BR McDermott",
              "bowler": "MJ Swepson",
              "non_striker": "DJM Short",
              "runs": {
                "batter": 1,
                "extras": 0,
                "total": 1
              }
            },
            {
              "batter": "DJM Short",
              "bowler": "MJ Swepson",
              "non_striker": "BR McDermott",
              "runs": {
                "batter": 0,
                "extras": 0,
                "total": 0
              }
            },
            {
              "batter": "DJM Short",
              "bowler": "MJ Swepson",
              "non_striker": "BR McDermott",
              "runs": {
                "batter": 1,
                "extras": 0,
                "total": 1
              }
            },
            {
              "batter": "BR McDermott",
              "bowler": "MJ Swepson",
              "non_striker": "DJM Short",
              "runs": {
                "batter": 0,
                "extras": 0,
                "total": 0
              }
            },
            {
              "batter": "BR McDermott",
              "bowler": "MJ Swepson",
              "non_striker": "DJM Short",
              "runs": {
                "batter": 6,
                "extras": 0,
                "total": 6
              }
            },
            {
              "batter": "BR McDermott",
              "bowler": "MJ Swepson",
              "non_striker": "DJM Short",
              "runs": {
                "batter": 0,
                "extras": 0,
                "total": 0
              }
            }
          ]
        },
        {
          "over": 7,
          "deliveries": [
            {
              "batter": "DJM Short",
              "bowler": "BCJ Cutting",
              "non_striker": "BR McDermott",
              "runs": {
                "batter": 1,
                "extras": 0,
                "total": 1
              }
            },
            {
              "batter": "BR McDermott",
              "bowler": "BCJ Cutting",
              "non_striker": "DJM Short",
              "runs": {
                "batter": 1,
                "extras": 0,
                "total": 1
              }
            },
            {
              "batter": "DJM Short",
              "bowler": "BCJ Cutting",
              "non_striker": "BR McDermott",
              "runs": {
                "batter": 1,
                "extras": 0,
                "total": 1
              }
            },
            {
              "batter": "BR McDermott",
              "bowler": "BCJ Cutting",
              "non_striker": "DJM Short",
              "runs": {
                "batter": 0,
                "extras": 0,
                "total": 0
              }
            },
            {
              "batter": "BR McDermott",
              "bowler": "BCJ Cutting",
              "non_striker": "DJM Short",
              "runs": {
                "batter": 1,
                "extras": 0,
                "total": 1
              }
            },
            {
              "batter": "DJM Short",
              "bowler": "BCJ Cutting",
              "non_striker": "BR McDermott",
              "runs": {
                "batter": 0,
                "extras": 0,
                "total": 0
              }
            }
          ]
        },
        {
          "over": 8,
          "deliveries": [
            {
              "batter": "BR McDermott",
              "bowler": "MJ Swepson",
              "non_striker": "DJM Short",
              "runs": {
                "batter": 1,
                "extras": 0,
                "total": 1
              }
            },
            {
              "batter": "DJM Short",
              "bowler": "MJ Swepson",
              "non_striker": "BR McDermott",
              "runs": {
                "batter": 1,
                "extras": 0,
                "total": 1
              }
            },
            {
              "batter": "BR McDermott",
              "bowler": "MJ Swepson",
              "non_striker": "DJM Short",
              "runs": {
                "batter": 1,
                "extras": 0,
                "total": 1
              }
            },
            {
              "batter": "DJM Short",
              "bowler": "MJ Swepson",
              "non_striker": "BR McDermott",
              "runs": {
                "batter": 0,
                "extras": 0,
                "total": 0
              }
            },
            {
              "batter": "DJM Short",
              "bowler": "MJ Swepson",
              "non_striker": "BR McDermott",
              "runs": {
                "batter": 2,
                "extras": 0,
                "total": 2
              }
            },
            {
              "batter": "DJM Short",
              "bowler": "MJ Swepson",
              "non_striker": "BR McDermott",
              "runs": {
                "batter": 1,
                "extras": 0,
                "total": 1
              }
            }
          ]
        },
        {
          "over": 9,
          "deliveries": [
            {
              "batter": "DJM Short",
              "bowler": "MT Steketee",
              "non_striker": "BR McDermott",
              "runs": {
                "batter": 0,
                "extras": 0,
                "total": 0
              }
            },
            {
              "batter": "DJM Short",
              "bowler": "MT Steketee",
              "non_striker": "BR McDermott",
              "runs": {
                "batter": 1,
                "extras": 0,
                "total": 1
              }
            },
            {
              "batter": "BR McDermott",
              "bowler": "MT Steketee",
              "non_striker": "DJM Short",
              "runs": {
                "batter": 1,
                "extras": 0,
                "total": 1
              }
            },
            {
              "batter": "DJM Short",
              "bowler": "MT Steketee",
              "non_striker": "BR McDermott",
              "runs": {
                "batter": 0,
                "extras": 0,
                "total": 0
              }
            },
            {
              "batter": "DJM Short",
              "bowler": "MT Steketee",
              "non_striker": "BR McDermott",
              "runs": {
                "batter": 0,
                "extras": 0,
                "total": 0
              }
            },
            {
              "batter": "DJM Short",
              "bowler": "MT Steketee",
              "non_striker": "BR McDermott",
              "runs": {
                "batter": 4,
                "extras": 0,
                "total": 4
              }
            }
          ]
        },
        {
          "over": 10,
          "deliveries": [
            {
              "batter": "BR McDermott",
              "bowler": "MJ Swepson",
              "non_striker": "DJM Short",
              "runs": {
                "batter": 6,
                "extras": 0,
                "total": 6
              }
            },
            {
              "batter": "BR McDermott",
              "bowler": "MJ Swepson",
              "non_striker": "DJM Short",
              "runs": {
                "batter": 1,
                "extras": 0,
                "total": 1
              }
            },
            {
              "batter": "DJM Short",
              "bowler": "MJ Swepson",
              "non_striker": "BR McDermott",
              "runs": {
                "batter": 4,
                "extras": 0,
                "total": 4
              }
            },
            {
              "batter": "DJM Short",
              "bowler": "MJ Swepson",
              "non_striker": "BR McDermott",
              "runs": {
                "batter": 1,
                "extras": 0,
                "total": 1
              }
            },
            {
              "batter": "BR McDermott",
              "bowler": "MJ Swepson",
              "non_striker": "DJM Short",
              "runs": {
                "batter": 1,
                "extras": 0,
                "total": 1
              }
            },
            {
              "batter": "DJM Short",
              "bowler": "MJ Swepson",
              "non_striker": "BR McDermott",
              "runs": {
                "batter": 1,
                "extras": 0,
                "total": 1
              }
            }
          ]
        },
        {
          "over": 11,
          "deliveries": [
            {
              "batter": "DJM Short",
              "bowler": "BCJ Cutting",
              "non_striker": "BR McDermott",
              "runs": {
                "batter": 1,
                "extras": 0,
                "total": 1
              }
            },
            {
              "batter": "BR McDermott",
              "bowler": "BCJ Cutting",
              "non_striker": "DJM Short",
              "runs": {
                "batter": 4,
                "extras": 0,
                "total": 4
              }
            },
            {
              "batter": "BR McDermott",
              "bowler": "BCJ Cutting",
              "non_striker": "DJM Short",
              "runs": {
                "batter": 1,
                "extras": 0,
                "total": 1
              }
            },
            {
              "batter": "DJM Short",
              "bowler": "BCJ Cutting",
              "extras": {
                "wides": 1
              },
              "non_striker": "BR McDermott",
              "runs": {
                "batter": 0,
                "extras": 1,
                "total": 1
              }
            },
            {
              "batter": "DJM Short",
              "bowler": "BCJ Cutting",
              "non_striker": "BR McDermott",
              "runs": {
                "batter": 0,
                "extras": 0,
                "total": 0
              }
            },
            {
              "batter": "DJM Short",
              "bowler": "BCJ Cutting",
              "non_striker": "BR McDermott",
              "runs": {
                "batter": 0,
                "extras": 0,
                "total": 0
              }
            },
            {
              "batter": "DJM Short",
              "bowler": "BCJ Cutting",
              "non_striker": "BR McDermott",
              "runs": {
                "batter": 1,
                "extras": 0,
                "total": 1
              }
            }
          ]
        },
        {
          "over": 12,
          "deliveries": [
            {
              "batter": "DJM Short",
              "bowler": "MJ Swepson",
              "non_striker": "BR McDermott",
              "runs": {
                "batter": 6,
                "extras": 0,
                "total": 6
              }
            },
            {
              "batter": "DJM Short",
              "bowler": "MJ Swepson",
              "non_striker": "BR McDermott",
              "runs": {
                "batter": 6,
                "extras": 0,
                "total": 6
              }
            },
            {
              "batter": "DJM Short",
              "bowler": "MJ Swepson",
              "non_striker": "BR McDermott",
              "runs": {
                "batter": 0,
                "extras": 0,
                "total": 0
              },
              "wickets": [
                {
                  "kind": "run out",
                  "player_out": "BR McDermott"
                }
              ]
            },
            {
              "batter": "GJ Bailey",
              "bowler": "MJ Swepson",
              "non_striker": "DJM Short",
              "runs": {
                "batter": 1,
                "extras": 0,
                "total": 1
              }
            },
            {
              "batter": "DJM Short",
              "bowler": "MJ Swepson",
              "non_striker": "GJ Bailey",
              "runs": {
                "batter": 0,
                "extras": 0,
                "total": 0
              }
            },
            {
              "batter": "DJM Short",
              "bowler": "MJ Swepson",
              "non_striker": "GJ Bailey",
              "runs": {
                "batter": 2,
                "extras": 0,
                "total": 2
              }
            }
          ]
        },
        {
          "over": 13,
          "deliveries": [
            {
              "batter": "GJ Bailey",
              "bowler": "Mujeeb Ur Rahman",
              "non_striker": "DJM Short",
              "runs": {
                "batter": 1,
                "extras": 0,
                "total": 1
              }
            },
            {
              "batter": "DJM Short",
              "bowler": "Mujeeb Ur Rahman",
              "non_striker": "GJ Bailey",
              "runs": {
                "batter": 0,
                "extras": 0,
                "total": 0
              }
            },
            {
              "batter": "DJM Short",
              "bowler": "Mujeeb Ur Rahman",
              "non_striker": "GJ Bailey",
              "runs": {
                "batter": 0,
                "extras": 0,
                "total": 0
              }
            },
            {
              "batter": "DJM Short",
              "bowler": "Mujeeb Ur Rahman",
              "non_striker": "GJ Bailey",
              "runs": {
                "batter": 1,
                "extras": 0,
                "total": 1
              }
            },
            {
              "batter": "GJ Bailey",
              "bowler": "Mujeeb Ur Rahman",
              "non_striker": "DJM Short",
              "runs": {
                "batter": 3,
                "extras": 0,
                "total": 3
              }
            },
            {
              "batter": "DJM Short",
              "bowler": "Mujeeb Ur Rahman",
              "extras": {
                "wides": 5
              },
              "non_striker": "GJ Bailey",
              "runs": {
                "batter": 0,
                "extras": 5,
                "total": 5
              }
            },
            {
              "batter": "DJM Short",
              "bowler": "Mujeeb Ur Rahman",
              "non_striker": "GJ Bailey",
              "runs": {
                "batter": 1,
                "extras": 0,
                "total": 1
              }
            }
          ]
        },
        {
          "over": 14,
          "deliveries": [
            {
              "batter": "DJM Short",
              "bowler": "MT Steketee",
              "non_striker": "GJ Bailey",
              "runs": {
                "batter": 0,
                "extras": 0,
                "total": 0
              },
              "wickets": [
                {
                  "kind": "caught",
                  "player_out": "DJM Short",
                  "fielders": [
                    {
                      "name": "BCJ Cutting"
                    }
                  ]
                }
              ]
            },
            {
              "batter": "S Milenko",
              "bowler": "MT Steketee",
              "non_striker": "GJ Bailey",
              "runs": {
                "batter": 1,
                "extras": 0,
                "total": 1
              }
            },
            {
              "batter": "GJ Bailey",
              "bowler": "MT Steketee",
              "non_striker": "S Milenko",
              "runs": {
                "batter": 1,
                "extras": 0,
                "total": 1
              }
            },
            {
              "batter": "S Milenko",
              "bowler": "MT Steketee",
              "non_striker": "GJ Bailey",
              "runs": {
                "batter": 1,
                "extras": 0,
                "total": 1
              }
            },
            {
              "batter": "GJ Bailey",
              "bowler": "MT Steketee",
              "non_striker": "S Milenko",
              "runs": {
                "batter": 1,
                "extras": 0,
                "total": 1
              }
            },
            {
              "batter": "S Milenko",
              "bowler": "MT Steketee",
              "non_striker": "GJ Bailey",
              "runs": {
                "batter": 0,
                "extras": 0,
                "total": 0
              }
            }
          ]
        },
        {
          "over": 15,
          "deliveries": [
            {
              "batter": "GJ Bailey",
              "bowler": "BCJ Cutting",
              "non_striker": "S Milenko",
              "runs": {
                "batter": 1,
                "extras": 0,
                "total": 1
              }
            },
            {
              "batter": "S Milenko",
              "bowler": "BCJ Cutting",
              "non_striker": "GJ Bailey",
              "runs": {
                "batter": 0,
                "extras": 0,
                "total": 0
              }
            },
            {
              "batter": "S Milenko",
              "bowler": "BCJ Cutting",
              "non_striker": "GJ Bailey",
              "runs": {
                "batter": 1,
                "extras": 0,
                "total": 1
              }
            },
            {
              "batter": "GJ Bailey",
              "bowler": "BCJ Cutting",
              "non_striker": "S Milenko",
              "runs": {
                "batter": 4,
                "extras": 0,
                "total": 4
              }
            },
            {
              "batter": "GJ Bailey",
              "bowler": "BCJ Cutting",
              "non_striker": "S Milenko",
              "runs": {
                "batter": 1,
                "extras": 0,
                "total": 1
              }
            },
            {
              "batter": "S Milenko",
              "bowler": "BCJ Cutting",
              "non_striker": "GJ Bailey",
              "runs": {
                "batter": 0,
                "extras": 0,
                "total": 0
              }
            }
          ]
        },
        {
          "over": 16,
          "deliveries": [
            {
              "batter": "GJ Bailey",
              "bowler": "JK Lalor",
              "non_striker": "S Milenko",
              "runs": {
                "batter": 1,
                "extras": 0,
                "total": 1
              }
            },
            {
              "batter": "S Milenko",
              "bowler": "JK Lalor",
              "non_striker": "GJ Bailey",
              "runs": {
                "batter": 1,
                "extras": 0,
                "total": 1
              }
            },
            {
              "batter": "GJ Bailey",
              "bowler": "JK Lalor",
              "non_striker": "S Milenko",
              "runs": {
                "batter": 4,
                "extras": 0,
                "total": 4
              }
            },
            {
              "batter": "GJ Bailey",
              "bowler": "JK Lalor",
              "non_striker": "S Milenko",
              "runs": {
                "batter": 4,
                "extras": 0,
                "total": 4
              }
            },
            {
              "batter": "GJ Bailey",
              "bowler": "JK Lalor",
              "non_striker": "S Milenko",
              "runs": {
                "batter": 0,
                "extras": 0,
                "total": 0
              },
              "wickets": [
                {
                  "kind": "caught",
                  "player_out": "GJ Bailey",
                  "fielders": [
                    {
                      "name": "SD Heazlett"
                    }
                  ]
                }
              ]
            },
            {
              "batter": "S Milenko",
              "bowler": "JK Lalor",
              "extras": {
                "wides": 1
              },
              "non_striker": "JP Faulkner",
              "runs": {
                "batter": 0,
                "extras": 1,
                "total": 1
              }
            },
            {
              "batter": "S Milenko",
              "bowler": "JK Lalor",
              "non_striker": "JP Faulkner",
              "runs": {
                "batter": 0,
                "extras": 0,
                "total": 0
              }
            }
          ]
        },
        {
          "over": 17,
          "deliveries": [
            {
              "batter": "JP Faulkner",
              "bowler": "BCJ Cutting",
              "non_striker": "S Milenko",
              "runs": {
                "batter": 0,
                "extras": 0,
                "total": 0
              }
            },
            {
              "batter": "JP Faulkner",
              "bowler": "BCJ Cutting",
              "extras": {
                "wides": 1
              },
              "non_striker": "S Milenko",
              "runs": {
                "batter": 0,
                "extras": 1,
                "total": 1
              }
            },
            {
              "batter": "JP Faulkner",
              "bowler": "BCJ Cutting",
              "non_striker": "S Milenko",
              "runs": {
                "batter": 0,
                "extras": 0,
                "total": 0
              }
            },
            {
              "batter": "JP Faulkner",
              "bowler": "BCJ Cutting",
              "non_striker": "S Milenko",
              "runs": {
                "batter": 1,
                "extras": 0,
                "total": 1
              }
            },
            {
              "batter": "S Milenko",
              "bowler": "BCJ Cutting",
              "extras": {
                "noballs": 1
              },
              "non_striker": "JP Faulkner",
              "runs": {
                "batter": 0,
                "extras": 1,
                "total": 1
              }
            },
            {
              "batter": "S Milenko",
              "bowler": "BCJ Cutting",
              "extras": {
                "wides": 1
              },
              "non_striker": "JP Faulkner",
              "runs": {
                "batter": 0,
                "extras": 1,
                "total": 1
              }
            },
            {
              "batter": "S Milenko",
              "bowler": "BCJ Cutting",
              "non_striker": "JP Faulkner",
              "runs": {
                "batter": 1,
                "extras": 0,
                "total": 1
              }
            },
            {
              "batter": "JP Faulkner",
              "bowler": "BCJ Cutting",
              "non_striker": "S Milenko",
              "runs": {
                "batter": 2,
                "extras": 0,
                "total": 2
              }
            },
            {
              "batter": "JP Faulkner",
              "bowler": "BCJ Cutting",
              "non_striker": "S Milenko",
              "runs": {
                "batter": 1,
                "extras": 0,
                "total": 1
              }
            }
          ]
        },
        {
          "over": 18,
          "deliveries": [
            {
              "batter": "JP Faulkner",
              "bowler": "MT Steketee",
              "non_striker": "S Milenko",
              "runs": {
                "batter": 0,
                "extras": 0,
                "total": 0
              },
              "wickets": [
                {
                  "kind": "caught",
                  "player_out": "JP Faulkner",
                  "fielders": [
                    {
                      "name": "BCJ Cutting"
                    }
                  ]
                }
              ]
            },
            {
              "batter": "S Milenko",
              "bowler": "MT Steketee",
              "non_striker": "J Botha",
              "runs": {
                "batter": 1,
                "extras": 0,
                "total": 1
              }
            },
            {
              "batter": "J Botha",
              "bowler": "MT Steketee",
              "non_striker": "S Milenko",
              "runs": {
                "batter": 1,
                "extras": 0,
                "total": 1
              }
            },
            {
              "batter": "S Milenko",
              "bowler": "MT Steketee",
              "non_striker": "J Botha",
              "runs": {
                "batter": 6,
                "extras": 0,
                "total": 6
              }
            },
            {
              "batter": "S Milenko",
              "bowler": "MT Steketee",
              "non_striker": "J Botha",
              "runs": {
                "batter": 0,
                "extras": 0,
                "total": 0
              }
            },
            {
              "batter": "S Milenko",
              "bowler": "MT Steketee",
              "non_striker": "J Botha",
              "runs": {
                "batter": 6,
                "extras": 0,
                "total": 6
              }
            }
          ]
        }
      ],
      "powerplays": [
        {
          "from": 0.1,
          "to": 4.7,
          "type": "mandatory"
        }
      ]
    },
    {
      "team": "Brisbane Heat",
      "overs": [
        {
          "over": 0,
          "deliveries": [
            {
              "batter": "BB McCullum",
              "bowler": "JP Faulkner",
              "non_striker": "M Bryant",
              "runs": {
                "batter": 3,
                "extras": 0,
                "total": 3
              }
            },
            {
              "batter": "M Bryant",
              "bowler": "JP Faulkner",
              "non_striker": "BB McCullum",
              "runs": {
                "batter": 0,
                "extras": 0,
                "total": 0
              }
            },
            {
              "batter": "M Bryant",
              "bowler": "JP Faulkner",
              "extras": {
                "wides": 3
              },
              "non_striker": "BB McCullum",
              "runs": {
                "batter": 0,
                "extras": 3,
                "total": 3
              }
            },
            {
              "batter": "M Bryant",
              "bowler": "JP Faulkner",
              "non_striker": "BB McCullum",
              "runs": {
                "batter": 0,
                "extras": 0,
                "total": 0
              }
            },
            {
              "batter": "M Bryant",
              "bowler": "JP Faulkner",
              "extras": {
                "wides": 1
              },
              "non_striker": "BB McCullum",
              "runs": {
                "batter": 0,
                "extras": 1,
                "total": 1
              }
            },
            {
              "batter": "M Bryant",
              "bowler": "JP Faulkner",
              "non_striker": "BB McCullum",
              "runs": {
                "batter": 1,
                "extras": 0,
                "total": 1
              }
            },
            {
              "batter": "BB McCullum",
              "bowler": "JP Faulkner",
              "non_striker": "M Bryant",
              "runs": {
                "batter": 0,
                "extras": 0,
                "total": 0
              }
            },
            {
              "batter": "BB McCullum",
              "bowler": "JP Faulkner",
              "non_striker": "M Bryant",
              "runs": {
                "batter": 1,
                "extras": 0,
                "total": 1
              }
            }
          ]
        },
        {
          "over": 1,
          "deliveries": [
            {
              "batter": "BB McCullum",
              "bowler": "CA Rose",
              "non_striker": "M Bryant",
              "runs": {
                "batter": 0,
                "extras": 0,
                "total": 0
              },
              "wickets": [
                {
                  "kind": "run out",
                  "player_out": "BB McCullum"
                }
              ]
            },
            {
              "batter": "M Bryant",
              "bowler": "CA Rose",
              "non_striker": "CA Lynn",
              "runs": {
                "batter": 6,
                "extras": 0,
                "total": 6
              }
            },
            {
              "batter": "M Bryant",
              "bowler": "CA Rose",
              "non_striker": "CA Lynn",
              "runs": {
                "batter": 4,
                "extras": 0,
                "total": 4
              }
            },
            {
              "batter": "M Bryant",
              "bowler": "CA Rose",
              "non_striker": "CA Lynn",
              "runs": {
                "batter": 0,
                "extras": 0,
                "total": 0
              }
            },
            {
              "batter": "M Bryant",
              "bowler": "CA Rose",
              "non_striker": "CA Lynn",
              "runs": {
                "batter": 4,
                "extras": 0,
                "total": 4
              }
            },
            {
              "batter": "M Bryant",
              "bowler": "CA Rose",
              "non_striker": "CA Lynn",
              "runs": {
                "batter": 4,
                "extras": 0,
                "total": 4
              }
            }
          ]
        },
        {
          "over": 2,
          "deliveries": [
            {
              "batter": "CA Lynn",
              "bowler": "JC Archer",
              "non_striker": "M Bryant",
              "runs": {
                "batter": 0,
                "extras": 0,
                "total": 0
              }
            },
            {
              "batter": "CA Lynn",
              "bowler": "JC Archer",
              "non_striker": "M Bryant",
              "runs": {
                "batter": 0,
                "extras": 0,
                "total": 0
              }
            },
            {
              "batter": "CA Lynn",
              "bowler": "JC Archer",
              "non_striker": "M Bryant",
              "runs": {
                "batter": 0,
                "extras": 0,
                "total": 0
              }
            },
            {
              "batter": "CA Lynn",
              "bowler": "JC Archer",
              "non_striker": "M Bryant",
              "runs": {
                "batter": 0,
                "extras": 0,
                "total": 0
              }
            },
            {
              "batter": "CA Lynn",
              "bowler": "JC Archer",
              "non_striker": "M Bryant",
              "runs": {
                "batter": 4,
                "extras": 0,
                "total": 4
              }
            },
            {
              "batter": "CA Lynn",
              "bowler": "JC Archer",
              "non_striker": "M Bryant",
              "runs": {
                "batter": 0,
                "extras": 0,
                "total": 0
              }
            }
          ]
        },
        {
          "over": 3,
          "deliveries": [
            {
              "batter": "M Bryant",
              "bowler": "JP Faulkner",
              "non_striker": "CA Lynn",
              "runs": {
                "batter": 6,
                "extras": 0,
                "total": 6
              }
            },
            {
              "batter": "M Bryant",
              "bowler": "JP Faulkner",
              "non_striker": "CA Lynn",
              "runs": {
                "batter": 0,
                "extras": 0,
                "total": 0
              }
            },
            {
              "batter": "M Bryant",
              "bowler": "JP Faulkner",
              "non_striker": "CA Lynn",
              "runs": {
                "batter": 0,
                "extras": 0,
                "total": 0
              }
            },
            {
              "batter": "M Bryant",
              "bowler": "JP Faulkner",
              "non_striker": "CA Lynn",
              "runs": {
                "batter": 1,
                "extras": 0,
                "total": 1
              }
            },
            {
              "batter": "CA Lynn",
              "bowler": "JP Faulkner",
              "non_striker": "M Bryant",
              "runs": {
                "batter": 0,
                "extras": 0,
                "total": 0
              }
            },
            {
              "batter": "CA Lynn",
              "bowler": "JP Faulkner",
              "non_striker": "M Bryant",
              "runs": {
                "batter": 0,
                "extras": 0,
                "total": 0
              }
            }
          ]
        },
        {
          "over": 4,
          "deliveries": [
            {
              "batter": "M Bryant",
              "bowler": "J Botha",
              "non_striker": "CA Lynn",
              "runs": {
                "batter": 4,
                "extras": 0,
                "total": 4
              }
            },
            {
              "batter": "M Bryant",
              "bowler": "J Botha",
              "non_striker": "CA Lynn",
              "runs": {
                "batter": 0,
                "extras": 0,
                "total": 0
              }
            },
            {
              "batter": "M Bryant",
              "bowler": "J Botha",
              "non_striker": "CA Lynn",
              "runs": {
                "batter": 0,
                "extras": 0,
                "total": 0
              },
              "wickets": [
                {
                  "kind": "caught",
                  "player_out": "M Bryant",
                  "fielders": [
                    {
                      "name": "RP Meredith"
                    }
                  ]
                }
              ]
            },
            {
              "batter": "JA Burns",
              "bowler": "J Botha",
              "non_striker": "CA Lynn",
              "runs": {
                "batter": 1,
                "extras": 0,
                "total": 1
              }
            },
            {
              "batter": "CA Lynn",
              "bowler": "J Botha",
              "non_striker": "JA Burns",
              "runs": {
                "batter": 6,
                "extras": 0,
                "total": 6
              }
            },
            {
              "batter": "CA Lynn",
              "bowler": "J Botha",
              "non_striker": "JA Burns",
              "runs": {
                "batter": 0,
                "extras": 0,
                "total": 0
              }
            }
          ]
        },
        {
          "over": 5,
          "deliveries": [
            {
              "batter": "JA Burns",
              "bowler": "JC Archer",
              "non_striker": "CA Lynn",
              "runs": {
                "batter": 1,
                "extras": 0,
                "total": 1
              }
            },
            {
              "batter": "CA Lynn",
              "bowler": "JC Archer",
              "non_striker": "JA Burns",
              "runs": {
                "batter": 1,
                "extras": 0,
                "total": 1
              }
            },
            {
              "batter": "JA Burns",
              "bowler": "JC Archer",
              "non_striker": "CA Lynn",
              "runs": {
                "batter": 0,
                "extras": 0,
                "total": 0
              }
            },
            {
              "batter": "JA Burns",
              "bowler": "JC Archer",
              "non_striker": "CA Lynn",
              "runs": {
                "batter": 1,
                "extras": 0,
                "total": 1
              }
            },
            {
              "batter": "CA Lynn",
              "bowler": "JC Archer",
              "non_striker": "JA Burns",
              "runs": {
                "batter": 0,
                "extras": 0,
                "total": 0
              }
            },
            {
              "batter": "CA Lynn",
              "bowler": "JC Archer",
              "non_striker": "JA Burns",
              "runs": {
                "batter": 0,
                "extras": 0,
                "total": 0
              }
            }
          ]
        },
        {
          "over": 6,
          "deliveries": [
            {
              "batter": "JA Burns",
              "bowler": "J Botha",
              "non_striker": "CA Lynn",
              "runs": {
                "batter": 1,
                "extras": 0,
                "total": 1
              }
            },
            {
              "batter": "CA Lynn",
              "bowler": "J Botha",
              "non_striker": "JA Burns",
              "runs": {
                "batter": 1,
                "extras": 0,
                "total": 1
              }
            },
            {
              "batter": "JA Burns",
              "bowler": "J Botha",
              "non_striker": "CA Lynn",
              "runs": {
                "batter": 0,
                "extras": 0,
                "total": 0
              },
              "wickets": [
                {
                  "kind": "caught",
                  "player_out": "JA Burns",
                  "fielders": [
                    {
                      "name": "AJ Doolan"
                    }
                  ]
                }
              ]
            },
            {
              "batter": "CA Lynn",
              "bowler": "J Botha",
              "non_striker": "SD Heazlett",
              "runs": {
                "batter": 0,
                "extras": 0,
                "total": 0
              }
            },
            {
              "batter": "CA Lynn",
              "bowler": "J Botha",
              "non_striker": "SD Heazlett",
              "runs": {
                "batter": 1,
                "extras": 0,
                "total": 1
              }
            },
            {
              "batter": "SD Heazlett",
              "bowler": "J Botha",
              "non_striker": "CA Lynn",
              "runs": {
                "batter": 0,
                "extras": 0,
                "total": 0
              }
            }
          ]
        },
        {
          "over": 7,
          "deliveries": [
            {
              "batter": "CA Lynn",
              "bowler": "RP Meredith",
              "non_striker": "SD Heazlett",
              "runs": {
                "batter": 0,
                "extras": 0,
                "total": 0
              }
            },
            {
              "batter": "CA Lynn",
              "bowler": "RP Meredith",
              "non_striker": "SD Heazlett",
              "runs": {
                "batter": 1,
                "extras": 0,
                "total": 1
              }
            },
            {
              "batter": "SD Heazlett",
              "bowler": "RP Meredith",
              "non_striker": "CA Lynn",
              "runs": {
                "batter": 0,
                "extras": 0,
                "total": 0
              }
            },
            {
              "batter": "SD Heazlett",
              "bowler": "RP Meredith",
              "non_striker": "CA Lynn",
              "runs": {
                "batter": 0,
                "extras": 0,
                "total": 0
              }
            },
            {
              "batter": "SD Heazlett",
              "bowler": "RP Meredith",
              "non_striker": "CA Lynn",
              "runs": {
                "batter": 0,
                "extras": 0,
                "total": 0
              },
              "wickets": [
                {
                  "kind": "bowled",
                  "player_out": "SD Heazlett"
                }
              ]
            },
            {
              "batter": "BCJ Cutting",
              "bowler": "RP Meredith",
              "non_striker": "CA Lynn",
              "runs": {
                "batter": 2,
                "extras": 0,
                "total": 2
              }
            }
          ]
        },
        {
          "over": 8,
          "deliveries": [
            {
              "batter": "CA Lynn",
              "bowler": "CA Rose",
              "non_striker": "BCJ Cutting",
              "runs": {
                "batter": 0,
                "extras": 0,
                "total": 0
              }
            },
            {
              "batter": "CA Lynn",
              "bowler": "CA Rose",
              "non_striker": "BCJ Cutting",
              "runs": {
                "batter": 1,
                "extras": 0,
                "total": 1
              }
            },
            {
              "batter": "BCJ Cutting",
              "bowler": "CA Rose",
              "non_striker": "CA Lynn",
              "runs": {
                "batter": 0,
                "extras": 0,
                "total": 0
              }
            },
            {
              "batter": "BCJ Cutting",
              "bowler": "CA Rose",
              "non_striker": "CA Lynn",
              "runs": {
                "batter": 1,
                "extras": 0,
                "total": 1
              }
            },
            {
              "batter": "CA Lynn",
              "bowler": "CA Rose",
              "non_striker": "BCJ Cutting",
              "runs": {
                "batter": 0,
                "extras": 0,
                "total": 0
              }
            },
            {
              "batter": "CA Lynn",
              "bowler": "CA Rose",
              "non_striker": "BCJ Cutting",
              "runs": {
                "batter": 0,
                "extras": 0,
                "total": 0
              }
            }
          ]
        },
        {
          "over": 9,
          "deliveries": [
            {
              "batter": "BCJ Cutting",
              "bowler": "RP Meredith",
              "non_striker": "CA Lynn",
              "runs": {
                "batter": 1,
                "extras": 0,
                "total": 1
              }
            },
            {
              "batter": "CA Lynn",
              "bowler": "RP Meredith",
              "non_striker": "BCJ Cutting",
              "runs": {
                "batter": 4,
                "extras": 0,
                "total": 4
              }
            },
            {
              "batter": "CA Lynn",
              "bowler": "RP Meredith",
              "non_striker": "BCJ Cutting",
              "runs": {
                "batter": 1,
                "extras": 0,
                "total": 1
              }
            },
            {
              "batter": "BCJ Cutting",
              "bowler": "RP Meredith",
              "non_striker": "CA Lynn",
              "runs": {
                "batter": 0,
                "extras": 0,
                "total": 0
              }
            },
            {
              "batter": "BCJ Cutting",
              "bowler": "RP Meredith",
              "non_striker": "CA Lynn",
              "runs": {
                "batter": 0,
                "extras": 0,
                "total": 0
              }
            },
            {
              "batter": "BCJ Cutting",
              "bowler": "RP Meredith",
              "non_striker": "CA Lynn",
              "runs": {
                "batter": 6,
                "extras": 0,
                "total": 6
              }
            }
          ]
        },
        {
          "over": 10,
          "deliveries": [
            {
              "batter": "CA Lynn",
              "bowler": "CA Rose",
              "non_striker": "BCJ Cutting",
              "runs": {
                "batter": 1,
                "extras": 0,
                "total": 1
              }
            },
            {
              "batter": "BCJ Cutting",
              "bowler": "CA Rose",
              "non_striker": "CA Lynn",
              "runs": {
                "batter": 1,
                "extras": 0,
                "total": 1
              }
            },
            {
              "batter": "CA Lynn",
              "bowler": "CA Rose",
              "non_striker": "BCJ Cutting",
              "runs": {
                "batter": 0,
                "extras": 0,
                "total": 0
              }
            },
            {
              "batter": "CA Lynn",
              "bowler": "CA Rose",
              "non_striker": "BCJ Cutting",
              "runs": {
                "batter": 1,
                "extras": 0,
                "total": 1
              }
            },
            {
              "batter": "BCJ Cutting",
              "bowler": "CA Rose",
              "non_striker": "CA Lynn",
              "runs": {
                "batter": 1,
                "extras": 0,
                "total": 1
              }
            },
            {
              "batter": "CA Lynn",
              "bowler": "CA Rose",
              "non_striker": "BCJ Cutting",
              "runs": {
                "batter": 1,
                "extras": 0,
                "total": 1
              }
            }
          ]
        },
        {
          "over": 11,
          "deliveries": [
            {
              "batter": "CA Lynn",
              "bowler": "DJM Short",
              "non_striker": "BCJ Cutting",
              "runs": {
                "batter": 1,
                "extras": 0,
                "total": 1
              }
            },
            {
              "batter": "BCJ Cutting",
              "bowler": "DJM Short",
              "non_striker": "CA Lynn",
              "runs": {
                "batter": 6,
                "extras": 0,
                "total": 6
              }
            },
            {
              "batter": "BCJ Cutting",
              "bowler": "DJM Short",
              "non_striker": "CA Lynn",
              "runs": {
                "batter": 1,
                "extras": 0,
                "total": 1
              }
            },
            {
              "batter": "CA Lynn",
              "bowler": "DJM Short",
              "non_striker": "BCJ Cutting",
              "runs": {
                "batter": 1,
                "extras": 0,
                "total": 1
              }
            },
            {
              "batter": "BCJ Cutting",
              "bowler": "DJM Short",
              "non_striker": "CA Lynn",
              "runs": {
                "batter": 1,
                "extras": 0,
                "total": 1
              }
            },
            {
              "batter": "CA Lynn",
              "bowler": "DJM Short",
              "non_striker": "BCJ Cutting",
              "runs": {
                "batter": 1,
                "extras": 0,
                "total": 1
              }
            }
          ]
        },
        {
          "over": 12,
          "deliveries": [
            {
              "batter": "CA Lynn",
              "bowler": "J Botha",
              "non_striker": "BCJ Cutting",
              "runs": {
                "batter": 0,
                "extras": 0,
                "total": 0
              }
            },
            {
              "batter": "CA Lynn",
              "bowler": "J Botha",
              "non_striker": "BCJ Cutting",
              "runs": {
                "batter": 1,
                "extras": 0,
                "total": 1
              }
            },
            {
              "batter": "BCJ Cutting",
              "bowler": "J Botha",
              "non_striker": "CA Lynn",
              "runs": {
                "batter": 1,
                "extras": 0,
                "total": 1
              }
            },
            {
              "batter": "CA Lynn",
              "bowler": "J Botha",
              "non_striker": "BCJ Cutting",
              "runs": {
                "batter": 1,
                "extras": 0,
                "total": 1
              }
            },
            {
              "batter": "BCJ Cutting",
              "bowler": "J Botha",
              "non_striker": "CA Lynn",
              "runs": {
                "batter": 1,
                "extras": 0,
                "total": 1
              }
            },
            {
              "batter": "CA Lynn",
              "bowler": "J Botha",
              "non_striker": "BCJ Cutting",
              "runs": {
                "batter": 1,
                "extras": 0,
                "total": 1
              }
            }
          ]
        },
        {
          "over": 13,
          "deliveries": [
            {
              "batter": "CA Lynn",
              "bowler": "JP Faulkner",
              "non_striker": "BCJ Cutting",
              "runs": {
                "batter": 0,
                "extras": 0,
                "total": 0
              }
            },
            {
              "batter": "CA Lynn",
              "bowler": "JP Faulkner",
              "non_striker": "BCJ Cutting",
              "runs": {
                "batter": 0,
                "extras": 0,
                "total": 0
              },
              "wickets": [
                {
                  "kind": "caught",
                  "player_out": "CA Lynn",
                  "fielders": [
                    {
                      "name": "AJ Doolan"
                    }
                  ]
                }
              ]
            },
            {
              "batter": "BCJ Cutting",
              "bowler": "JP Faulkner",
              "non_striker": "JJ Peirson",
              "runs": {
                "batter": 4,
                "extras": 0,
                "total": 4
              }
            },
            {
              "batter": "BCJ Cutting",
              "bowler": "JP Faulkner",
              "non_striker": "JJ Peirson",
              "runs": {
                "batter": 1,
                "extras": 0,
                "total": 1
              }
            },
            {
              "batter": "JJ Peirson",
              "bowler": "JP Faulkner",
              "non_striker": "BCJ Cutting",
              "runs": {
                "batter": 1,
                "extras": 0,
                "total": 1
              }
            },
            {
              "batter": "BCJ Cutting",
              "bowler": "JP Faulkner",
              "non_striker": "JJ Peirson",
              "runs": {
                "batter": 0,
                "extras": 0,
                "total": 0
              }
            }
          ]
        },
        {
          "over": 14,
          "deliveries": [
            {
              "batter": "JJ Peirson",
              "bowler": "J Botha",
              "non_striker": "BCJ Cutting",
              "runs": {
                "batter": 1,
                "extras": 0,
                "total": 1
              }
            },
            {
              "batter": "BCJ Cutting",
              "bowler": "J Botha",
              "non_striker": "JJ Peirson",
              "runs": {
                "batter": 6,
                "extras": 0,
                "total": 6
              }
            },
            {
              "batter": "BCJ Cutting",
              "bowler": "J Botha",
              "non_striker": "JJ Peirson",
              "runs": {
                "batter": 0,
                "extras": 0,
                "total": 0
              }
            },
            {
              "batter": "BCJ Cutting",
              "bowler": "J Botha",
              "non_striker": "JJ Peirson",
              "runs": {
                "batter": 1,
                "extras": 0,
                "total": 1
              }
            },
            {
              "batter": "JJ Peirson",
              "bowler": "J Botha",
              "non_striker": "BCJ Cutting",
              "runs": {
                "batter": 1,
                "extras": 0,
                "total": 1
              }
            },
            {
              "batter": "BCJ Cutting",
              "bowler": "J Botha",
              "non_striker": "JJ Peirson",
              "runs": {
                "batter": 2,
                "extras": 0,
                "total": 2
              }
            }
          ]
        },
        {
          "over": 15,
          "deliveries": [
            {
              "batter": "JJ Peirson",
              "bowler": "JC Archer",
              "non_striker": "BCJ Cutting",
              "runs": {
                "batter": 1,
                "extras": 0,
                "total": 1
              }
            },
            {
              "batter": "BCJ Cutting",
              "bowler": "JC Archer",
              "non_striker": "JJ Peirson",
              "runs": {
                "batter": 2,
                "extras": 0,
                "total": 2
              }
            },
            {
              "batter": "BCJ Cutting",
              "bowler": "JC Archer",
              "non_striker": "JJ Peirson",
              "runs": {
                "batter": 6,
                "extras": 0,
                "total": 6
              }
            },
            {
              "batter": "BCJ Cutting",
              "bowler": "JC Archer",
              "non_striker": "JJ Peirson",
              "runs": {
                "batter": 0,
                "extras": 0,
                "total": 0
              }
            },
            {
              "batter": "BCJ Cutting",
              "bowler": "JC Archer",
              "non_striker": "JJ Peirson",
              "runs": {
                "batter": 0,
                "extras": 0,
                "total": 0
              }
            },
            {
              "batter": "BCJ Cutting",
              "bowler": "JC Archer",
              "non_striker": "JJ Peirson",
              "runs": {
                "batter": 1,
                "extras": 0,
                "total": 1
              }
            }
          ]
        },
        {
          "over": 16,
          "deliveries": [
            {
              "batter": "BCJ Cutting",
              "bowler": "RP Meredith",
              "non_striker": "JJ Peirson",
              "runs": {
                "batter": 4,
                "extras": 0,
                "total": 4
              }
            },
            {
              "batter": "BCJ Cutting",
              "bowler": "RP Meredith",
              "extras": {
                "wides": 1
              },
              "non_striker": "JJ Peirson",
              "runs": {
                "batter": 0,
                "extras": 1,
                "total": 1
              }
            },
            {
              "batter": "BCJ Cutting",
              "bowler": "RP Meredith",
              "extras": {
                "wides": 1
              },
              "non_striker": "JJ Peirson",
              "runs": {
                "batter": 0,
                "extras": 1,
                "total": 1
              }
            },
            {
              "batter": "BCJ Cutting",
              "bowler": "RP Meredith",
              "non_striker": "JJ Peirson",
              "runs": {
                "batter": 6,
                "extras": 0,
                "total": 6
              }
            },
            {
              "batter": "BCJ Cutting",
              "bowler": "RP Meredith",
              "non_striker": "JJ Peirson",
              "runs": {
                "batter": 1,
                "extras": 0,
                "total": 1
              }
            },
            {
              "batter": "JJ Peirson",
              "bowler": "RP Meredith",
              "non_striker": "BCJ Cutting",
              "runs": {
                "batter": 0,
                "extras": 0,
                "total": 0
              },
              "wickets": [
                {
                  "kind": "bowled",
                  "player_out": "JJ Peirson"
                }
              ]
            },
            {
              "batter": "MT Steketee",
              "bowler": "RP Meredith",
              "non_striker": "BCJ Cutting",
              "runs": {
                "batter": 1,
                "extras": 0,
                "total": 1
              }
            },
            {
              "batter": "BCJ Cutting",
              "bowler": "RP Meredith",
              "non_striker": "MT Steketee",
              "runs": {
                "batter": 1,
                "extras": 0,
                "total": 1
              }
            }
          ]
        },
        {
          "over": 17,
          "deliveries": [
            {
              "batter": "BCJ Cutting",
              "bowler": "JC Archer",
              "non_striker": "MT Steketee",
              "runs": {
                "batter": 1,
                "extras": 0,
                "total": 1
              }
            },
            {
              "batter": "MT Steketee",
              "bowler": "JC Archer",
              "non_striker": "BCJ Cutting",
              "runs": {
                "batter": 1,
                "extras": 0,
                "total": 1
              }
            },
            {
              "batter": "BCJ Cutting",
              "bowler": "JC Archer",
              "non_striker": "MT Steketee",
              "runs": {
                "batter": 0,
                "extras": 0,
                "total": 0
              },
              "wickets": [
                {
                  "kind": "caught",
                  "player_out": "BCJ Cutting",
                  "fielders": [
                    {
                      "name": "GJ Bailey"
                    }
                  ]
                }
              ]
            },
            {
              "batter": "MT Steketee",
              "bowler": "JC Archer",
              "non_striker": "JK Lalor",
              "runs": {
                "batter": 0,
                "extras": 0,
                "total": 0
              },
              "wickets": [
                {
                  "kind": "caught",
                  "player_out": "MT Steketee",
                  "fielders": [
                    {
                      "name": "CA Rose"
                    }
                  ]
                }
              ]
            },
            {
              "batter": "JK Lalor",
              "bowler": "JC Archer",
              "non_striker": "MJ Swepson",
              "runs": {
                "batter": 4,
                "extras": 0,
                "total": 4
              }
            },
            {
              "batter": "JK Lalor",
              "bowler": "JC Archer",
              "non_striker": "MJ Swepson",
              "runs": {
                "batter": 0,
                "extras": 0,
                "total": 0
              }
            }
          ]
        },
        {
          "over": 18,
          "deliveries": [
            {
              "batter": "MJ Swepson",
              "bowler": "JP Faulkner",
              "non_striker": "JK Lalor",
              "runs": {
                "batter": 2,
                "extras": 0,
                "total": 2
              }
            },
            {
              "batter": "MJ Swepson",
              "bowler": "JP Faulkner",
              "non_striker": "JK Lalor",
              "runs": {
                "batter": 0,
                "extras": 0,
                "total": 0
              },
              "wickets": [
                {
                  "kind": "caught",
                  "player_out": "MJ Swepson",
                  "fielders": [
                    {
                      "name": "AJ Doolan"
                    }
                  ]
                }
              ]
            },
            {
              "batter": "JK Lalor",
              "bowler": "JP Faulkner",
              "extras": {
                "wides": 1
              },
              "non_striker": "Mujeeb Ur Rahman",
              "runs": {
                "batter": 0,
                "extras": 1,
                "total": 1
              }
            },
            {
              "batter": "JK Lalor",
              "bowler": "JP Faulkner",
              "non_striker": "Mujeeb Ur Rahman",
              "runs": {
                "batter": 0,
                "extras": 0,
                "total": 0
              }
            },
            {
              "batter": "JK Lalor",
              "bowler": "JP Faulkner",
              "non_striker": "Mujeeb Ur Rahman",
              "runs": {
                "batter": 0,
                "extras": 0,
                "total": 0
              },
              "wickets": [
                {
                  "kind": "caught",
                  "player_out": "JK Lalor",
                  "fielders": [
                    {
                      "name": "AJ Doolan"
                    }
                  ]
                }
              ]
            }
          ]
        }
      ],
      "powerplays": [
        {
          "from": 0.1,
          "to": 4.6,
          "type": "mandatory"
        }
      ],
      "target": {
        "overs": 19,
        "runs": 160
      }
    }
  ]
}