{
  "meta": {
    "data_version": "1.0.0",
    "created": "2019-04-22",
    "revision": 1
  },
  "info": {
    "balls_per_over": 6,
    "city": "Sydney",
    "dates": [
      "2019-01-22"
    ],
    "event": {
      "name": "Big Bash League",
      "match_number": 38
    },
    "gender": "male",
    "match_type": "T20",
    "officials": {
      "match_referees": [
        "PL Marshall"
      ],
      "reserve_umpires": [
        "Troy Penman"
      ],
      "tv_umpires": [
        "GC Joshua"
      ],
      "umpires": [
        "GJ Davidson",
        "SAJ Craig"
      ]
    },
    "outcome": {
      "winner": "Melbourne Renegades",
      "by": {
        "runs": 12
      }
    },
    "overs": 20,
    "player_of_match": [
      "HF Gurney"
    ],
    "players": {
      "Melbourne Renegades": [
        "CJ Boyce",
        "AJ Finch",
        "SB Harper",
        "TLW Cooper",
        "CL White",
        "DT Christian",
        "Mohammad Nabi",
        "MW Harvey",
        "CP Tremain",
        "KW Richardson",
        "HF Gurney"
      ],
      "Sydney Thunder": [
        "AP Devcich",
        "SR Watson",
        "CJ Ferguson",
        "JJS Sangha",
        "CJ Green",
        "DR Sams",
        "JS Lenton",
        "AJ Nair",
        "CJ Jordan",
        "GS Sandhu",
        "Fawad Ahmed"
      ]
    },
    "registry": {
      "people": {
        "AJ Finch": "b8d490fd",
        "AJ Nair": "4ba2c04d",
        "AP Devcich": "ed90abe4",
        "CJ Boyce": "51a60c16",
        "CJ Ferguson": "9b4935c8",
        "CJ Green": "19b9f399",
        "CJ Jordan": "ffe699c0",
        "CL White": "d0513f63",
        "CP Tremain": "96824e68",
        "DR Sams": "caf69bf7",
        "DT Christian": "2a2e6343",
        "Fawad Ahmed": "22ae3041",
        "GC Joshua": "4c47ebf2",
        "GJ Davidson": "31ad5973",
        "GS Sandhu": "1558d83b",
        "HF Gurney": "e412cb64",
        "JJS Sangha": "8e3cb0e9",
        "JS Lenton": "8820c9ef",
        "KW Richardson": "dfc4d8b5",
        "MW Harvey": "47dc9794",
        "Mohammad Nabi": "62af8546",
        "PL Marshall": "c1ca6df3",
        "SAJ Craig": "689f2eed",
        "SB Harper": "a756e61a",
        "SR Watson": "4329fbb5",
        "TLW Cooper": "2318ba22",
        "Troy Penman": "0aa42c26"
      }
    },
    "season": "2018/19",
    "team_type": "club",
    "teams": [
      "Sydney Thunder",
      "Melbourne Renegades"
    ],
    "toss": {
      "decision": "field",
      "winner": "Sydney Thunder"
    },
    "venue": "Sydney Showground Stadium"
  },
  "innings": [
    {
      "team": "Melbourne Renegades",
      "overs": [
        {
          "over": 0,
          "deliveries": [
            {
              "batter": "CJ Boyce",
              "bowler": "DR Sams",
              "non_striker": "AJ Finch",
              "runs": {
                "batter": 0,
                "extras": 0,
                "total": 0
              }
            },
            {
              "batter": "CJ Boyce",
              "bowler": "DR Sams",
              "non_striker": "AJ Finch",
              "runs": {
                "batter": 0,
                "extras": 0,
                "total": 0
              },
              "wickets": [
                {
                  "kind": "caught",
                  "player_out": "CJ Boyce",
                  "fielders": [
                    {
                      "name": "CJ Jordan"
                    }
                  ]
                }
              ]
            },
            {
              "batter": "SB Harper",
              "bowler": "DR Sams",
              "non_striker": "AJ Finch",
              "runs": {
                "batter": 2,
                "extras": 0,
                "total": 2
              }
            },
            {
              "batter": "SB Harper",
              "bowler": "DR Sams",
              "non_striker": "AJ Finch",
              "runs": {
                "batter": 4,
                "extras": 0,
                "total": 4
              }
            },
            {
              "batter": "SB Harper",
              "bowler": "DR Sams",
              "non_striker": "AJ Finch",
              "runs": {
                "batter": 1,
                "extras": 0,
                "total": 1
              }
            },
            {
              "batter": "AJ Finch",
              "bowler": "DR Sams",
              "non_striker": "SB Harper",
              "runs": {
                "batter": 0,
                "extras": 0,
                "total": 0
              }
            }
          ]
        },
        {
          "over": 1,
          "deliveries": [
            {
              "batter": "SB Harper",
              "bowler": "CJ Jordan",
              "non_striker": "AJ Finch",
              "runs": {
                "batter": 0,
                "extras": 0,
                "total": 0
              }
            },
            {
              "batter": "SB Harper",
              "bowler": "CJ Jordan",
              "non_striker": "AJ Finch",
              "runs": {
                "batter": 2,
                "extras": 0,
                "total": 2
              }
            },
            {
              "batter": "SB Harper",
              "bowler": "CJ Jordan",
              "non_striker": "AJ Finch",
              "runs": {
                "batter": 0,
                "extras": 0,
                "total": 0
              }
            },
            {
              "batter": "SB Harper",
              "bowler": "CJ Jordan",
              "non_striker": "AJ Finch",
              "runs": {
                "batter": 2,
                "extras": 0,
                "total": 2
              }
            },
            {
              "batter": "SB Harper",
              "bowler": "CJ Jordan",
              "non_striker": "AJ Finch",
              "runs": {
                "batter": 1,
                "extras": 0,
                "total": 1
              }
            },
            {
              "batter": "AJ Finch",
              "bowler": "CJ Jordan",
              "non_striker": "SB Harper",
              "runs": {
                "batter": 0,
                "extras": 0,
                "total": 0
              }
            }
          ]
        },
        {
          "over": 2,
          "deliveries": [
            {
              "batter": "SB Harper",
              "bowler": "GS Sandhu",
              "non_striker": "AJ Finch",
              "runs": {
                "batter": 0,
                "extras": 0,
                "total": 0
              },
              "wickets": [
                {
                  "kind": "bowled",
                  "player_out": "SB Harper"
                }
              ]
            },
            {
              "batter": "TLW Cooper",
              "bowler": "GS Sandhu",
              "non_striker": "AJ Finch",
              "runs": {
                "batter": 0,
                "extras": 0,
                "total": 0
              }
            },
            {
              "batter": "TLW Cooper",
              "bowler": "GS Sandhu",
              "non_striker": "AJ Finch",
              "runs": {
                "batter": 0,
                "extras": 0,
                "total": 0
              }
            },
            {
              "batter": "TLW Cooper",
              "bowler": "GS Sandhu",
              "non_striker": "AJ Finch",
              "runs": {
                "batter": 1,
                "extras": 0,
                "total": 1
              }
            },
            {
              "batter": "AJ Finch",
              "bowler": "GS Sandhu",
              "non_striker": "TLW Cooper",
              "runs": {
                "batter": 2,
                "extras": 0,
                "total": 2
              }
            },
            {
              "batter": "AJ Finch",
              "bowler": "GS Sandhu",
              "non_striker": "TLW Cooper",
              "runs": {
                "batter": 0,
                "extras": 0,
                "total": 0
              }
            }
          ]
        },
        {
          "over": 3,
          "deliveries": [
            {
              "batter": "TLW Cooper",
              "bowler": "DR Sams",
              "non_striker": "AJ Finch",
              "runs": {
                "batter": 0,
                "extras": 0,
                "total": 0
              }
            },
            {
              "batter": "TLW Cooper",
              "bowler": "DR Sams",
              "non_striker": "AJ Finch",
              "runs": {
                "batter": 0,
                "extras": 0,
                "total": 0
              }
            },
            {
              "batter": "TLW Cooper",
              "bowler": "DR Sams",
              "non_striker": "AJ Finch",
              "runs": {
                "batter": 0,
                "extras": 0,
                "total": 0
              }
            },
            {
              "batter": "TLW Cooper",
              "bowler": "DR Sams",
              "non_striker": "AJ Finch",
              "runs": {
                "batter": 0,
                "extras": 0,
                "total": 0
              }
            },
            {
              "batter": "TLW Cooper",
              "bowler": "DR Sams",
              "non_striker": "AJ Finch",
              "runs": {
                "batter": 1,
                "extras": 0,
                "total": 1
              }
            },
            {
              "batter": "AJ Finch",
              "bowler": "DR Sams",
              "non_striker": "TLW Cooper",
              "runs": {
                "batter": 0,
                "extras": 0,
                "total": 0
              }
            }
          ]
        },
        {
          "over": 4,
          "deliveries": [
            {
              "batter": "TLW Cooper",
              "bowler": "CJ Jordan",
              "non_striker": "AJ Finch",
              "runs": {
                "batter": 0,
                "extras": 0,
                "total": 0
              }
            },
            {
              "batter": "TLW Cooper",
              "bowler": "CJ Jordan",
              "non_striker": "AJ Finch",
              "runs": {
                "batter": 4,
                "extras": 0,
                "total": 4
              }
            },
            {
              "batter": "TLW Cooper",
              "bowler": "CJ Jordan",
              "non_striker": "AJ Finch",
              "runs": {
                "batter": 0,
                "extras": 0,
                "total": 0
              }
            },
            {
              "batter": "TLW Cooper",
              "bowler": "CJ Jordan",
              "non_striker": "AJ Finch",
              "runs": {
                "batter": 1,
                "extras": 0,
                "total": 1
              }
            },
            {
              "batter": "AJ Finch",
              "bowler": "CJ Jordan",
              "non_striker": "TLW Cooper",
              "runs": {
                "batter": 1,
                "extras": 0,
                "total": 1
              }
            },
            {
              "batter": "TLW Cooper",
              "bowler": "CJ Jordan",
              "non_striker": "AJ Finch",
              "runs": {
                "batter": 2,
                "extras": 0,
                "total": 2
              }
            }
          ]
        },
        {
          "over": 5,
          "deliveries": [
            {
              "batter": "AJ Finch",
              "bowler": "GS Sandhu",
              "non_striker": "TLW Cooper",
              "runs": {
                "batter": 2,
                "extras": 0,
                "total": 2
              }
            },
            {
              "batter": "AJ Finch",
              "bowler": "GS Sandhu",
              "non_striker": "TLW Cooper",
              "runs": {
                "batter": 1,
                "extras": 0,
                "total": 1
              }
            },
            {
              "batter": "TLW Cooper",
              "bowler": "GS Sandhu",
              "non_striker": "AJ Finch",
              "runs": {
                "batter": 1,
                "extras": 0,
                "total": 1
              }
            },
            {
              "batter": "AJ Finch",
              "bowler": "GS Sandhu",
              "non_striker": "TLW Cooper",
              "runs": {
                "batter": 0,
                "extras": 0,
                "total": 0
              }
            },
            {
              "batter": "AJ Finch",
              "bowler": "GS Sandhu",
              "extras": {
                "wides": 2
              },
              "non_striker": "TLW Cooper",
              "runs": {
                "batter": 0,
                "extras": 2,
                "total": 2
              }
            },
            {
              "batter": "TLW Cooper",
              "bowler": "GS Sandhu",
              "non_striker": "AJ Finch",
              "runs": {
                "batter": 1,
                "extras": 0,
                "total": 1
              }
            },
            {
              "batter": "AJ Finch",
              "bowler": "GS Sandhu",
              "non_striker": "TLW Cooper",
              "runs": {
                "batter": 4,
                "extras": 0,
                "total": 4
              }
            }
          ]
        },
        {
          "over": 6,
          "deliveries": [
            {
              "batter": "TLW Cooper",
              "bowler": "Fawad Ahmed",
              "non_striker": "AJ Finch",
              "runs": {
                "batter": 1,
                "extras": 0,
                "total": 1
              }
            },
            {
              "batter": "AJ Finch",
              "bowler": "Fawad Ahmed",
              "non_striker": "TLW Cooper",
              "runs": {
                "batter": 0,
                "extras": 0,
                "total": 0
              }
            },
            {
              "batter": "AJ Finch",
              "bowler": "Fawad Ahmed",
              "non_striker": "TLW Cooper",
              "runs": {
                "batter": 1,
                "extras": 0,
                "total": 1
              }
            },
            {
              "batter": "TLW Cooper",
              "bowler": "Fawad Ahmed",
              "non_striker": "AJ Finch",
              "runs": {
                "batter": 1,
                "extras": 0,
                "total": 1
              }
            },
            {
              "batter": "AJ Finch",
              "bowler": "Fawad Ahmed",
              "non_striker": "TLW Cooper",
              "runs": {
                "batter": 1,
                "extras": 0,
                "total": 1
              }
            },
            {
              "batter": "TLW Cooper",
              "bowler": "Fawad Ahmed",
              "non_striker": "AJ Finch",
              "runs": {
                "batter": 1,
                "extras": 0,
                "total": 1
              }
            }
          ]
        },
        {
          "over": 7,
          "deliveries": [
            {
              "batter": "TLW Cooper",
              "bowler": "CJ Green",
              "non_striker": "AJ Finch",
              "runs": {
                "batter": 1,
                "extras": 0,
                "total": 1
              }
            },
            {
              "batter": "AJ Finch",
              "bowler": "CJ Green",
              "extras": {
                "legbyes": 1
              },
              "non_striker": "TLW Cooper",
              "runs": {
                "batter": 0,
                "extras": 1,
                "total": 1
              }
            },
            {
              "batter": "TLW Cooper",
              "bowler": "CJ Green",
              "non_striker": "AJ Finch",
              "runs": {
                "batter": 1,
                "extras": 0,
                "total": 1
              }
            },
            {
              "batter": "AJ Finch",
              "bowler": "CJ Green",
              "non_striker": "TLW Cooper",
              "runs": {
                "batter": 0,
                "extras": 0,
                "total": 0
              }
            },
            {
              "batter": "AJ Finch",
              "bowler": "CJ Green",
              "non_striker": "TLW Cooper",
              "runs": {
                "batter": 1,
                "extras": 0,
                "total": 1
              }
            },
            {
              "batter": "TLW Cooper",
              "bowler": "CJ Green",
              "non_striker": "AJ Finch",
              "runs": {
                "batter": 1,
                "extras": 0,
                "total": 1
              }
            }
          ]
        },
        {
          "over": 8,
          "deliveries": [
            {
              "batter": "TLW Cooper",
              "bowler": "Fawad Ahmed",
              "non_striker": "AJ Finch",
              "runs": {
                "batter": 4,
                "extras": 0,
                "total": 4
              }
            },
            {
              "batter": "TLW Cooper",
              "bowler": "Fawad Ahmed",
              "non_striker": "AJ Finch",
              "runs": {
                "batter": 0,
                "extras": 0,
                "total": 0
              }
            },
            {
              "batter": "TLW Cooper",
              "bowler": "Fawad Ahmed",
              "non_striker": "AJ Finch",
              "runs": {
                "batter": 1,
                "extras": 0,
                "total": 1
              }
            },
            {
              "batter": "AJ Finch",
              "bowler": "Fawad Ahmed",
              "non_striker": "TLW Cooper",
              "runs": {
                "batter": 1,
                "extras": 0,
                "total": 1
              }
            },
            {
              "batter": "TLW Cooper",
              "bowler": "Fawad Ahmed",
              "non_striker": "AJ Finch",
              "runs": {
                "batter": 0,
                "extras": 0,
                "total": 0
              }
            },
            {
              "batter": "TLW Cooper",
              "bowler": "Fawad Ahmed",
              "non_striker": "AJ Finch",
              "runs": {
                "batter": 0,
                "extras": 0,
                "total": 0
              },
              "wickets": [
                {
                  "kind": "caught",
                  "player_out": "TLW Cooper",
                  "fielders": [
                    {
                      "name": "AP Devcich"
                    }
                  ]
                }
              ]
            }
          ]
        },
        {
          "over": 9,
          "deliveries": [
            {
              "batter": "AJ Finch",
              "bowler": "AJ Nair",
              "non_striker": "CL White",
              "runs": {
                "batter": 1,
                "extras": 0,
                "total": 1
              }
            },
            {
              "batter": "CL White",
              "bowler": "AJ Nair",
              "non_striker": "AJ Finch",
              "runs": {
                "batter": 1,
                "extras": 0,
                "total": 1
              }
            },
            {
              "batter": "AJ Finch",
              "bowler": "AJ Nair",
              "non_striker": "CL White",
              "runs": {
                "batter": 0,
                "extras": 0,
                "total": 0
              }
            },
            {
              "batter": "AJ Finch",
              "bowler": "AJ Nair",
              "non_striker": "CL White",
              "runs": {
                "batter": 6,
                "extras": 0,
                "total": 6
              }
            },
            {
              "batter": "AJ Finch",
              "bowler": "AJ Nair",
              "extras": {
                "wides": 1
              },
              "non_striker": "CL White",
              "runs": {
                "batter": 0,
                "extras": 1,
                "total": 1
              }
            },
            {
              "batter": "AJ Finch",
              "bowler": "AJ Nair",
              "non_striker": "CL White",
              "runs": {
                "batter": 6,
                "extras": 0,
                "total": 6
              }
            },
            {
              "batter": "AJ Finch",
              "bowler": "AJ Nair",
              "non_striker": "CL White",
              "runs": {
                "batter": 1,
                "extras": 0,
                "total": 1
              }
            }
          ]
        },
        {
          "over": 10,
          "deliveries": [
            {
              "batter": "AJ Finch",
              "bowler": "Fawad Ahmed",
              "non_striker": "CL White",
              "runs": {
                "batter": 1,
                "extras": 0,
                "total": 1
              }
            },
            {
              "batter": "CL White",
              "bowler": "Fawad Ahmed",
              "non_striker": "AJ Finch",
              "runs": {
                "batter": 0,
                "extras": 0,
                "total": 0
              }
            },
            {
              "batter": "CL White",
              "bowler": "Fawad Ahmed",
              "non_striker": "AJ Finch",
              "runs": {
                "batter": 1,
                "extras": 0,
                "total": 1
              }
            },
            {
              "batter": "AJ Finch",
              "bowler": "Fawad Ahmed",
              "non_striker": "CL White",
              "runs": {
                "batter": 1,
                "extras": 0,
                "total": 1
              }
            },
            {
              "batter": "CL White",
              "bowler": "Fawad Ahmed",
              "non_striker": "AJ Finch",
              "runs": {
                "batter": 1,
                "extras": 0,
                "total": 1
              }
            },
            {
              "batter": "AJ Finch",
              "bowler": "Fawad Ahmed",
              "non_striker": "CL White",
              "runs": {
                "batter": 1,
                "extras": 0,
                "total": 1
              }
            }
          ]
        },
        {
          "over": 11,
          "deliveries": [
            {
              "batter": "AJ Finch",
              "bowler": "CJ Green",
              "non_striker": "CL White",
              "runs": {
                "batter": 1,
                "extras": 0,
                "total": 1
              }
            },
            {
              "batter": "CL White",
              "bowler": "CJ Green",
              "non_striker": "AJ Finch",
              "runs": {
                "batter": 2,
                "extras": 0,
                "total": 2
              }
            },
            {
              "batter": "CL White",
              "bowler": "CJ Green",
              "non_striker": "AJ Finch",
              "runs": {
                "batter": 1,
                "extras": 0,
                "total": 1
              }
            },
            {
              "batter": "AJ Finch",
              "bowler": "CJ Green",
              "non_striker": "CL White",
              "runs": {
                "batter": 1,
                "extras": 0,
                "total": 1
              }
            },
            {
              "batter": "CL White",
              "bowler": "CJ Green",
              "non_striker": "AJ Finch",
              "runs": {
                "batter": 0,
                "extras": 0,
                "total": 0
              }
            },
            {
              "batter": "CL White",
              "bowler": "CJ Green",
              "non_striker": "AJ Finch",
              "runs": {
                "batter": 1,
                "extras": 0,
                "total": 1
              }
            }
          ]
        },
        {
          "over": 12,
          "deliveries": [
            {
              "batter": "CL White",
              "bowler": "DR Sams",
              "non_striker": "AJ Finch",
              "runs": {
                "batter": 2,
                "extras": 0,
                "total": 2
              }
            },
            {
              "batter": "CL White",
              "bowler": "DR Sams",
              "extras": {
                "legbyes": 1
              },
              "non_striker": "AJ Finch",
              "runs": {
                "batter": 0,
                "extras": 1,
                "total": 1
              }
            },
            {
              "batter": "AJ Finch",
              "bowler": "DR Sams",
              "non_striker": "CL White",
              "runs": {
                "batter": 4,
                "extras": 0,
                "total": 4
              }
            },
            {
              "batter": "AJ Finch",
              "bowler": "DR Sams",
              "non_striker": "CL White",
              "runs": {
                "batter": 6,
                "extras": 0,
                "total": 6
              }
            },
            {
              "batter": "AJ Finch",
              "bowler": "DR Sams",
              "non_striker": "CL White",
              "runs": {
                "batter": 1,
                "extras": 0,
                "total": 1
              }
            },
            {
              "batter": "CL White",
              "bowler": "DR Sams",
              "non_striker": "AJ Finch",
              "runs": {
                "batter": 1,
                "extras": 0,
                "total": 1
              }
            }
          ]
        },
        {
          "over": 13,
          "deliveries": [
            {
              "batter": "CL White",
              "bowler": "CJ Green",
              "non_striker": "AJ Finch",
              "runs": {
                "batter": 6,
                "extras": 0,
                "total": 6
              }
            },
            {
              "batter": "CL White",
              "bowler": "CJ Green",
              "non_striker": "AJ Finch",
              "runs": {
                "batter": 1,
                "extras": 0,
                "total": 1
              }
            },
            {
              "batter": "AJ Finch",
              "bowler": "CJ Green",
              "non_striker": "CL White",
              "runs": {
                "batter": 0,
                "extras": 0,
                "total": 0
              }
            },
            {
              "batter": "AJ Finch",
              "bowler": "CJ Green",
              "non_striker": "CL White",
              "runs": {
                "batter": 6,
                "extras": 0,
                "total": 6
              }
            },
            {
              "batter": "AJ Finch",
              "bowler": "CJ Green",
              "non_striker": "CL White",
              "runs": {
                "batter": 1,
                "extras": 0,
                "total": 1
              }
            },
            {
              "batter": "CL White",
              "bowler": "CJ Green",
              "non_striker": "AJ Finch",
              "runs": {
                "batter": 1,
                "extras": 0,
                "total": 1
              }
            }
          ]
        },
        {
          "over": 14,
          "deliveries": [
            {
              "batter": "CL White",
              "bowler": "Fawad Ahmed",
              "non_striker": "AJ Finch",
              "runs": {
                "batter": 1,
                "extras": 0,
                "total": 1
              }
            },
            {
              "batter": "AJ Finch",
              "bowler": "Fawad Ahmed",
              "non_striker": "CL White",
              "runs": {
                "batter": 1,
                "extras": 0,
                "total": 1
              }
            },
            {
              "batter": "CL White",
              "bowler": "Fawad Ahmed",
              "non_striker": "AJ Finch",
              "runs": {
                "batter": 1,
                "extras": 0,
                "total": 1
              }
            },
            {
              "batter": "AJ Finch",
              "bowler": "Fawad Ahmed",
              "non_striker": "CL White",
              "runs": {
                "batter": 1,
                "extras": 0,
                "total": 1
              }
            },
            {
              "batter": "CL White",
              "bowler": "Fawad Ahmed",
              "non_striker": "AJ Finch",
              "runs": {
                "batter": 1,
                "extras": 0,
                "total": 1
              }
            },
            {
              "batter": "AJ Finch",
              "bowler": "Fawad Ahmed",
              "non_striker": "CL White",
              "runs": {
                "batter": 0,
                "extras": 0,
                "total": 0
              }
            }
          ]
        },
        {
          "over": 15,
          "deliveries": [
            {
              "batter": "CL White",
              "bowler": "GS Sandhu",
              "non_striker": "AJ Finch",
              "runs": {
                "batter": 0,
                "extras": 0,
                "total": 0
              }
            },
            {
              "batter": "CL White",
              "bowler": "GS Sandhu",
              "non_striker": "AJ Finch",
              "runs": {
                "batter": 1,
                "extras": 0,
                "total": 1
              }
            },
            {
              "batter": "AJ Finch",
              "bowler": "GS Sandhu",
              "non_striker": "CL White",
              "runs": {
                "batter": 1,
                "extras": 0,
                "total": 1
              }
            },
            {
              "batter": "CL White",
              "bowler": "GS Sandhu",
              "non_striker": "AJ Finch",
              "runs": {
                "batter": 1,
                "extras": 0,
                "total": 1
              }
            },
            {
              "batter": "AJ Finch",
              "bowler": "GS Sandhu",
              "non_striker": "CL White",
              "runs": {
                "batter": 0,
                "extras": 0,
                "total": 0
              },
              "wickets": [
                {
                  "kind": "caught",
                  "player_out": "AJ Finch",
                  "fielders": [
                    {
                      "name": "CJ Green"
                    }
                  ]
                }
              ]
            },
            {
              "batter": "CL White",
              "bowler": "GS Sandhu",
              "non_striker": "DT Christian",
              "runs": {
                "batter": 1,
                "extras": 0,
                "total": 1
              }
            }
          ]
        },
        {
          "over": 16,
          "deliveries": [
            {
              "batter": "CL White",
              "bowler": "CJ Jordan",
              "non_striker": "DT Christian",
              "runs": {
                "batter": 6,
                "extras": 0,
                "total": 6
              }
            },
            {
              "batter": "CL White",
              "bowler": "CJ Jordan",
              "non_striker": "DT Christian",
              "runs": {
                "batter": 2,
                "extras": 0,
                "total": 2
              }
            },
            {
              "batter": "CL White",
              "bowler": "CJ Jordan",
              "non_striker": "DT Christian",
              "runs": {
                "batter": 4,
                "extras": 0,
                "total": 4
              }
            },
            {
              "batter": "CL White",
              "bowler": "CJ Jordan",
              "non_striker": "DT Christian",
              "runs": {
                "batter": 1,
                "extras": 0,
                "total": 1
              }
            },
            {
              "batter": "DT Christian",
              "bowler": "CJ Jordan",
              "non_striker": "CL White",
              "runs": {
                "batter": 1,
                "extras": 0,
                "total": 1
              }
            },
            {
              "batter": "CL White",
              "bowler": "CJ Jordan",
              "non_striker": "DT Christian",
              "runs": {
                "batter": 1,
                "extras": 0,
                "total": 1
              }
            }
          ]
        },
        {
          "over": 17,
          "deliveries": [
            {
              "batter": "CL White",
              "bowler": "DR Sams",
              "non_striker": "DT Christian",
              "runs": {
                "batter": 1,
                "extras": 0,
                "total": 1
              }
            },
            {
              "batter": "DT Christian",
              "bowler": "DR Sams",
              "non_striker": "CL White",
              "runs": {
                "batter": 1,
                "extras": 0,
                "total": 1
              }
            },
            {
              "batter": "CL White",
              "bowler": "DR Sams",
              "non_striker": "DT Christian",
              "runs": {
                "batter": 1,
                "extras": 0,
                "total": 1
              }
            },
            {
              "batter": "DT Christian",
              "bowler": "DR Sams",
              "non_striker": "CL White",
              "runs": {
                "batter": 4,
                "extras": 0,
                "total": 4
              }
            },
            {
              "batter": "DT Christian",
              "bowler": "DR Sams",
              "non_striker": "CL White",
              "runs": {
                "batter": 0,
                "extras": 0,
                "total": 0
              },
              "wickets": [
                {
                  "kind": "caught",
                  "player_out": "DT Christian",
                  "fielders": [
                    {
                      "name": "JJS Sangha"
                    }
                  ]
                }
              ]
            },
            {
              "batter": "CL White",
              "bowler": "DR Sams",
              "non_striker": "Mohammad Nabi",
              "runs": {
                "batter": 0,
                "extras": 0,
                "total": 0
              },
              "wickets": [
                {
                  "kind": "caught",
                  "player_out": "CL White",
                  "fielders": [
                    {
                      "name": "SR Watson"
                    }
                  ]
                }
              ]
            }
          ]
        },
        {
          "over": 18,
          "deliveries": [
            {
              "batter": "MW Harvey",
              "bowler": "GS Sandhu",
              "non_striker": "Mohammad Nabi",
              "runs": {
                "batter": 1,
                "extras": 0,
                "total": 1
              }
            },
            {
              "batter": "Mohammad Nabi",
              "bowler": "GS Sandhu",
              "non_striker": "MW Harvey",
              "runs": {
                "batter": 4,
                "extras": 0,
                "total": 4
              }
            },
            {
              "batter": "Mohammad Nabi",
              "bowler": "GS Sandhu",
              "non_striker": "MW Harvey",
              "runs": {
                "batter": 0,
                "extras": 0,
                "total": 0
              }
            },
            {
              "batter": "Mohammad Nabi",
              "bowler": "GS Sandhu",
              "non_striker": "MW Harvey",
              "runs": {
                "batter": 0,
                "extras": 0,
                "total": 0
              }
            },
            {
              "batter": "Mohammad Nabi",
              "bowler": "GS Sandhu",
              "non_striker": "MW Harvey",
              "runs": {
                "batter": 0,
                "extras": 0,
                "total": 0
              },
              "wickets": [
                {
                  "kind": "caught",
                  "player_out": "Mohammad Nabi",
                  "fielders": [
                    {
                      "name": "JS Lenton"
                    }
                  ]
                }
              ]
            },
            {
              "batter": "CP Tremain",
              "bowler": "GS Sandhu",
              "extras": {
                "legbyes": 1
              },
              "non_striker": "MW Harvey",
              "runs": {
                "batter": 0,
                "extras": 1,
                "total": 1
              }
            }
          ]
        },
        {
          "over": 19,
          "deliveries": [
            {
              "batter": "CP Tremain",
              "bowler": "CJ Jordan",
              "non_striker": "MW Harvey",
              "runs": {
                "batter": 0,
                "extras": 0,
                "total": 0
              }
            },
            {
              "batter": "CP Tremain",
              "bowler": "CJ Jordan",
              "non_striker": "MW Harvey",
              "runs": {
                "batter": 4,
                "extras": 0,
                "total": 4
              }
            },
            {
              "batter": "CP Tremain",
              "bowler": "CJ Jordan",
              "non_striker": "MW Harvey",
              "runs": {
                "batter": 0,
                "extras": 0,
                "total": 0
              },
              "wickets": [
                {
                  "kind": "bowled",
                  "player_out": "CP Tremain"
                }
              ]
            },
            {
              "batter": "KW Richardson",
              "bowler": "CJ Jordan",
              "non_striker": "MW Harvey",
              "runs": {
                "batter": 1,
                "extras": 0,
                "total": 1
              }
            },
            {
              "batter": "MW Harvey",
              "bowler": "CJ Jordan",
              "non_striker": "KW Richardson",
              "runs": {
                "batter": 2,
                "extras": 0,
                "total": 2
              }
            },
            {
              "batter": "MW Harvey",
              "bowler": "CJ Jordan",
              "non_striker": "KW Richardson",
              "runs": {
                "batter": 0,
                "extras": 0,
                "total": 0
              },
              "wickets": [
                {
                  "kind": "run out",
                  "player_out": "MW Harvey"
                }
              ]
            }
          ]
        }
      ],
      "powerplays": [
        {
          "from": 0.1,
          "to": 5.7,
          "type": "mandatory"
        }
      ]
    },
    {
      "team": "Sydney Thunder",
      "overs": [
        {
          "over": 0,
          "deliveries": [
            {
              "batter": "AP Devcich",
              "bowler": "KW Richardson",
              "non_striker": "SR Watson",
              "runs": {
                "batter": 0,
                "extras": 0,
                "total": 0
              }
            },
            {
              "batter": "AP Devcich",
              "bowler": "KW Richardson",
              "non_striker": "SR Watson",
              "runs": {
                "batter": 0,
                "extras": 0,
                "total": 0
              }
            },
            {
              "batter": "AP Devcich",
              "bowler": "KW Richardson",
              "non_striker": "SR Watson",
              "runs": {
                "batter": 0,
                "extras": 0,
                "total": 0
              },
              "wickets": [
                {
                  "kind": "caught",
                  "player_out": "AP Devcich",
                  "fielders": [
                    {
                      "name": "CJ Boyce"
                    }
                  ]
                }
              ]
            },
            {
              "batter": "CJ Ferguson",
              "bowler": "KW Richardson",
              "non_striker": "SR Watson",
              "runs": {
                "batter": 1,
                "extras": 0,
                "total": 1
              }
            },
            {
              "batter": "SR Watson",
              "bowler": "KW Richardson",
              "non_striker": "CJ Ferguson",
              "runs": {
                "batter": 0,
                "extras": 0,
                "total": 0
              }
            },
            {
              "batter": "SR Watson",
              "bowler": "KW Richardson",
              "non_striker": "CJ Ferguson",
              "runs": {
                "batter": 0,
                "extras": 0,
                "total": 0
              }
            }
          ]
        },
        {
          "over": 1,
          "deliveries": [
            {
              "batter": "CJ Ferguson",
              "bowler": "CP Tremain",
              "non_striker": "SR Watson",
              "runs": {
                "batter": 4,
                "extras": 0,
                "total": 4
              }
            },
            {
              "batter": "CJ Ferguson",
              "bowler": "CP Tremain",
              "non_striker": "SR Watson",
              "runs": {
                "batter": 4,
                "extras": 0,
                "total": 4
              }
            },
            {
              "batter": "CJ Ferguson",
              "bowler": "CP Tremain",
              "extras": {
                "wides": 1
              },
              "non_striker": "SR Watson",
              "runs": {
                "batter": 0,
                "extras": 1,
                "total": 1
              }
            },
            {
              "batter": "CJ Ferguson",
              "bowler": "CP Tremain",
              "non_striker": "SR Watson",
              "runs": {
                "batter": 0,
                "extras": 0,
                "total": 0
              }
            },
            {
              "batter": "CJ Ferguson",
              "bowler": "CP Tremain",
              "non_striker": "SR Watson",
              "runs": {
                "batter": 0,
                "extras": 0,
                "total": 0
              }
            },
            {
              "batter": "CJ Ferguson",
              "bowler": "CP Tremain",
              "non_striker": "SR Watson",
              "runs": {
                "batter": 2,
                "extras": 0,
                "total": 2
              }
            },
            {
              "batter": "CJ Ferguson",
              "bowler": "CP Tremain",
              "non_striker": "SR Watson",
              "runs": {
                "batter": 0,
                "extras": 0,
                "total": 0
              }
            }
          ]
        },
        {
          "over": 2,
          "deliveries": [
            {
              "batter": "SR Watson",
              "bowler": "KW Richardson",
              "non_striker": "CJ Ferguson",
              "runs": {
                "batter": 0,
                "extras": 0,
                "total": 0
              }
            },
            {
              "batter": "SR Watson",
              "bowler": "KW Richardson",
              "non_striker": "CJ Ferguson",
              "runs": {
                "batter": 1,
                "extras": 0,
                "total": 1
              }
            },
            {
              "batter": "CJ Ferguson",
              "bowler": "KW Richardson",
              "non_striker": "SR Watson",
              "runs": {
                "batter": 0,
                "extras": 0,
                "total": 0
              }
            },
            {
              "batter": "CJ Ferguson",
              "bowler": "KW Richardson",
              "non_striker": "SR Watson",
              "runs": {
                "batter": 4,
                "extras": 0,
                "total": 4
              }
            },
            {
              "batter": "CJ Ferguson",
              "bowler": "KW Richardson",
              "non_striker": "SR Watson",
              "runs": {
                "batter": 2,
                "extras": 0,
                "total": 2
              }
            },
            {
              "batter": "CJ Ferguson",
              "bowler": "KW Richardson",
              "non_striker": "SR Watson",
              "runs": {
                "batter": 4,
                "extras": 0,
                "total": 4
              }
            }
          ]
        },
        {
          "over": 3,
          "deliveries": [
            {
              "batter": "SR Watson",
              "bowler": "HF Gurney",
              "non_striker": "CJ Ferguson",
              "runs": {
                "batter": 0,
                "extras": 0,
                "total": 0
              },
              "wickets": [
                {
                  "kind": "caught",
                  "player_out": "SR Watson",
                  "fielders": [
                    {
                      "name": "AJ Finch"
                    }
                  ]
                }
              ]
            },
            {
              "batter": "JJS Sangha",
              "bowler": "HF Gurney",
              "non_striker": "CJ Ferguson",
              "runs": {
                "batter": 0,
                "extras": 0,
                "total": 0
              }
            },
            {
              "batter": "JJS Sangha",
              "bowler": "HF Gurney",
              "non_striker": "CJ Ferguson",
              "runs": {
                "batter": 1,
                "extras": 0,
                "total": 1
              }
            },
            {
              "batter": "CJ Ferguson",
              "bowler": "HF Gurney",
              "non_striker": "JJS Sangha",
              "runs": {
                "batter": 0,
                "extras": 0,
                "total": 0
              }
            },
            {
              "batter": "CJ Ferguson",
              "bowler": "HF Gurney",
              "non_striker": "JJS Sangha",
              "runs": {
                "batter": 2,
                "extras": 0,
                "total": 2
              }
            },
            {
              "batter": "CJ Ferguson",
              "bowler": "HF Gurney",
              "non_striker": "JJS Sangha",
              "runs": {
                "batter": 1,
                "extras": 0,
                "total": 1
              }
            }
          ]
        },
        {
          "over": 4,
          "deliveries": [
            {
              "batter": "CJ Ferguson",
              "bowler": "Mohammad Nabi",
              "non_striker": "JJS Sangha",
              "runs": {
                "batter": 1,
                "extras": 0,
                "total": 1
              }
            },
            {
              "batter": "JJS Sangha",
              "bowler": "Mohammad Nabi",
              "non_striker": "CJ Ferguson",
              "runs": {
                "batter": 1,
                "extras": 0,
                "total": 1
              }
            },
            {
              "batter": "CJ Ferguson",
              "bowler": "Mohammad Nabi",
              "non_striker": "JJS Sangha",
              "runs": {
                "batter": 1,
                "extras": 0,
                "total": 1
              }
            },
            {
              "batter": "JJS Sangha",
              "bowler": "Mohammad Nabi",
              "non_striker": "CJ Ferguson",
              "runs": {
                "batter": 0,
                "extras": 0,
                "total": 0
              }
            },
            {
              "batter": "JJS Sangha",
              "bowler": "Mohammad Nabi",
              "non_striker": "CJ Ferguson",
              "runs": {
                "batter": 1,
                "extras": 0,
                "total": 1
              }
            },
            {
              "batter": "CJ Ferguson",
              "bowler": "Mohammad Nabi",
              "non_striker": "JJS Sangha",
              "runs": {
                "batter": 1,
                "extras": 0,
                "total": 1
              }
            }
          ]
        },
        {
          "over": 5,
          "deliveries": [
            {
              "batter": "CJ Ferguson",
              "bowler": "KW Richardson",
              "non_striker": "JJS Sangha",
              "runs": {
                "batter": 1,
                "extras": 0,
                "total": 1
              }
            },
            {
              "batter": "JJS Sangha",
              "bowler": "KW Richardson",
              "non_striker": "CJ Ferguson",
              "runs": {
                "batter": 1,
                "extras": 0,
                "total": 1
              }
            },
            {
              "batter": "CJ Ferguson",
              "bowler": "KW Richardson",
              "non_striker": "JJS Sangha",
              "runs": {
                "batter": 4,
                "extras": 0,
                "total": 4
              }
            },
            {
              "batter": "CJ Ferguson",
              "bowler": "KW Richardson",
              "non_striker": "JJS Sangha",
              "runs": {
                "batter": 1,
                "extras": 0,
                "total": 1
              }
            },
            {
              "batter": "JJS Sangha",
              "bowler": "KW Richardson",
              "non_striker": "CJ Ferguson",
              "runs": {
                "batter": 6,
                "extras": 0,
                "total": 6
              }
            },
            {
              "batter": "JJS Sangha",
              "bowler": "KW Richardson",
              "non_striker": "CJ Ferguson",
              "runs": {
                "batter": 0,
                "extras": 0,
                "total": 0
              }
            }
          ]
        },
        {
          "over": 6,
          "deliveries": [
            {
              "batter": "CJ Ferguson",
              "bowler": "CJ Boyce",
              "non_striker": "JJS Sangha",
              "runs": {
                "batter": 1,
                "extras": 0,
                "total": 1
              }
            },
            {
              "batter": "JJS Sangha",
              "bowler": "CJ Boyce",
              "non_striker": "CJ Ferguson",
              "runs": {
                "batter": 0,
                "extras": 0,
                "total": 0
              }
            },
            {
              "batter": "JJS Sangha",
              "bowler": "CJ Boyce",
              "non_striker": "CJ Ferguson",
              "runs": {
                "batter": 0,
                "extras": 0,
                "total": 0
              }
            },
            {
              "batter": "JJS Sangha",
              "bowler": "CJ Boyce",
              "non_striker": "CJ Ferguson",
              "runs": {
                "batter": 1,
                "extras": 0,
                "total": 1
              }
            },
            {
              "batter": "CJ Ferguson",
              "bowler": "CJ Boyce",
              "non_striker": "JJS Sangha",
              "runs": {
                "batter": 1,
                "extras": 0,
                "total": 1
              }
            },
            {
              "batter": "JJS Sangha",
              "bowler": "CJ Boyce",
              "non_striker": "CJ Ferguson",
              "runs": {
                "batter": 1,
                "extras": 0,
                "total": 1
              }
            }
          ]
        },
        {
          "over": 7,
          "deliveries": [
            {
              "batter": "JJS Sangha",
              "bowler": "CP Tremain",
              "non_striker": "CJ Ferguson",
              "runs": {
                "batter": 1,
                "extras": 0,
                "total": 1
              }
            },
            {
              "batter": "CJ Ferguson",
              "bowler": "CP Tremain",
              "non_striker": "JJS Sangha",
              "runs": {
                "batter": 1,
                "extras": 0,
                "total": 1
              }
            },
            {
              "batter": "JJS Sangha",
              "bowler": "CP Tremain",
              "non_striker": "CJ Ferguson",
              "runs": {
                "batter": 2,
                "extras": 0,
                "total": 2
              }
            },
            {
              "batter": "JJS Sangha",
              "bowler": "CP Tremain",
              "non_striker": "CJ Ferguson",
              "runs": {
                "batter": 2,
                "extras": 0,
                "total": 2
              }
            },
            {
              "batter": "JJS Sangha",
              "bowler": "CP Tremain",
              "non_striker": "CJ Ferguson",
              "runs": {
                "batter": 0,
                "extras": 0,
                "total": 0
              }
            },
            {
              "batter": "JJS Sangha",
              "bowler": "CP Tremain",
              "non_striker": "CJ Ferguson",
              "runs": {
                "batter": 0,
                "extras": 0,
                "total": 0
              }
            }
          ]
        },
        {
          "over": 8,
          "deliveries": [
            {
              "batter": "CJ Ferguson",
              "bowler": "CJ Boyce",
              "non_striker": "JJS Sangha",
              "runs": {
                "batter": 1,
                "extras": 0,
                "total": 1
              }
            },
            {
              "batter": "JJS Sangha",
              "bowler": "CJ Boyce",
              "non_striker": "CJ Ferguson",
              "runs": {
                "batter": 1,
                "extras": 0,
                "total": 1
              }
            },
            {
              "batter": "CJ Ferguson",
              "bowler": "CJ Boyce",
              "non_striker": "JJS Sangha",
              "runs": {
                "batter": 1,
                "extras": 0,
                "total": 1
              }
            },
            {
              "batter": "JJS Sangha",
              "bowler": "CJ Boyce",
              "non_striker": "CJ Ferguson",
              "runs": {
                "batter": 1,
                "extras": 0,
                "total": 1
              }
            },
            {
              "batter": "CJ Ferguson",
              "bowler": "CJ Boyce",
              "non_striker": "JJS Sangha",
              "runs": {
                "batter": 1,
                "extras": 0,
                "total": 1
              }
            },
            {
              "batter": "JJS Sangha",
              "bowler": "CJ Boyce",
              "non_striker": "CJ Ferguson",
              "runs": {
                "batter": 0,
                "extras": 0,
                "total": 0
              }
            }
          ]
        },
        {
          "over": 9,
          "deliveries": [
            {
              "batter": "CJ Ferguson",
              "bowler": "DT Christian",
              "non_striker": "JJS Sangha",
              "runs": {
                "batter": 1,
                "extras": 0,
                "total": 1
              }
            },
            {
              "batter": "JJS Sangha",
              "bowler": "DT Christian",
              "non_striker": "CJ Ferguson",
              "runs": {
                "batter": 1,
                "extras": 0,
                "total": 1
              }
            },
            {
              "batter": "CJ Ferguson",
              "bowler": "DT Christian",
              "non_striker": "JJS Sangha",
              "runs": {
                "batter": 1,
                "extras": 0,
                "total": 1
              }
            },
            {
              "batter": "JJS Sangha",
              "bowler": "DT Christian",
              "non_striker": "CJ Ferguson",
              "runs": {
                "batter": 1,
                "extras": 0,
                "total": 1
              }
            },
            {
              "batter": "CJ Ferguson",
              "bowler": "DT Christian",
              "non_striker": "JJS Sangha",
              "runs": {
                "batter": 1,
                "extras": 0,
                "total": 1
              }
            },
            {
              "batter": "JJS Sangha",
              "bowler": "DT Christian",
              "extras": {
                "legbyes": 1
              },
              "non_striker": "CJ Ferguson",
              "runs": {
                "batter": 0,
                "extras": 1,
                "total": 1
              }
            }
          ]
        },
        {
          "over": 10,
          "deliveries": [
            {
              "batter": "JJS Sangha",
              "bowler": "Mohammad Nabi",
              "non_striker": "CJ Ferguson",
              "runs": {
                "batter": 0,
                "extras": 0,
                "total": 0
              }
            },
            {
              "batter": "JJS Sangha",
              "bowler": "Mohammad Nabi",
              "non_striker": "CJ Ferguson",
              "runs": {
                "batter": 1,
                "extras": 0,
                "total": 1
              }
            },
            {
              "batter": "CJ Ferguson",
              "bowler": "Mohammad Nabi",
              "non_striker": "JJS Sangha",
              "runs": {
                "batter": 0,
                "extras": 0,
                "total": 0
              }
            },
            {
              "batter": "CJ Ferguson",
              "bowler": "Mohammad Nabi",
              "non_striker": "JJS Sangha",
              "runs": {
                "batter": 4,
                "extras": 0,
                "total": 4
              }
            },
            {
              "batter": "CJ Ferguson",
              "bowler": "Mohammad Nabi",
              "non_striker": "JJS Sangha",
              "runs": {
                "batter": 1,
                "extras": 0,
                "total": 1
              }
            },
            {
              "batter": "JJS Sangha",
              "bowler": "Mohammad Nabi",
              "non_striker": "CJ Ferguson",
              "runs": {
                "batter": 1,
                "extras": 0,
                "total": 1
              }
            }
          ]
        },
        {
          "over": 11,
          "deliveries": [
            {
              "batter": "JJS Sangha",
              "bowler": "DT Christian",
              "non_striker": "CJ Ferguson",
              "runs": {
                "batter": 1,
                "extras": 0,
                "total": 1
              }
            },
            {
              "batter": "CJ Ferguson",
              "bowler": "DT Christian",
              "non_striker": "JJS Sangha",
              "runs": {
                "batter": 4,
                "extras": 0,
                "total": 4
              }
            },
            {
              "batter": "CJ Ferguson",
              "bowler": "DT Christian",
              "non_striker": "JJS Sangha",
              "runs": {
                "batter": 0,
                "extras": 0,
                "total": 0
              }
            },
            {
              "batter": "CJ Ferguson",
              "bowler": "DT Christian",
              "non_striker": "JJS Sangha",
              "runs": {
                "batter": 1,
                "extras": 0,
                "total": 1
              }
            },
            {
              "batter": "JJS Sangha",
              "bowler": "DT Christian",
              "non_striker": "CJ Ferguson",
              "runs": {
                "batter": 2,
                "extras": 0,
                "total": 2
              }
            },
            {
              "batter": "JJS Sangha",
              "bowler": "DT Christian",
              "non_striker": "CJ Ferguson",
              "runs": {
                "batter": 1,
                "extras": 0,
                "total": 1
              }
            }
          ]
        },
        {
          "over": 12,
          "deliveries": [
            {
              "batter": "JJS Sangha",
              "bowler": "CJ Boyce",
              "non_striker": "CJ Ferguson",
              "runs": {
                "batter": 0,
                "extras": 0,
                "total": 0
              }
            },
            {
              "batter": "JJS Sangha",
              "bowler": "CJ Boyce",
              "non_striker": "CJ Ferguson",
              "runs": {
                "batter": 4,
                "extras": 0,
                "total": 4
              }
            },
            {
              "batter": "JJS Sangha",
              "bowler": "CJ Boyce",
              "non_striker": "CJ Ferguson",
              "runs": {
                "batter": 1,
                "extras": 0,
                "total": 1
              }
            },
            {
              "batter": "CJ Ferguson",
              "bowler": "CJ Boyce",
              "non_striker": "JJS Sangha",
              "runs": {
                "batter": 0,
                "extras": 0,
                "total": 0
              },
              "wickets": [
                {
                  "kind": "caught",
                  "player_out": "CJ Ferguson",
                  "fielders": [
                    {
                      "name": "DT Christian"
                    }
                  ]
                }
              ]
            },
            {
              "batter": "CJ Green",
              "bowler": "CJ Boyce",
              "non_striker": "JJS Sangha",
              "runs": {
                "batter": 0,
                "extras": 0,
                "total": 0
              }
            },
            {
              "batter": "CJ Green",
              "bowler": "CJ Boyce",
              "non_striker": "JJS Sangha",
              "runs": {
                "batter": 1,
                "extras": 0,
                "total": 1
              }
            }
          ]
        },
        {
          "over": 13,
          "deliveries": [
            {
              "batter": "CJ Green",
              "bowler": "DT Christian",
              "non_striker": "JJS Sangha",
              "runs": {
                "batter": 1,
                "extras": 0,
                "total": 1
              }
            },
            {
              "batter": "JJS Sangha",
              "bowler": "DT Christian",
              "non_striker": "CJ Green",
              "runs": {
                "batter": 2,
                "extras": 0,
                "total": 2
              }
            },
            {
              "batter": "JJS Sangha",
              "bowler": "DT Christian",
              "non_striker": "CJ Green",
              "runs": {
                "batter": 2,
                "extras": 0,
                "total": 2
              }
            },
            {
              "batter": "JJS Sangha",
              "bowler": "DT Christian",
              "non_striker": "CJ Green",
              "runs": {
                "batter": 0,
                "extras": 0,
                "total": 0
              }
            },
            {
              "batter": "JJS Sangha",
              "bowler": "DT Christian",
              "non_striker": "CJ Green",
              "runs": {
                "batter": 1,
                "extras": 0,
                "total": 1
              }
            },
            {
              "batter": "CJ Green",
              "bowler": "DT Christian",
              "non_striker": "JJS Sangha",
              "runs": {
                "batter": 1,
                "extras": 0,
                "total": 1
              }
            }
          ]
        },
        {
          "over": 14,
          "deliveries": [
            {
              "batter": "CJ Green",
              "bowler": "CJ Boyce",
              "non_striker": "JJS Sangha",
              "runs": {
                "batter": 2,
                "extras": 0,
                "total": 2
              }
            },
            {
              "batter": "CJ Green",
              "bowler": "CJ Boyce",
              "non_striker": "JJS Sangha",
              "runs": {
                "batter": 1,
                "extras": 0,
                "total": 1
              }
            },
            {
              "batter": "JJS Sangha",
              "bowler": "CJ Boyce",
              "non_striker": "CJ Green",
              "runs": {
                "batter": 1,
                "extras": 0,
                "total": 1
              }
            },
            {
              "batter": "CJ Green",
              "bowler": "CJ Boyce",
              "non_striker": "JJS Sangha",
              "runs": {
                "batter": 1,
                "extras": 0,
                "total": 1
              }
            },
            {
              "batter": "JJS Sangha",
              "bowler": "CJ Boyce",
              "non_striker": "CJ Green",
              "runs": {
                "batter": 2,
                "extras": 0,
                "total": 2
              }
            },
            {
              "batter": "JJS Sangha",
              "bowler": "CJ Boyce",
              "non_striker": "CJ Green",
              "runs": {
                "batter": 0,
                "extras": 0,
                "total": 0
              }
            }
          ]
        },
        {
          "over": 15,
          "deliveries": [
            {
              "batter": "CJ Green",
              "bowler": "HF Gurney",
              "extras": {
                "wides": 1
              },
              "non_striker": "JJS Sangha",
              "runs": {
                "batter": 0,
                "extras": 1,
                "total": 1
              }
            },
            {
              "batter": "CJ Green",
              "bowler": "HF Gurney",
              "non_striker": "JJS Sangha",
              "runs": {
                "batter": 0,
                "extras": 0,
                "total": 0
              },
              "wickets": [
                {
                  "kind": "caught",
                  "player_out": "CJ Green",
                  "fielders": [
                    {
                      "name": "DT Christian"
                    }
                  ]
                }
              ]
            },
            {
              "batter": "JJS Sangha",
              "bowler": "HF Gurney",
              "non_striker": "DR Sams",
              "runs": {
                "batter": 1,
                "extras": 0,
                "total": 1
              }
            },
            {
              "batter": "DR Sams",
              "bowler": "HF Gurney",
              "non_striker": "JJS Sangha",
              "runs": {
                "batter": 1,
                "extras": 0,
                "total": 1
              }
            },
            {
              "batter": "JJS Sangha",
              "bowler": "HF Gurney",
              "non_striker": "DR Sams",
              "runs": {
                "batter": 0,
                "extras": 0,
                "total": 0
              }
            },
            {
              "batter": "JJS Sangha",
              "bowler": "HF Gurney",
              "non_striker": "DR Sams",
              "runs": {
                "batter": 1,
                "extras": 0,
                "total": 1
              }
            },
            {
              "batter": "DR Sams",
              "bowler": "HF Gurney",
              "non_striker": "JJS Sangha",
              "runs": {
                "batter": 1,
                "extras": 0,
                "total": 1
              }
            }
          ]
        },
        {
          "over": 16,
          "deliveries": [
            {
              "batter": "DR Sams",
              "bowler": "KW Richardson",
              "non_striker": "JJS Sangha",
              "runs": {
                "batter": 0,
                "extras": 0,
                "total": 0
              }
            },
            {
              "batter": "DR Sams",
              "bowler": "KW Richardson",
              "non_striker": "JJS Sangha",
              "runs": {
                "batter": 0,
                "extras": 0,
                "total": 0
              },
              "wickets": [
                {
                  "kind": "caught",
                  "player_out": "DR Sams",
                  "fielders": [
                    {
                      "name": "MW Harvey"
                    }
                  ]
                }
              ]
            },
            {
              "batter": "JJS Sangha",
              "bowler": "KW Richardson",
              "non_striker": "JS Lenton",
              "runs": {
                "batter": 1,
                "extras": 0,
                "total": 1
              }
            },
            {
              "batter": "JS Lenton",
              "bowler": "KW Richardson",
              "non_striker": "JJS Sangha",
              "runs": {
                "batter": 4,
                "extras": 0,
                "total": 4
              }
            },
            {
              "batter": "JS Lenton",
              "bowler": "KW Richardson",
              "non_striker": "JJS Sangha",
              "runs": {
                "batter": 0,
                "extras": 0,
                "total": 0
              }
            },
            {
              "batter": "JS Lenton",
              "bowler": "KW Richardson",
              "non_striker": "JJS Sangha",
              "runs": {
                "batter": 1,
                "extras": 0,
                "total": 1
              }
            }
          ]
        },
        {
          "over": 17,
          "deliveries": [
            {
              "batter": "JS Lenton",
              "bowler": "HF Gurney",
              "non_striker": "JJS Sangha",
              "runs": {
                "batter": 2,
                "extras": 0,
                "total": 2
              }
            },
            {
              "batter": "JS Lenton",
              "bowler": "HF Gurney",
              "non_striker": "JJS Sangha",
              "runs": {
                "batter": 1,
                "extras": 0,
                "total": 1
              }
            },
            {
              "batter": "JJS Sangha",
              "bowler": "HF Gurney",
              "non_striker": "JS Lenton",
              "runs": {
                "batter": 4,
                "extras": 0,
                "total": 4
              }
            },
            {
              "batter": "JJS Sangha",
              "bowler": "HF Gurney",
              "non_striker": "JS Lenton",
              "runs": {
                "batter": 1,
                "extras": 0,
                "total": 1
              }
            },
            {
              "batter": "JS Lenton",
              "bowler": "HF Gurney",
              "non_striker": "JJS Sangha",
              "runs": {
                "batter": 0,
                "extras": 0,
                "total": 0
              }
            },
            {
              "batter": "JS Lenton",
              "bowler": "HF Gurney",
              "non_striker": "JJS Sangha",
              "runs": {
                "batter": 1,
                "extras": 0,
                "total": 1
              }
            }
          ]
        },
        {
          "over": 18,
          "deliveries": [
            {
              "batter": "JS Lenton",
              "bowler": "DT Christian",
              "non_striker": "JJS Sangha",
              "runs": {
                "batter": 2,
                "extras": 0,
                "total": 2
              }
            },
            {
              "batter": "JS Lenton",
              "bowler": "DT Christian",
              "non_striker": "JJS Sangha",
              "runs": {
                "batter": 0,
                "extras": 0,
                "total": 0
              }
            },
            {
              "batter": "JS Lenton",
              "bowler": "DT Christian",
              "non_striker": "JJS Sangha",
              "runs": {
                "batter": 2,
                "extras": 0,
                "total": 2
              }
            },
            {
              "batter": "JS Lenton",
              "bowler": "DT Christian",
              "non_striker": "JJS Sangha",
              "runs": {
                "batter": 1,
                "extras": 0,
                "total": 1
              }
            },
            {
              "batter": "JJS Sangha",
              "bowler": "DT Christian",
              "non_striker": "JS Lenton",
              "runs": {
                "batter": 1,
                "extras": 0,
                "total": 1
              }
            },
            {
              "batter": "JS Lenton",
              "bowler": "DT Christian",
              "non_striker": "JJS Sangha",
              "runs": {
                "batter": 2,
                "extras": 0,
                "total": 2
              }
            }
          ]
        },
        {
          "over": 19,
          "deliveries": [
            {
              "batter": "JJS Sangha",
              "bowler": "HF Gurney",
              "non_striker": "JS Lenton",
              "runs": {
                "batter": 1,
                "extras": 0,
                "total": 1
              }
            },
            {
              "batter": "JS Lenton",
              "bowler": "HF Gurney",
              "non_striker": "JJS Sangha",
              "runs": {
                "batter": 2,
                "extras": 0,
                "total": 2
              }
            },
            {
              "batter": "JS Lenton",
              "bowler": "HF Gurney",
              "non_striker": "JJS Sangha",
              "runs": {
                "batter": 2,
                "extras": 0,
                "total": 2
              }
            },
            {
              "batter": "JS Lenton",
              "bowler": "HF Gurney",
              "extras": {
                "legbyes": 1
              },
              "non_striker": "JJS Sangha",
              "runs": {
                "batter": 0,
                "extras": 1,
                "total": 1
              }
            },
            {
              "batter": "JJS Sangha",
              "bowler": "HF Gurney",
              "non_striker": "JS Lenton",
              "runs": {
                "batter": 4,
                "extras": 0,
                "total": 4
              }
            },
            {
              "batter": "JJS Sangha",
              "bowler": "HF Gurney",
              "non_striker": "JS Lenton",
              "runs": {
                "batter": 0,
                "extras": 0,
                "total": 0
              }
            }
          ]
        }
      ],
      "powerplays": [
        {
          "from": 0.1,
          "to": 5.6,
          "type": "mandatory"
        }
      ],
      "target": {
        "overs": 20,
        "runs": 153
      }
    }
  ]
}