{
  "meta": {
    "data_version": "1.0.0",
    "created": "2021-01-06",
    "revision": 1
  },
  "info": {
    "balls_per_over": 6,
    "city": "Perth",
    "dates": [
      "2021-01-06"
    ],
    "event": {
      "name": "Big Bash League",
      "match_number": 30
    },
    "gender": "male",
    "match_type": "T20",
    "officials": {
      "match_referees": [
        "SD Fry"
      ],
      "reserve_umpires": [
        "NR Johnstone"
      ],
      "tv_umpires": [
        "SA Lightbody"
      ],
      "umpires": [
        "DM Koch",
        "MW Graham-Smith"
      ]
    },
    "outcome": {
      "winner": "Perth Scorchers",
      "by": {
        "runs": 86
      }
    },
    "overs": 20,
    "player_of_match": [
      "MR Marsh"
    ],
    "players": {
      "Perth Scorchers": [
        "JJ Roy",
        "LS Livingstone",
        "C Munro",
        "JP Inglis",
        "MR Marsh",
        "AJ Turner",
        "AM Hardie",
        "JA Richardson",
        "AJ Tye",
        "JP Behrendorff",
        "Fawad Ahmed"
      ],
      "Sydney Sixers": [
        "BJ Dwarshuis",
        "JR Philippe",
        "J Edwards",
        "JM Vince",
        "DP Hughes",
        "JC Silk",
        "DT Christian",
        "CR Brathwaite",
        "SNJ O'Keefe",
        "JM Bird",
        "JT Ball",
        "L Pope"
      ]
    },
    "registry": {
      "people": {
        "AJ Turner": "ff1e12a0",
        "AJ Tye": "7c7d63a2",
        "AM Hardie": "d405c0d5",
        "BJ Dwarshuis": "e1b9f3a9",
        "C Munro": "af2c687b",
        "CR Brathwaite": "e342e5fb",
        "DM Koch": "6d10c034",
        "DP Hughes": "f3982af9",
        "DT Christian": "2a2e6343",
        "Fawad Ahmed": "22ae3041",
        "J Edwards": "f787e0eb",
        "JA Richardson": "1ee08e9a",
        "JC Silk": "7a6dc294",
        "JJ Roy": "d1c36f5c",
        "JM Bird": "bc773eeb",
        "JM Vince": "a15618fe",
        "JP Behrendorff": "4933f499",
        "JP Inglis": "989889ff",
        "JR Philippe": "39086549",
        "JT Ball": "3d0ed2f9",
        "L Pope": "616a8149",
        "LS Livingstone": "50c6bc2b",
        "MR Marsh": "3d8feaf8",
        "MW Graham-Smith": "18aca3ce",
        "NR Johnstone": "ce274b6a",
        "SA Lightbody": "680b8cbf",
        "SD Fry": "6b725ed1",
        "SNJ O'Keefe": "3540beff"
      }
    },
    "season": "2020/21",
    "supersubs": {
      "Sydney Sixers": "L Pope"
    },
    "team_type": "club",
    "teams": [
      "Perth Scorchers",
      "Sydney Sixers"
    ],
    "toss": {
      "decision": "field",
      "winner": "Sydney Sixers"
    },
    "venue": "Perth Stadium"
  },
  "innings": [
    {
      "team": "Perth Scorchers",
      "overs": [
        {
          "over": 0,
          "deliveries": [
            {
              "batter": "JJ Roy",
              "bowler": "JM Bird",
              "non_striker": "LS Livingstone",
              "runs": {
                "batter": 0,
                "extras": 0,
                "total": 0
              }
            },
            {
              "batter": "JJ Roy",
              "bowler": "JM Bird",
              "non_striker": "LS Livingstone",
              "runs": {
                "batter": 0,
                "extras": 0,
                "total": 0
              }
            },
            {
              "batter": "JJ Roy",
              "bowler": "JM Bird",
              "non_striker": "LS Livingstone",
              "runs": {
                "batter": 4,
                "extras": 0,
                "total": 4
              }
            },
            {
              "batter": "JJ Roy",
              "bowler": "JM Bird",
              "extras": {
                "wides": 1
              },
              "non_striker": "LS Livingstone",
              "runs": {
                "batter": 0,
                "extras": 1,
                "total": 1
              }
            },
            {
              "batter": "JJ Roy",
              "bowler": "JM Bird",
              "non_striker": "LS Livingstone",
              "runs": {
                "batter": 1,
                "extras": 0,
                "total": 1
              }
            },
            {
              "batter": "LS Livingstone",
              "bowler": "JM Bird",
              "non_striker": "JJ Roy",
              "runs": {
                "batter": 0,
                "extras": 0,
                "total": 0
              }
            },
            {
              "batter": "LS Livingstone",
              "bowler": "JM Bird",
              "non_striker": "JJ Roy",
              "runs": {
                "batter": 1,
                "extras": 0,
                "total": 1
              }
            }
          ]
        },
        {
          "over": 1,
          "deliveries": [
            {
              "batter": "LS Livingstone",
              "bowler": "SNJ O'Keefe",
              "non_striker": "JJ Roy",
              "runs": {
                "batter": 0,
                "extras": 0,
                "total": 0
              }
            },
            {
              "batter": "LS Livingstone",
              "bowler": "SNJ O'Keefe",
              "non_striker": "JJ Roy",
              "runs": {
                "batter": 0,
                "extras": 0,
                "total": 0
              }
            },
            {
              "batter": "LS Livingstone",
              "bowler": "SNJ O'Keefe",
              "non_striker": "JJ Roy",
              "runs": {
                "batter": 0,
                "extras": 0,
                "total": 0
              }
            },
            {
              "batter": "LS Livingstone",
              "bowler": "SNJ O'Keefe",
              "non_striker": "JJ Roy",
              "runs": {
                "batter": 1,
                "extras": 0,
                "total": 1
              }
            },
            {
              "batter": "JJ Roy",
              "bowler": "SNJ O'Keefe",
              "non_striker": "LS Livingstone",
              "runs": {
                "batter": 0,
                "extras": 0,
                "total": 0
              }
            },
            {
              "batter": "JJ Roy",
              "bowler": "SNJ O'Keefe",
              "non_striker": "LS Livingstone",
              "runs": {
                "batter": 0,
                "extras": 0,
                "total": 0
              }
            }
          ]
        },
        {
          "over": 2,
          "deliveries": [
            {
              "batter": "LS Livingstone",
              "bowler": "JM Bird",
              "non_striker": "JJ Roy",
              "runs": {
                "batter": 4,
                "extras": 0,
                "total": 4
              }
            },
            {
              "batter": "LS Livingstone",
              "bowler": "JM Bird",
              "non_striker": "JJ Roy",
              "runs": {
                "batter": 4,
                "extras": 0,
                "total": 4
              }
            },
            {
              "batter": "LS Livingstone",
              "bowler": "JM Bird",
              "non_striker": "JJ Roy",
              "runs": {
                "batter": 6,
                "extras": 0,
                "total": 6
              }
            },
            {
              "batter": "LS Livingstone",
              "bowler": "JM Bird",
              "non_striker": "JJ Roy",
              "runs": {
                "batter": 0,
                "extras": 0,
                "total": 0
              }
            },
            {
              "batter": "LS Livingstone",
              "bowler": "JM Bird",
              "non_striker": "JJ Roy",
              "runs": {
                "batter": 0,
                "extras": 0,
                "total": 0
              }
            },
            {
              "batter": "LS Livingstone",
              "bowler": "JM Bird",
              "non_striker": "JJ Roy",
              "runs": {
                "batter": 0,
                "extras": 0,
                "total": 0
              }
            }
          ]
        },
        {
          "over": 3,
          "deliveries": [
            {
              "batter": "JJ Roy",
              "bowler": "SNJ O'Keefe",
              "non_striker": "LS Livingstone",
              "runs": {
                "batter": 1,
                "extras": 0,
                "total": 1
              }
            },
            {
              "batter": "LS Livingstone",
              "bowler": "SNJ O'Keefe",
              "non_striker": "JJ Roy",
              "runs": {
                "batter": 0,
                "extras": 0,
                "total": 0
              },
              "wickets": [
                {
                  "player_out": "LS Livingstone",
                  "fielders": [
                    {
                      "name": "JC Silk"
                    }
                  ],
                  "kind": "caught"
                }
              ]
            },
            {
              "batter": "JJ Roy",
              "bowler": "SNJ O'Keefe",
              "non_striker": "C Munro",
              "runs": {
                "batter": 1,
                "extras": 0,
                "total": 1
              }
            },
            {
              "batter": "C Munro",
              "bowler": "SNJ O'Keefe",
              "non_striker": "JJ Roy",
              "runs": {
                "batter": 0,
                "extras": 0,
                "total": 0
              }
            },
            {
              "batter": "C Munro",
              "bowler": "SNJ O'Keefe",
              "non_striker": "JJ Roy",
              "runs": {
                "batter": 1,
                "extras": 0,
                "total": 1
              }
            },
            {
              "batter": "JJ Roy",
              "bowler": "SNJ O'Keefe",
              "non_striker": "C Munro",
              "runs": {
                "batter": 1,
                "extras": 0,
                "total": 1
              }
            }
          ]
        },
        {
          "over": 4,
          "deliveries": [
            {
              "batter": "JJ Roy",
              "bowler": "JT Ball",
              "non_striker": "C Munro",
              "runs": {
                "batter": 1,
                "extras": 0,
                "total": 1
              }
            },
            {
              "batter": "C Munro",
              "bowler": "JT Ball",
              "non_striker": "JJ Roy",
              "runs": {
                "batter": 1,
                "extras": 0,
                "total": 1
              }
            },
            {
              "batter": "JJ Roy",
              "bowler": "JT Ball",
              "non_striker": "C Munro",
              "runs": {
                "batter": 1,
                "extras": 0,
                "total": 1
              }
            },
            {
              "batter": "C Munro",
              "bowler": "JT Ball",
              "non_striker": "JJ Roy",
              "runs": {
                "batter": 4,
                "extras": 0,
                "total": 4
              }
            },
            {
              "batter": "C Munro",
              "bowler": "JT Ball",
              "non_striker": "JJ Roy",
              "runs": {
                "batter": 1,
                "extras": 0,
                "total": 1
              }
            },
            {
              "batter": "JJ Roy",
              "bowler": "JT Ball",
              "non_striker": "C Munro",
              "runs": {
                "batter": 0,
                "extras": 0,
                "total": 0
              }
            }
          ]
        },
        {
          "over": 5,
          "deliveries": [
            {
              "batter": "C Munro",
              "bowler": "SNJ O'Keefe",
              "non_striker": "JJ Roy",
              "runs": {
                "batter": 0,
                "extras": 0,
                "total": 0
              }
            },
            {
              "batter": "C Munro",
              "bowler": "SNJ O'Keefe",
              "non_striker": "JJ Roy",
              "runs": {
                "batter": 1,
                "extras": 0,
                "total": 1
              }
            },
            {
              "batter": "JJ Roy",
              "bowler": "SNJ O'Keefe",
              "non_striker": "C Munro",
              "runs": {
                "batter": 1,
                "extras": 0,
                "total": 1
              }
            },
            {
              "batter": "C Munro",
              "bowler": "SNJ O'Keefe",
              "non_striker": "JJ Roy",
              "runs": {
                "batter": 0,
                "extras": 0,
                "total": 0
              }
            },
            {
              "batter": "C Munro",
              "bowler": "SNJ O'Keefe",
              "non_striker": "JJ Roy",
              "runs": {
                "batter": 6,
                "extras": 0,
                "total": 6
              }
            },
            {
              "batter": "C Munro",
              "bowler": "SNJ O'Keefe",
              "non_striker": "JJ Roy",
              "runs": {
                "batter": 1,
                "extras": 0,
                "total": 1
              }
            }
          ]
        },
        {
          "over": 6,
          "deliveries": [
            {
              "batter": "C Munro",
              "bowler": "JM Bird",
              "non_striker": "JJ Roy",
              "runs": {
                "batter": 0,
                "extras": 0,
                "total": 0
              }
            },
            {
              "batter": "C Munro",
              "bowler": "JM Bird",
              "non_striker": "JJ Roy",
              "runs": {
                "batter": 0,
                "extras": 0,
                "total": 0
              }
            },
            {
              "batter": "C Munro",
              "bowler": "JM Bird",
              "non_striker": "JJ Roy",
              "runs": {
                "batter": 1,
                "extras": 0,
                "total": 1
              }
            },
            {
              "batter": "JJ Roy",
              "bowler": "JM Bird",
              "non_striker": "C Munro",
              "runs": {
                "batter": 1,
                "extras": 0,
                "total": 1
              }
            },
            {
              "batter": "C Munro",
              "bowler": "JM Bird",
              "non_striker": "JJ Roy",
              "runs": {
                "batter": 2,
                "extras": 0,
                "total": 2
              }
            },
            {
              "batter": "C Munro",
              "bowler": "JM Bird",
              "non_striker": "JJ Roy",
              "runs": {
                "batter": 1,
                "extras": 0,
                "total": 1
              }
            }
          ]
        },
        {
          "over": 7,
          "deliveries": [
            {
              "batter": "C Munro",
              "bowler": "BJ Dwarshuis",
              "non_striker": "JJ Roy",
              "runs": {
                "batter": 1,
                "extras": 0,
                "total": 1
              }
            },
            {
              "batter": "JJ Roy",
              "bowler": "BJ Dwarshuis",
              "non_striker": "C Munro",
              "runs": {
                "batter": 1,
                "extras": 0,
                "total": 1
              }
            },
            {
              "batter": "C Munro",
              "bowler": "BJ Dwarshuis",
              "non_striker": "JJ Roy",
              "runs": {
                "batter": 4,
                "extras": 0,
                "total": 4
              }
            },
            {
              "batter": "C Munro",
              "bowler": "BJ Dwarshuis",
              "non_striker": "JJ Roy",
              "runs": {
                "batter": 1,
                "extras": 0,
                "total": 1
              }
            },
            {
              "batter": "JJ Roy",
              "bowler": "BJ Dwarshuis",
              "non_striker": "C Munro",
              "runs": {
                "batter": 4,
                "extras": 0,
                "total": 4
              }
            },
            {
              "batter": "JJ Roy",
              "bowler": "BJ Dwarshuis",
              "non_striker": "C Munro",
              "runs": {
                "batter": 1,
                "extras": 0,
                "total": 1
              }
            }
          ]
        },
        {
          "over": 8,
          "deliveries": [
            {
              "batter": "JJ Roy",
              "bowler": "DT Christian",
              "non_striker": "C Munro",
              "runs": {
                "batter": 1,
                "extras": 0,
                "total": 1
              }
            },
            {
              "batter": "C Munro",
              "bowler": "DT Christian",
              "non_striker": "JJ Roy",
              "runs": {
                "batter": 0,
                "extras": 0,
                "total": 0
              }
            },
            {
              "batter": "C Munro",
              "bowler": "DT Christian",
              "non_striker": "JJ Roy",
              "runs": {
                "batter": 0,
                "extras": 0,
                "total": 0
              }
            },
            {
              "batter": "C Munro",
              "bowler": "DT Christian",
              "non_striker": "JJ Roy",
              "runs": {
                "batter": 1,
                "extras": 0,
                "total": 1
              }
            },
            {
              "batter": "JJ Roy",
              "bowler": "DT Christian",
              "non_striker": "C Munro",
              "runs": {
                "batter": 0,
                "extras": 0,
                "total": 0
              }
            },
            {
              "batter": "JJ Roy",
              "bowler": "DT Christian",
              "non_striker": "C Munro",
              "runs": {
                "batter": 0,
                "extras": 0,
                "total": 0
              }
            }
          ]
        },
        {
          "over": 9,
          "deliveries": [
            {
              "batter": "C Munro",
              "bowler": "CR Brathwaite",
              "non_striker": "JJ Roy",
              "runs": {
                "batter": 0,
                "extras": 0,
                "total": 0
              }
            },
            {
              "batter": "C Munro",
              "bowler": "CR Brathwaite",
              "non_striker": "JJ Roy",
              "runs": {
                "batter": 1,
                "extras": 0,
                "total": 1
              }
            },
            {
              "batter": "JJ Roy",
              "bowler": "CR Brathwaite",
              "non_striker": "C Munro",
              "runs": {
                "batter": 1,
                "extras": 0,
                "total": 1
              }
            },
            {
              "batter": "C Munro",
              "bowler": "CR Brathwaite",
              "non_striker": "JJ Roy",
              "runs": {
                "batter": 4,
                "extras": 0,
                "total": 4
              }
            },
            {
              "batter": "C Munro",
              "bowler": "CR Brathwaite",
              "non_striker": "JJ Roy",
              "runs": {
                "batter": 2,
                "extras": 0,
                "total": 2
              }
            },
            {
              "batter": "C Munro",
              "bowler": "CR Brathwaite",
              "non_striker": "JJ Roy",
              "runs": {
                "batter": 1,
                "extras": 0,
                "total": 1
              }
            }
          ]
        },
        {
          "over": 10,
          "deliveries": [
            {
              "batter": "C Munro",
              "bowler": "JM Bird",
              "non_striker": "JJ Roy",
              "replacements": {
                "match": [
                  {
                    "in": "L Pope",
                    "out": "BJ Dwarshuis",
                    "team": "Sydney Sixers",
                    "reason": "supersub"
                  }
                ]
              },
              "runs": {
                "batter": 1,
                "extras": 0,
                "total": 1
              }
            },
            {
              "batter": "JJ Roy",
              "bowler": "JM Bird",
              "non_striker": "C Munro",
              "runs": {
                "batter": 1,
                "extras": 0,
                "total": 1
              }
            },
            {
              "batter": "C Munro",
              "bowler": "JM Bird",
              "non_striker": "JJ Roy",
              "runs": {
                "batter": 2,
                "extras": 0,
                "total": 2
              }
            },
            {
              "batter": "C Munro",
              "bowler": "JM Bird",
              "non_striker": "JJ Roy",
              "runs": {
                "batter": 4,
                "extras": 0,
                "total": 4
              }
            },
            {
              "batter": "C Munro",
              "bowler": "JM Bird",
              "non_striker": "JJ Roy",
              "runs": {
                "batter": 0,
                "extras": 0,
                "total": 0
              }
            },
            {
              "batter": "C Munro",
              "bowler": "JM Bird",
              "non_striker": "JJ Roy",
              "runs": {
                "batter": 1,
                "extras": 0,
                "total": 1
              }
            }
          ]
        },
        {
          "over": 11,
          "deliveries": [
            {
              "batter": "C Munro",
              "bowler": "L Pope",
              "non_striker": "JJ Roy",
              "runs": {
                "batter": 6,
                "extras": 0,
                "total": 6
              }
            },
            {
              "batter": "C Munro",
              "bowler": "L Pope",
              "non_striker": "JJ Roy",
              "runs": {
                "batter": 2,
                "extras": 0,
                "total": 2
              }
            },
            {
              "batter": "C Munro",
              "bowler": "L Pope",
              "non_striker": "JJ Roy",
              "runs": {
                "batter": 0,
                "extras": 0,
                "total": 0
              },
              "wickets": [
                {
                  "player_out": "C Munro",
                  "fielders": [
                    {
                      "name": "JM Bird"
                    }
                  ],
                  "kind": "caught"
                }
              ]
            },
            {
              "batter": "JP Inglis",
              "bowler": "L Pope",
              "non_striker": "JJ Roy",
              "runs": {
                "batter": 1,
                "extras": 0,
                "total": 1
              }
            },
            {
              "batter": "JJ Roy",
              "bowler": "L Pope",
              "non_striker": "JP Inglis",
              "runs": {
                "batter": 0,
                "extras": 0,
                "total": 0
              }
            },
            {
              "batter": "JJ Roy",
              "bowler": "L Pope",
              "non_striker": "JP Inglis",
              "runs": {
                "batter": 1,
                "extras": 0,
                "total": 1
              }
            }
          ]
        },
        {
          "over": 12,
          "deliveries": [
            {
              "batter": "JJ Roy",
              "bowler": "DT Christian",
              "non_striker": "JP Inglis",
              "runs": {
                "batter": 1,
                "extras": 0,
                "total": 1
              }
            },
            {
              "batter": "JP Inglis",
              "bowler": "DT Christian",
              "non_striker": "JJ Roy",
              "runs": {
                "batter": 1,
                "extras": 0,
                "total": 1
              }
            },
            {
              "batter": "JJ Roy",
              "bowler": "DT Christian",
              "non_striker": "JP Inglis",
              "runs": {
                "batter": 2,
                "extras": 0,
                "total": 2
              }
            },
            {
              "batter": "JJ Roy",
              "bowler": "DT Christian",
              "non_striker": "JP Inglis",
              "runs": {
                "batter": 1,
                "extras": 0,
                "total": 1
              }
            },
            {
              "batter": "JP Inglis",
              "bowler": "DT Christian",
              "non_striker": "JJ Roy",
              "runs": {
                "batter": 1,
                "extras": 0,
                "total": 1
              }
            },
            {
              "batter": "JJ Roy",
              "bowler": "DT Christian",
              "non_striker": "JP Inglis",
              "runs": {
                "batter": 0,
                "extras": 0,
                "total": 0
              }
            }
          ]
        },
        {
          "over": 13,
          "deliveries": [
            {
              "batter": "JP Inglis",
              "bowler": "L Pope",
              "non_striker": "JJ Roy",
              "runs": {
                "batter": 0,
                "extras": 0,
                "total": 0
              }
            },
            {
              "batter": "JP Inglis",
              "bowler": "L Pope",
              "non_striker": "JJ Roy",
              "runs": {
                "batter": 1,
                "extras": 0,
                "total": 1
              }
            },
            {
              "batter": "JJ Roy",
              "bowler": "L Pope",
              "non_striker": "JP Inglis",
              "runs": {
                "batter": 1,
                "extras": 0,
                "total": 1
              }
            },
            {
              "batter": "JP Inglis",
              "bowler": "L Pope",
              "non_striker": "JJ Roy",
              "runs": {
                "batter": 1,
                "extras": 0,
                "total": 1
              }
            },
            {
              "batter": "JJ Roy",
              "bowler": "L Pope",
              "non_striker": "JP Inglis",
              "runs": {
                "batter": 0,
                "extras": 0,
                "total": 0
              }
            },
            {
              "batter": "JJ Roy",
              "bowler": "L Pope",
              "non_striker": "JP Inglis",
              "runs": {
                "batter": 0,
                "extras": 0,
                "total": 0
              },
              "wickets": [
                {
                  "player_out": "JJ Roy",
                  "fielders": [
                    {
                      "name": "J Edwards"
                    }
                  ],
                  "kind": "caught"
                }
              ]
            }
          ]
        },
        {
          "over": 14,
          "deliveries": [
            {
              "batter": "MR Marsh",
              "bowler": "JT Ball",
              "non_striker": "JP Inglis",
              "runs": {
                "batter": 4,
                "extras": 0,
                "total": 4
              }
            },
            {
              "batter": "MR Marsh",
              "bowler": "JT Ball",
              "non_striker": "JP Inglis",
              "runs": {
                "batter": 1,
                "extras": 0,
                "total": 1
              }
            },
            {
              "batter": "JP Inglis",
              "bowler": "JT Ball",
              "non_striker": "MR Marsh",
              "runs": {
                "batter": 1,
                "extras": 0,
                "total": 1
              }
            },
            {
              "batter": "MR Marsh",
              "bowler": "JT Ball",
              "non_striker": "JP Inglis",
              "runs": {
                "batter": 2,
                "extras": 0,
                "total": 2
              }
            },
            {
              "batter": "MR Marsh",
              "bowler": "JT Ball",
              "non_striker": "JP Inglis",
              "runs": {
                "batter": 0,
                "extras": 0,
                "total": 0
              }
            },
            {
              "batter": "MR Marsh",
              "bowler": "JT Ball",
              "non_striker": "JP Inglis",
              "runs": {
                "batter": 0,
                "extras": 0,
                "total": 0
              }
            }
          ]
        },
        {
          "over": 15,
          "deliveries": [
            {
              "batter": "JP Inglis",
              "bowler": "DT Christian",
              "non_striker": "MR Marsh",
              "runs": {
                "batter": 4,
                "extras": 0,
                "total": 4
              }
            },
            {
              "batter": "JP Inglis",
              "bowler": "DT Christian",
              "extras": {
                "legbyes": 1
              },
              "non_striker": "MR Marsh",
              "runs": {
                "batter": 0,
                "extras": 1,
                "total": 1
              }
            },
            {
              "batter": "MR Marsh",
              "bowler": "DT Christian",
              "non_striker": "JP Inglis",
              "runs": {
                "batter": 2,
                "extras": 0,
                "total": 2
              }
            },
            {
              "batter": "MR Marsh",
              "bowler": "DT Christian",
              "non_striker": "JP Inglis",
              "runs": {
                "batter": 4,
                "extras": 0,
                "total": 4
              }
            },
            {
              "batter": "MR Marsh",
              "bowler": "DT Christian",
              "extras": {
                "wides": 1
              },
              "non_striker": "JP Inglis",
              "runs": {
                "batter": 0,
                "extras": 1,
                "total": 1
              }
            },
            {
              "batter": "MR Marsh",
              "bowler": "DT Christian",
              "non_striker": "JP Inglis",
              "runs": {
                "batter": 4,
                "extras": 0,
                "total": 4
              }
            },
            {
              "batter": "MR Marsh",
              "bowler": "DT Christian",
              "non_striker": "JP Inglis",
              "runs": {
                "batter": 1,
                "extras": 0,
                "total": 1
              }
            }
          ]
        },
        {
          "over": 16,
          "deliveries": [
            {
              "batter": "MR Marsh",
              "bowler": "JT Ball",
              "non_striker": "JP Inglis",
              "runs": {
                "batter": 4,
                "extras": 0,
                "total": 4
              }
            },
            {
              "batter": "MR Marsh",
              "bowler": "JT Ball",
              "non_striker": "JP Inglis",
              "runs": {
                "batter": 2,
                "extras": 0,
                "total": 2
              }
            },
            {
              "batter": "MR Marsh",
              "bowler": "JT Ball",
              "non_striker": "JP Inglis",
              "runs": {
                "batter": 6,
                "extras": 0,
                "total": 6
              }
            },
            {
              "batter": "MR Marsh",
              "bowler": "JT Ball",
              "non_striker": "JP Inglis",
              "runs": {
                "batter": 0,
                "extras": 0,
                "total": 0
              }
            },
            {
              "batter": "MR Marsh",
              "bowler": "JT Ball",
              "non_striker": "JP Inglis",
              "runs": {
                "batter": 0,
                "extras": 0,
                "total": 0
              }
            },
            {
              "batter": "MR Marsh",
              "bowler": "JT Ball",
              "non_striker": "JP Inglis",
              "runs": {
                "batter": 1,
                "extras": 0,
                "total": 1
              }
            }
          ]
        },
        {
          "over": 17,
          "deliveries": [
            {
              "batter": "MR Marsh",
              "bowler": "SNJ O'Keefe",
              "non_striker": "JP Inglis",
              "runs": {
                "batter": 2,
                "extras": 0,
                "total": 2
              }
            },
            {
              "batter": "MR Marsh",
              "bowler": "SNJ O'Keefe",
              "non_striker": "JP Inglis",
              "runs": {
                "batter": 6,
                "extras": 0,
                "total": 6
              }
            },
            {
              "batter": "MR Marsh",
              "bowler": "SNJ O'Keefe",
              "non_striker": "JP Inglis",
              "runs": {
                "batter": 1,
                "extras": 0,
                "total": 1
              }
            },
            {
              "batter": "JP Inglis",
              "bowler": "SNJ O'Keefe",
              "non_striker": "MR Marsh",
              "runs": {
                "batter": 4,
                "extras": 0,
                "total": 4
              }
            },
            {
              "batter": "JP Inglis",
              "bowler": "SNJ O'Keefe",
              "non_striker": "MR Marsh",
              "runs": {
                "batter": 6,
                "extras": 0,
                "total": 6
              }
            },
            {
              "batter": "JP Inglis",
              "bowler": "SNJ O'Keefe",
              "non_striker": "MR Marsh",
              "runs": {
                "batter": 0,
                "extras": 0,
                "total": 0
              },
              "wickets": [
                {
                  "player_out": "JP Inglis",
                  "fielders": [
                    {
                      "name": "JC Silk"
                    }
                  ],
                  "kind": "caught"
                }
              ]
            }
          ]
        },
        {
          "over": 18,
          "deliveries": [
            {
              "batter": "MR Marsh",
              "bowler": "DT Christian",
              "non_striker": "AJ Turner",
              "runs": {
                "batter": 1,
                "extras": 0,
                "total": 1
              }
            },
            {
              "batter": "AJ Turner",
              "bowler": "DT Christian",
              "non_striker": "MR Marsh",
              "runs": {
                "batter": 1,
                "extras": 0,
                "total": 1
              }
            },
            {
              "batter": "MR Marsh",
              "bowler": "DT Christian",
              "extras": {
                "legbyes": 1,
                "noballs": 1
              },
              "non_striker": "AJ Turner",
              "runs": {
                "batter": 0,
                "extras": 2,
                "total": 2
              }
            },
            {
              "batter": "AJ Turner",
              "bowler": "DT Christian",
              "non_striker": "MR Marsh",
              "runs": {
                "batter": 1,
                "extras": 0,
                "total": 1
              }
            },
            {
              "batter": "MR Marsh",
              "bowler": "DT Christian",
              "non_striker": "AJ Turner",
              "runs": {
                "batter": 2,
                "extras": 0,
                "total": 2
              }
            },
            {
              "batter": "MR Marsh",
              "bowler": "DT Christian",
              "non_striker": "AJ Turner",
              "runs": {
                "batter": 4,
                "extras": 0,
                "total": 4
              }
            },
            {
              "batter": "MR Marsh",
              "bowler": "DT Christian",
              "non_striker": "AJ Turner",
              "runs": {
                "batter": 1,
                "extras": 0,
                "total": 1
              }
            }
          ]
        },
        {
          "over": 19,
          "deliveries": [
            {
              "batter": "MR Marsh",
              "bowler": "JT Ball",
              "non_striker": "AJ Turner",
              "runs": {
                "batter": 1,
                "extras": 0,
                "total": 1
              }
            },
            {
              "batter": "AJ Turner",
              "bowler": "JT Ball",
              "non_striker": "MR Marsh",
              "runs": {
                "batter": 4,
                "extras": 0,
                "total": 4
              }
            },
            {
              "batter": "AJ Turner",
              "bowler": "JT Ball",
              "non_striker": "MR Marsh",
              "runs": {
                "batter": 1,
                "extras": 0,
                "total": 1
              }
            },
            {
              "batter": "MR Marsh",
              "bowler": "JT Ball",
              "non_striker": "AJ Turner",
              "runs": {
                "batter": 4,
                "extras": 0,
                "total": 4
              }
            },
            {
              "batter": "MR Marsh",
              "bowler": "JT Ball",
              "non_striker": "AJ Turner",
              "runs": {
                "batter": 4,
                "extras": 0,
                "total": 4
              }
            },
            {
              "batter": "MR Marsh",
              "bowler": "JT Ball",
              "extras": {
                "legbyes": 1
              },
              "non_striker": "AJ Turner",
              "runs": {
                "batter": 0,
                "extras": 1,
                "total": 1
              }
            }
          ]
        }
      ],
      "powerplays": [
        {
          "from": 0.1,
          "to": 3.6,
          "type": "mandatory"
        },
        {
          "from": 15.1,
          "to": 16.6,
          "type": "batting"
        }
      ]
    },
    {
      "team": "Sydney Sixers",
      "overs": [
        {
          "over": 0,
          "deliveries": [
            {
              "batter": "JR Philippe",
              "bowler": "JA Richardson",
              "non_striker": "J Edwards",
              "runs": {
                "batter": 1,
                "extras": 0,
                "total": 1
              }
            },
            {
              "batter": "J Edwards",
              "bowler": "JA Richardson",
              "non_striker": "JR Philippe",
              "runs": {
                "batter": 0,
                "extras": 0,
                "total": 0
              }
            },
            {
              "batter": "J Edwards",
              "bowler": "JA Richardson",
              "non_striker": "JR Philippe",
              "runs": {
                "batter": 2,
                "extras": 0,
                "total": 2
              }
            },
            {
              "batter": "J Edwards",
              "bowler": "JA Richardson",
              "non_striker": "JR Philippe",
              "runs": {
                "batter": 0,
                "extras": 0,
                "total": 0
              }
            },
            {
              "batter": "J Edwards",
              "bowler": "JA Richardson",
              "non_striker": "JR Philippe",
              "runs": {
                "batter": 0,
                "extras": 0,
                "total": 0
              }
            },
            {
              "batter": "J Edwards",
              "bowler": "JA Richardson",
              "non_striker": "JR Philippe",
              "runs": {
                "batter": 1,
                "extras": 0,
                "total": 1
              }
            }
          ]
        },
        {
          "over": 1,
          "deliveries": [
            {
              "batter": "J Edwards",
              "bowler": "JP Behrendorff",
              "non_striker": "JR Philippe",
              "runs": {
                "batter": 1,
                "extras": 0,
                "total": 1
              }
            },
            {
              "batter": "JR Philippe",
              "bowler": "JP Behrendorff",
              "non_striker": "J Edwards",
              "runs": {
                "batter": 4,
                "extras": 0,
                "total": 4
              }
            },
            {
              "batter": "JR Philippe",
              "bowler": "JP Behrendorff",
              "non_striker": "J Edwards",
              "runs": {
                "batter": 0,
                "extras": 0,
                "total": 0
              }
            },
            {
              "batter": "JR Philippe",
              "bowler": "JP Behrendorff",
              "non_striker": "J Edwards",
              "runs": {
                "batter": 0,
                "extras": 0,
                "total": 0
              }
            },
            {
              "batter": "JR Philippe",
              "bowler": "JP Behrendorff",
              "non_striker": "J Edwards",
              "runs": {
                "batter": 0,
                "extras": 0,
                "total": 0
              }
            },
            {
              "batter": "JR Philippe",
              "bowler": "JP Behrendorff",
              "non_striker": "J Edwards",
              "runs": {
                "batter": 0,
                "extras": 0,
                "total": 0
              },
              "wickets": [
                {
                  "player_out": "JR Philippe",
                  "fielders": [
                    {
                      "name": "MR Marsh"
                    }
                  ],
                  "kind": "caught"
                }
              ]
            }
          ]
        },
        {
          "over": 2,
          "deliveries": [
            {
              "batter": "J Edwards",
              "bowler": "JA Richardson",
              "non_striker": "JM Vince",
              "runs": {
                "batter": 1,
                "extras": 0,
                "total": 1
              }
            },
            {
              "batter": "JM Vince",
              "bowler": "JA Richardson",
              "non_striker": "J Edwards",
              "runs": {
                "batter": 0,
                "extras": 0,
                "total": 0
              }
            },
            {
              "batter": "JM Vince",
              "bowler": "JA Richardson",
              "non_striker": "J Edwards",
              "runs": {
                "batter": 0,
                "extras": 0,
                "total": 0
              }
            },
            {
              "batter": "JM Vince",
              "bowler": "JA Richardson",
              "non_striker": "J Edwards",
              "runs": {
                "batter": 0,
                "extras": 0,
                "total": 0
              },
              "wickets": [
                {
                  "player_out": "JM Vince",
                  "fielders": [
                    {
                      "name": "JP Inglis"
                    }
                  ],
                  "kind": "caught"
                }
              ]
            },
            {
              "batter": "DP Hughes",
              "bowler": "JA Richardson",
              "non_striker": "J Edwards",
              "runs": {
                "batter": 0,
                "extras": 0,
                "total": 0
              }
            },
            {
              "batter": "DP Hughes",
              "bowler": "JA Richardson",
              "non_striker": "J Edwards",
              "runs": {
                "batter": 4,
                "extras": 0,
                "total": 4
              }
            }
          ]
        },
        {
          "over": 3,
          "deliveries": [
            {
              "batter": "J Edwards",
              "bowler": "JP Behrendorff",
              "non_striker": "DP Hughes",
              "runs": {
                "batter": 0,
                "extras": 0,
                "total": 0
              }
            },
            {
              "batter": "J Edwards",
              "bowler": "JP Behrendorff",
              "non_striker": "DP Hughes",
              "runs": {
                "batter": 1,
                "extras": 0,
                "total": 1
              }
            },
            {
              "batter": "DP Hughes",
              "bowler": "JP Behrendorff",
              "non_striker": "J Edwards",
              "runs": {
                "batter": 1,
                "extras": 0,
                "total": 1
              }
            },
            {
              "batter": "J Edwards",
              "bowler": "JP Behrendorff",
              "non_striker": "DP Hughes",
              "runs": {
                "batter": 4,
                "extras": 0,
                "total": 4
              }
            },
            {
              "batter": "J Edwards",
              "bowler": "JP Behrendorff",
              "non_striker": "DP Hughes",
              "runs": {
                "batter": 4,
                "extras": 0,
                "total": 4
              }
            },
            {
              "batter": "J Edwards",
              "bowler": "JP Behrendorff",
              "non_striker": "DP Hughes",
              "runs": {
                "batter": 1,
                "extras": 0,
                "total": 1
              }
            }
          ]
        },
        {
          "over": 4,
          "deliveries": [
            {
              "batter": "J Edwards",
              "bowler": "Fawad Ahmed",
              "non_striker": "DP Hughes",
              "runs": {
                "batter": 1,
                "extras": 0,
                "total": 1
              }
            },
            {
              "batter": "DP Hughes",
              "bowler": "Fawad Ahmed",
              "non_striker": "J Edwards",
              "runs": {
                "batter": 1,
                "extras": 0,
                "total": 1
              }
            },
            {
              "batter": "J Edwards",
              "bowler": "Fawad Ahmed",
              "non_striker": "DP Hughes",
              "runs": {
                "batter": 1,
                "extras": 0,
                "total": 1
              }
            },
            {
              "batter": "DP Hughes",
              "bowler": "Fawad Ahmed",
              "non_striker": "J Edwards",
              "runs": {
                "batter": 2,
                "extras": 0,
                "total": 2
              }
            },
            {
              "batter": "DP Hughes",
              "bowler": "Fawad Ahmed",
              "non_striker": "J Edwards",
              "runs": {
                "batter": 0,
                "extras": 0,
                "total": 0
              }
            },
            {
              "batter": "DP Hughes",
              "bowler": "Fawad Ahmed",
              "non_striker": "J Edwards",
              "runs": {
                "batter": 0,
                "extras": 0,
                "total": 0
              }
            }
          ]
        },
        {
          "over": 5,
          "deliveries": [
            {
              "batter": "J Edwards",
              "bowler": "AM Hardie",
              "non_striker": "DP Hughes",
              "runs": {
                "batter": 2,
                "extras": 0,
                "total": 2
              }
            },
            {
              "batter": "J Edwards",
              "bowler": "AM Hardie",
              "non_striker": "DP Hughes",
              "runs": {
                "batter": 1,
                "extras": 0,
                "total": 1
              }
            },
            {
              "batter": "DP Hughes",
              "bowler": "AM Hardie",
              "non_striker": "J Edwards",
              "runs": {
                "batter": 0,
                "extras": 0,
                "total": 0
              }
            },
            {
              "batter": "DP Hughes",
              "bowler": "AM Hardie",
              "non_striker": "J Edwards",
              "runs": {
                "batter": 1,
                "extras": 0,
                "total": 1
              }
            },
            {
              "batter": "J Edwards",
              "bowler": "AM Hardie",
              "non_striker": "DP Hughes",
              "runs": {
                "batter": 1,
                "extras": 0,
                "total": 1
              }
            },
            {
              "batter": "DP Hughes",
              "bowler": "AM Hardie",
              "non_striker": "J Edwards",
              "runs": {
                "batter": 4,
                "extras": 0,
                "total": 4
              }
            }
          ]
        },
        {
          "over": 6,
          "deliveries": [
            {
              "batter": "J Edwards",
              "bowler": "AJ Tye",
              "non_striker": "DP Hughes",
              "runs": {
                "batter": 0,
                "extras": 0,
                "total": 0
              }
            },
            {
              "batter": "J Edwards",
              "bowler": "AJ Tye",
              "non_striker": "DP Hughes",
              "runs": {
                "batter": 1,
                "extras": 0,
                "total": 1
              }
            },
            {
              "batter": "DP Hughes",
              "bowler": "AJ Tye",
              "non_striker": "J Edwards",
              "runs": {
                "batter": 1,
                "extras": 0,
                "total": 1
              }
            },
            {
              "batter": "J Edwards",
              "bowler": "AJ Tye",
              "non_striker": "DP Hughes",
              "runs": {
                "batter": 2,
                "extras": 0,
                "total": 2
              }
            },
            {
              "batter": "J Edwards",
              "bowler": "AJ Tye",
              "non_striker": "DP Hughes",
              "runs": {
                "batter": 1,
                "extras": 0,
                "total": 1
              }
            },
            {
              "batter": "DP Hughes",
              "bowler": "AJ Tye",
              "non_striker": "J Edwards",
              "runs": {
                "batter": 0,
                "extras": 0,
                "total": 0
              },
              "wickets": [
                {
                  "player_out": "DP Hughes",
                  "fielders": [
                    {
                      "name": "JJ Roy"
                    }
                  ],
                  "kind": "caught"
                }
              ]
            }
          ]
        },
        {
          "over": 7,
          "deliveries": [
            {
              "batter": "J Edwards",
              "bowler": "MR Marsh",
              "non_striker": "JC Silk",
              "runs": {
                "batter": 0,
                "extras": 0,
                "total": 0
              }
            },
            {
              "batter": "J Edwards",
              "bowler": "MR Marsh",
              "non_striker": "JC Silk",
              "runs": {
                "batter": 0,
                "extras": 0,
                "total": 0
              }
            },
            {
              "batter": "J Edwards",
              "bowler": "MR Marsh",
              "non_striker": "JC Silk",
              "runs": {
                "batter": 2,
                "extras": 0,
                "total": 2
              }
            },
            {
              "batter": "J Edwards",
              "bowler": "MR Marsh",
              "non_striker": "JC Silk",
              "runs": {
                "batter": 1,
                "extras": 0,
                "total": 1
              }
            },
            {
              "batter": "JC Silk",
              "bowler": "MR Marsh",
              "non_striker": "J Edwards",
              "runs": {
                "batter": 0,
                "extras": 0,
                "total": 0
              },
              "wickets": [
                {
                  "player_out": "JC Silk",
                  "fielders": [
                    {
                      "name": "JA Richardson"
                    }
                  ],
                  "kind": "caught"
                }
              ]
            },
            {
              "batter": "DT Christian",
              "bowler": "MR Marsh",
              "non_striker": "J Edwards",
              "runs": {
                "batter": 0,
                "extras": 0,
                "total": 0
              }
            }
          ]
        },
        {
          "over": 8,
          "deliveries": [
            {
              "batter": "J Edwards",
              "bowler": "AJ Tye",
              "non_striker": "DT Christian",
              "runs": {
                "batter": 0,
                "extras": 0,
                "total": 0
              }
            },
            {
              "batter": "J Edwards",
              "bowler": "AJ Tye",
              "non_striker": "DT Christian",
              "runs": {
                "batter": 4,
                "extras": 0,
                "total": 4
              }
            },
            {
              "batter": "J Edwards",
              "bowler": "AJ Tye",
              "non_striker": "DT Christian",
              "runs": {
                "batter": 0,
                "extras": 0,
                "total": 0
              }
            },
            {
              "batter": "J Edwards",
              "bowler": "AJ Tye",
              "non_striker": "DT Christian",
              "runs": {
                "batter": 1,
                "extras": 0,
                "total": 1
              }
            },
            {
              "batter": "DT Christian",
              "bowler": "AJ Tye",
              "non_striker": "J Edwards",
              "runs": {
                "batter": 0,
                "extras": 0,
                "total": 0
              },
              "wickets": [
                {
                  "player_out": "DT Christian",
                  "fielders": [
                    {
                      "name": "AJ Turner"
                    }
                  ],
                  "kind": "caught"
                }
              ]
            },
            {
              "batter": "J Edwards",
              "bowler": "AJ Tye",
              "non_striker": "CR Brathwaite",
              "runs": {
                "batter": 1,
                "extras": 0,
                "total": 1
              }
            }
          ]
        },
        {
          "over": 9,
          "deliveries": [
            {
              "batter": "J Edwards",
              "bowler": "JA Richardson",
              "non_striker": "CR Brathwaite",
              "runs": {
                "batter": 1,
                "extras": 0,
                "total": 1
              }
            },
            {
              "batter": "CR Brathwaite",
              "bowler": "JA Richardson",
              "non_striker": "J Edwards",
              "runs": {
                "batter": 1,
                "extras": 0,
                "total": 1
              }
            },
            {
              "batter": "J Edwards",
              "bowler": "JA Richardson",
              "non_striker": "CR Brathwaite",
              "runs": {
                "batter": 1,
                "extras": 0,
                "total": 1
              }
            },
            {
              "batter": "CR Brathwaite",
              "bowler": "JA Richardson",
              "non_striker": "J Edwards",
              "runs": {
                "batter": 1,
                "extras": 0,
                "total": 1
              }
            },
            {
              "batter": "J Edwards",
              "bowler": "JA Richardson",
              "non_striker": "CR Brathwaite",
              "runs": {
                "batter": 1,
                "extras": 0,
                "total": 1
              }
            },
            {
              "batter": "CR Brathwaite",
              "bowler": "JA Richardson",
              "non_striker": "J Edwards",
              "runs": {
                "batter": 0,
                "extras": 0,
                "total": 0
              },
              "wickets": [
                {
                  "player_out": "CR Brathwaite",
                  "fielders": [
                    {
                      "name": "JJ Roy"
                    }
                  ],
                  "kind": "caught"
                }
              ]
            }
          ]
        },
        {
          "over": 10,
          "deliveries": [
            {
              "batter": "J Edwards",
              "bowler": "Fawad Ahmed",
              "non_striker": "SNJ O'Keefe",
              "runs": {
                "batter": 1,
                "extras": 0,
                "total": 1
              }
            },
            {
              "batter": "SNJ O'Keefe",
              "bowler": "Fawad Ahmed",
              "non_striker": "J Edwards",
              "runs": {
                "batter": 0,
                "extras": 0,
                "total": 0
              }
            },
            {
              "batter": "SNJ O'Keefe",
              "bowler": "Fawad Ahmed",
              "non_striker": "J Edwards",
              "runs": {
                "batter": 4,
                "extras": 0,
                "total": 4
              }
            },
            {
              "batter": "SNJ O'Keefe",
              "bowler": "Fawad Ahmed",
              "non_striker": "J Edwards",
              "runs": {
                "batter": 0,
                "extras": 0,
                "total": 0
              }
            },
            {
              "batter": "SNJ O'Keefe",
              "bowler": "Fawad Ahmed",
              "non_striker": "J Edwards",
              "runs": {
                "batter": 1,
                "extras": 0,
                "total": 1
              }
            },
            {
              "batter": "J Edwards",
              "bowler": "Fawad Ahmed",
              "non_striker": "SNJ O'Keefe",
              "runs": {
                "batter": 1,
                "extras": 0,
                "total": 1
              }
            }
          ]
        },
        {
          "over": 11,
          "deliveries": [
            {
              "batter": "J Edwards",
              "bowler": "MR Marsh",
              "non_striker": "SNJ O'Keefe",
              "runs": {
                "batter": 4,
                "extras": 0,
                "total": 4
              }
            },
            {
              "batter": "J Edwards",
              "bowler": "MR Marsh",
              "non_striker": "SNJ O'Keefe",
              "runs": {
                "batter": 1,
                "extras": 0,
                "total": 1
              }
            },
            {
              "batter": "SNJ O'Keefe",
              "bowler": "MR Marsh",
              "non_striker": "J Edwards",
              "runs": {
                "batter": 0,
                "extras": 0,
                "total": 0
              }
            },
            {
              "batter": "SNJ O'Keefe",
              "bowler": "MR Marsh",
              "non_striker": "J Edwards",
              "runs": {
                "batter": 0,
                "extras": 0,
                "total": 0
              }
            },
            {
              "batter": "SNJ O'Keefe",
              "bowler": "MR Marsh",
              "non_striker": "J Edwards",
              "runs": {
                "batter": 0,
                "extras": 0,
                "total": 0
              }
            },
            {
              "batter": "SNJ O'Keefe",
              "bowler": "MR Marsh",
              "non_striker": "J Edwards",
              "runs": {
                "batter": 4,
                "extras": 0,
                "total": 4
              }
            }
          ]
        },
        {
          "over": 12,
          "deliveries": [
            {
              "batter": "J Edwards",
              "bowler": "Fawad Ahmed",
              "non_striker": "SNJ O'Keefe",
              "runs": {
                "batter": 0,
                "extras": 0,
                "total": 0
              },
              "wickets": [
                {
                  "player_out": "J Edwards",
                  "fielders": [
                    {
                      "name": "JJ Roy"
                    }
                  ],
                  "kind": "caught"
                }
              ]
            },
            {
              "batter": "JM Bird",
              "bowler": "Fawad Ahmed",
              "non_striker": "SNJ O'Keefe",
              "runs": {
                "batter": 1,
                "extras": 0,
                "total": 1
              }
            },
            {
              "batter": "SNJ O'Keefe",
              "bowler": "Fawad Ahmed",
              "non_striker": "JM Bird",
              "runs": {
                "batter": 2,
                "extras": 0,
                "total": 2
              }
            },
            {
              "batter": "SNJ O'Keefe",
              "bowler": "Fawad Ahmed",
              "non_striker": "JM Bird",
              "runs": {
                "batter": 1,
                "extras": 0,
                "total": 1
              }
            },
            {
              "batter": "JM Bird",
              "bowler": "Fawad Ahmed",
              "non_striker": "SNJ O'Keefe",
              "runs": {
                "batter": 0,
                "extras": 0,
                "total": 0
              }
            },
            {
              "batter": "JM Bird",
              "bowler": "Fawad Ahmed",
              "non_striker": "SNJ O'Keefe",
              "runs": {
                "batter": 1,
                "extras": 0,
                "total": 1
              }
            }
          ]
        },
        {
          "over": 13,
          "deliveries": [
            {
              "batter": "JM Bird",
              "bowler": "AM Hardie",
              "non_striker": "SNJ O'Keefe",
              "runs": {
                "batter": 1,
                "extras": 0,
                "total": 1
              }
            },
            {
              "batter": "SNJ O'Keefe",
              "bowler": "AM Hardie",
              "non_striker": "JM Bird",
              "runs": {
                "batter": 2,
                "extras": 0,
                "total": 2
              }
            },
            {
              "batter": "SNJ O'Keefe",
              "bowler": "AM Hardie",
              "non_striker": "JM Bird",
              "runs": {
                "batter": 1,
                "extras": 0,
                "total": 1
              }
            },
            {
              "batter": "JM Bird",
              "bowler": "AM Hardie",
              "non_striker": "SNJ O'Keefe",
              "runs": {
                "batter": 1,
                "extras": 0,
                "total": 1
              }
            },
            {
              "batter": "SNJ O'Keefe",
              "bowler": "AM Hardie",
              "non_striker": "JM Bird",
              "runs": {
                "batter": 1,
                "extras": 0,
                "total": 1
              }
            },
            {
              "batter": "JM Bird",
              "bowler": "AM Hardie",
              "non_striker": "SNJ O'Keefe",
              "runs": {
                "batter": 2,
                "extras": 0,
                "total": 2
              }
            }
          ]
        },
        {
          "over": 14,
          "deliveries": [
            {
              "batter": "SNJ O'Keefe",
              "bowler": "AJ Tye",
              "non_striker": "JM Bird",
              "runs": {
                "batter": 0,
                "extras": 0,
                "total": 0
              },
              "wickets": [
                {
                  "player_out": "SNJ O'Keefe",
                  "kind": "bowled"
                }
              ]
            },
            {
              "batter": "JT Ball",
              "bowler": "AJ Tye",
              "non_striker": "JM Bird",
              "runs": {
                "batter": 0,
                "extras": 0,
                "total": 0
              }
            },
            {
              "batter": "JT Ball",
              "bowler": "AJ Tye",
              "non_striker": "JM Bird",
              "runs": {
                "batter": 0,
                "extras": 0,
                "total": 0
              }
            },
            {
              "batter": "JT Ball",
              "bowler": "AJ Tye",
              "non_striker": "JM Bird",
              "runs": {
                "batter": 4,
                "extras": 0,
                "total": 4
              }
            },
            {
              "batter": "JT Ball",
              "bowler": "AJ Tye",
              "non_striker": "JM Bird",
              "runs": {
                "batter": 0,
                "extras": 0,
                "total": 0
              }
            },
            {
              "batter": "JT Ball",
              "bowler": "AJ Tye",
              "non_striker": "JM Bird",
              "runs": {
                "batter": 0,
                "extras": 0,
                "total": 0
              }
            }
          ]
        },
        {
          "over": 15,
          "deliveries": [
            {
              "batter": "JM Bird",
              "bowler": "JA Richardson",
              "non_striker": "JT Ball",
              "runs": {
                "batter": 0,
                "extras": 0,
                "total": 0
              }
            },
            {
              "batter": "JM Bird",
              "bowler": "JA Richardson",
              "non_striker": "JT Ball",
              "runs": {
                "batter": 1,
                "extras": 0,
                "total": 1
              }
            },
            {
              "batter": "JT Ball",
              "bowler": "JA Richardson",
              "non_striker": "JM Bird",
              "runs": {
                "batter": 0,
                "extras": 0,
                "total": 0
              },
              "wickets": [
                {
                  "player_out": "JT Ball",
                  "kind": "bowled"
                }
              ]
            },
            {
              "batter": "L Pope",
              "bowler": "JA Richardson",
              "non_striker": "JM Bird",
              "runs": {
                "batter": 0,
                "extras": 0,
                "total": 0
              }
            },
            {
              "batter": "L Pope",
              "bowler": "JA Richardson",
              "non_striker": "JM Bird",
              "runs": {
                "batter": 0,
                "extras": 0,
                "total": 0
              }
            },
            {
              "batter": "L Pope",
              "bowler": "JA Richardson",
              "non_striker": "JM Bird",
              "runs": {
                "batter": 0,
                "extras": 0,
                "total": 0
              }
            }
          ]
        },
        {
          "over": 16,
          "deliveries": [
            {
              "batter": "JM Bird",
              "bowler": "AJ Tye",
              "non_striker": "L Pope",
              "runs": {
                "batter": 4,
                "extras": 0,
                "total": 4
              }
            },
            {
              "batter": "JM Bird",
              "bowler": "AJ Tye",
              "non_striker": "L Pope",
              "runs": {
                "batter": 0,
                "extras": 0,
                "total": 0
              }
            },
            {
              "batter": "JM Bird",
              "bowler": "AJ Tye",
              "non_striker": "L Pope",
              "runs": {
                "batter": 1,
                "extras": 0,
                "total": 1
              }
            },
            {
              "batter": "L Pope",
              "bowler": "AJ Tye",
              "non_striker": "JM Bird",
              "runs": {
                "batter": 0,
                "extras": 0,
                "total": 0
              },
              "wickets": [
                {
                  "player_out": "L Pope",
                  "kind": "caught and bowled"
                }
              ]
            }
          ]
        }
      ],
      "powerplays": [
        {
          "from": 0.1,
          "to": 3.6,
          "type": "mandatory"
        },
        {
          "from": 13.1,
          "to": 14.6,
          "type": "batting"
        }
      ],
      "target": {
        "overs": 20,
        "runs": 184
      }
    }
  ]
}