{
  "meta": {
    "data_version": "1.1.0",
    "created": "2021-12-20",
    "revision": 1
  },
  "info": {
    "balls_per_over": 6,
    "city": "Brisbane",
    "dates": [
      "2021-12-19"
    ],
    "event": {
      "name": "Big Bash League",
      "match_number": 14
    },
    "gender": "male",
    "match_type": "T20",
    "officials": {
      "match_referees": [
        "Kepler Wessels"
      ],
      "reserve_umpires": [
        "SE Dionysius"
      ],
      "tv_umpires": [
        "BC Treloar"
      ],
      "umpires": [
        "DR Close",
        "DM Koch"
      ]
    },
    "outcome": {
      "winner": "Sydney Thunder",
      "by": {
        "runs": 53
      }
    },
    "overs": 20,
    "player_of_match": [
      "S Mahmood"
    ],
    "players": {
      "Sydney Thunder": [
        "M Gilkes",
        "AD Hales",
        "JJS Sangha",
        "SW Billings",
        "DR Sams",
        "BCJ Cutting",
        "AI Ross",
        "N McAndrew",
        "CJ Green",
        "S Mahmood",
        "T Sangha"
      ],
      "Brisbane Heat": [
        "TB Abell",
        "CA Lynn",
        "M Bryant",
        "BM Duckett",
        "SD Heazlett",
        "TLW Cooper",
        "JJ Peirson",
        "JJ Bazley",
        "XC Bartlett",
        "MT Steketee",
        "MJ Swepson",
        "Mujeeb Ur Rahman"
      ]
    },
    "registry": {
      "people": {
        "AD Hales": "92aeac25",
        "AI Ross": "fb0d68b4",
        "BC Treloar": "f7e8ee52",
        "BCJ Cutting": "2e11c706",
        "BM Duckett": "5f26f677",
        "CA Lynn": "45eda7c8",
        "CJ Green": "19b9f399",
        "DM Koch": "6d10c034",
        "DR Close": "4cae2b0c",
        "DR Sams": "caf69bf7",
        "JJ Bazley": "003d49e6",
        "JJ Peirson": "2b55c3b4",
        "JJS Sangha": "8e3cb0e9",
        "Kepler Wessels": "3bedaff0",
        "M Bryant": "f32012f4",
        "M Gilkes": "d85b0f8b",
        "MJ Swepson": "86b4bf88",
        "MT Steketee": "903560ed",
        "Mujeeb Ur Rahman": "7d92277a",
        "N McAndrew": "38c276e1",
        "S Mahmood": "0f6db197",
        "SD Heazlett": "e00a9155",
        "SE Dionysius": "ac886e6f",
        "SW Billings": "c16d4035",
        "T Sangha": "52c952d9",
        "TB Abell": "ba9258a7",
        "TLW Cooper": "2318ba22",
        "XC Bartlett": "3b53243a"
      }
    },
    "season": "2021/22",
    "supersubs": {
      "Brisbane Heat": "TLW Cooper"
    },
    "team_type": "club",
    "teams": [
      "Sydney Thunder",
      "Brisbane Heat"
    ],
    "toss": {
      "decision": "field",
      "winner": "Brisbane Heat"
    },
    "venue": "Brisbane Cricket Ground, Woolloongabba, Brisbane"
  },
  "innings": [
    {
      "team": "Sydney Thunder",
      "overs": [
        {
          "over": 0,
          "deliveries": [
            {
              "batter": "M Gilkes",
              "bowler": "XC Bartlett",
              "extras": {
                "legbyes": 1
              },
              "non_striker": "AD Hales",
              "runs": {
                "batter": 0,
                "extras": 1,
                "total": 1
              }
            },
            {
              "batter": "AD Hales",
              "bowler": "XC Bartlett",
              "non_striker": "M Gilkes",
              "runs": {
                "batter": 1,
                "extras": 0,
                "total": 1
              }
            },
            {
              "batter": "M Gilkes",
              "bowler": "XC Bartlett",
              "non_striker": "AD Hales",
              "runs": {
                "batter": 0,
                "extras": 0,
                "total": 0
              }
            },
            {
              "batter": "M Gilkes",
              "bowler": "XC Bartlett",
              "non_striker": "AD Hales",
              "runs": {
                "batter": 4,
                "extras": 0,
                "total": 4
              }
            },
            {
              "batter": "M Gilkes",
              "bowler": "XC Bartlett",
              "extras": {
                "wides": 1
              },
              "non_striker": "AD Hales",
              "runs": {
                "batter": 0,
                "extras": 1,
                "total": 1
              }
            },
            {
              "batter": "M Gilkes",
              "bowler": "XC Bartlett",
              "non_striker": "AD Hales",
              "runs": {
                "batter": 1,
                "extras": 0,
                "total": 1
              }
            },
            {
              "batter": "AD Hales",
              "bowler": "XC Bartlett",
              "non_striker": "M Gilkes",
              "runs": {
                "batter": 0,
                "extras": 0,
                "total": 0
              }
            }
          ]
        },
        {
          "over": 1,
          "deliveries": [
            {
              "batter": "M Gilkes",
              "bowler": "MT Steketee",
              "non_striker": "AD Hales",
              "runs": {
                "batter": 0,
                "extras": 0,
                "total": 0
              }
            },
            {
              "batter": "M Gilkes",
              "bowler": "MT Steketee",
              "non_striker": "AD Hales",
              "runs": {
                "batter": 6,
                "extras": 0,
                "total": 6
              }
            },
            {
              "batter": "M Gilkes",
              "bowler": "MT Steketee",
              "non_striker": "AD Hales",
              "runs": {
                "batter": 0,
                "extras": 0,
                "total": 0
              }
            },
            {
              "batter": "M Gilkes",
              "bowler": "MT Steketee",
              "non_striker": "AD Hales",
              "runs": {
                "batter": 0,
                "extras": 0,
                "total": 0
              }
            },
            {
              "batter": "M Gilkes",
              "bowler": "MT Steketee",
              "non_striker": "AD Hales",
              "runs": {
                "batter": 0,
                "extras": 0,
                "total": 0
              }
            },
            {
              "batter": "M Gilkes",
              "bowler": "MT Steketee",
              "non_striker": "AD Hales",
              "runs": {
                "batter": 1,
                "extras": 0,
                "total": 1
              }
            }
          ]
        },
        {
          "over": 2,
          "deliveries": [
            {
              "batter": "M Gilkes",
              "bowler": "XC Bartlett",
              "non_striker": "AD Hales",
              "runs": {
                "batter": 0,
                "extras": 0,
                "total": 0
              }
            },
            {
              "batter": "M Gilkes",
              "bowler": "XC Bartlett",
              "non_striker": "AD Hales",
              "runs": {
                "batter": 1,
                "extras": 0,
                "total": 1
              }
            },
            {
              "batter": "AD Hales",
              "bowler": "XC Bartlett",
              "non_striker": "M Gilkes",
              "runs": {
                "batter": 6,
                "extras": 0,
                "total": 6
              }
            },
            {
              "batter": "AD Hales",
              "bowler": "XC Bartlett",
              "non_striker": "M Gilkes",
              "runs": {
                "batter": 4,
                "extras": 0,
                "total": 4
              }
            },
            {
              "batter": "AD Hales",
              "bowler": "XC Bartlett",
              "extras": {
                "legbyes": 1
              },
              "non_striker": "M Gilkes",
              "runs": {
                "batter": 0,
                "extras": 1,
                "total": 1
              }
            },
            {
              "batter": "M Gilkes",
              "bowler": "XC Bartlett",
              "non_striker": "AD Hales",
              "runs": {
                "batter": 4,
                "extras": 0,
                "total": 4
              }
            }
          ]
        },
        {
          "over": 3,
          "deliveries": [
            {
              "batter": "AD Hales",
              "bowler": "Mujeeb Ur Rahman",
              "non_striker": "M Gilkes",
              "runs": {
                "batter": 0,
                "extras": 0,
                "total": 0
              }
            },
            {
              "batter": "AD Hales",
              "bowler": "Mujeeb Ur Rahman",
              "non_striker": "M Gilkes",
              "runs": {
                "batter": 1,
                "extras": 0,
                "total": 1
              }
            },
            {
              "batter": "M Gilkes",
              "bowler": "Mujeeb Ur Rahman",
              "non_striker": "AD Hales",
              "runs": {
                "batter": 0,
                "extras": 0,
                "total": 0
              }
            },
            {
              "batter": "M Gilkes",
              "bowler": "Mujeeb Ur Rahman",
              "non_striker": "AD Hales",
              "runs": {
                "batter": 3,
                "extras": 0,
                "total": 3
              }
            },
            {
              "batter": "AD Hales",
              "bowler": "Mujeeb Ur Rahman",
              "non_striker": "M Gilkes",
              "runs": {
                "batter": 4,
                "extras": 0,
                "total": 4
              }
            },
            {
              "batter": "AD Hales",
              "bowler": "Mujeeb Ur Rahman",
              "non_striker": "M Gilkes",
              "runs": {
                "batter": 0,
                "extras": 0,
                "total": 0
              }
            }
          ]
        },
        {
          "over": 4,
          "deliveries": [
            {
              "batter": "M Gilkes",
              "bowler": "JJ Bazley",
              "non_striker": "AD Hales",
              "runs": {
                "batter": 1,
                "extras": 0,
                "total": 1
              }
            },
            {
              "batter": "AD Hales",
              "bowler": "JJ Bazley",
              "non_striker": "M Gilkes",
              "runs": {
                "batter": 1,
                "extras": 0,
                "total": 1
              }
            },
            {
              "batter": "M Gilkes",
              "bowler": "JJ Bazley",
              "non_striker": "AD Hales",
              "runs": {
                "batter": 1,
                "extras": 0,
                "total": 1
              }
            },
            {
              "batter": "AD Hales",
              "bowler": "JJ Bazley",
              "non_striker": "M Gilkes",
              "runs": {
                "batter": 4,
                "extras": 0,
                "total": 4
              }
            },
            {
              "batter": "AD Hales",
              "bowler": "JJ Bazley",
              "extras": {
                "wides": 1
              },
              "non_striker": "M Gilkes",
              "runs": {
                "batter": 0,
                "extras": 1,
                "total": 1
              }
            },
            {
              "batter": "AD Hales",
              "bowler": "JJ Bazley",
              "extras": {
                "legbyes": 1
              },
              "non_striker": "M Gilkes",
              "runs": {
                "batter": 0,
                "extras": 1,
                "total": 1
              }
            },
            {
              "batter": "M Gilkes",
              "bowler": "JJ Bazley",
              "non_striker": "AD Hales",
              "runs": {
                "batter": 3,
                "extras": 0,
                "total": 3
              }
            }
          ]
        },
        {
          "over": 5,
          "deliveries": [
            {
              "batter": "M Gilkes",
              "bowler": "MJ Swepson",
              "non_striker": "AD Hales",
              "runs": {
                "batter": 1,
                "extras": 0,
                "total": 1
              }
            },
            {
              "batter": "AD Hales",
              "bowler": "MJ Swepson",
              "non_striker": "M Gilkes",
              "runs": {
                "batter": 1,
                "extras": 0,
                "total": 1
              }
            },
            {
              "batter": "M Gilkes",
              "bowler": "MJ Swepson",
              "non_striker": "AD Hales",
              "runs": {
                "batter": 2,
                "extras": 0,
                "total": 2
              }
            },
            {
              "batter": "M Gilkes",
              "bowler": "MJ Swepson",
              "non_striker": "AD Hales",
              "runs": {
                "batter": 0,
                "extras": 0,
                "total": 0
              }
            },
            {
              "batter": "M Gilkes",
              "bowler": "MJ Swepson",
              "non_striker": "AD Hales",
              "runs": {
                "batter": 0,
                "extras": 0,
                "total": 0
              },
              "wickets": [
                {
                  "player_out": "M Gilkes",
                  "fielders": [
                    {
                      "name": "TLW Cooper",
                      "substitute": true
                    }
                  ],
                  "kind": "caught"
                }
              ]
            },
            {
              "batter": "AD Hales",
              "bowler": "MJ Swepson",
              "non_striker": "JJS Sangha",
              "runs": {
                "batter": 1,
                "extras": 0,
                "total": 1
              }
            }
          ]
        },
        {
          "over": 6,
          "deliveries": [
            {
              "batter": "AD Hales",
              "bowler": "MT Steketee",
              "non_striker": "JJS Sangha",
              "runs": {
                "batter": 1,
                "extras": 0,
                "total": 1
              }
            },
            {
              "batter": "JJS Sangha",
              "bowler": "MT Steketee",
              "non_striker": "AD Hales",
              "runs": {
                "batter": 0,
                "extras": 0,
                "total": 0
              }
            },
            {
              "batter": "JJS Sangha",
              "bowler": "MT Steketee",
              "non_striker": "AD Hales",
              "runs": {
                "batter": 1,
                "extras": 0,
                "total": 1
              }
            },
            {
              "batter": "AD Hales",
              "bowler": "MT Steketee",
              "non_striker": "JJS Sangha",
              "runs": {
                "batter": 1,
                "extras": 0,
                "total": 1
              }
            },
            {
              "batter": "JJS Sangha",
              "bowler": "MT Steketee",
              "non_striker": "AD Hales",
              "runs": {
                "batter": 0,
                "extras": 0,
                "total": 0
              }
            },
            {
              "batter": "JJS Sangha",
              "bowler": "MT Steketee",
              "non_striker": "AD Hales",
              "runs": {
                "batter": 0,
                "extras": 0,
                "total": 0
              }
            }
          ]
        },
        {
          "over": 7,
          "deliveries": [
            {
              "batter": "AD Hales",
              "bowler": "MJ Swepson",
              "non_striker": "JJS Sangha",
              "runs": {
                "batter": 1,
                "extras": 0,
                "total": 1
              }
            },
            {
              "batter": "JJS Sangha",
              "bowler": "MJ Swepson",
              "non_striker": "AD Hales",
              "runs": {
                "batter": 2,
                "extras": 0,
                "total": 2
              }
            },
            {
              "batter": "JJS Sangha",
              "bowler": "MJ Swepson",
              "non_striker": "AD Hales",
              "runs": {
                "batter": 1,
                "extras": 0,
                "total": 1
              }
            },
            {
              "batter": "AD Hales",
              "bowler": "MJ Swepson",
              "non_striker": "JJS Sangha",
              "runs": {
                "batter": 0,
                "extras": 0,
                "total": 0
              }
            },
            {
              "batter": "AD Hales",
              "bowler": "MJ Swepson",
              "non_striker": "JJS Sangha",
              "runs": {
                "batter": 0,
                "extras": 0,
                "total": 0
              }
            },
            {
              "batter": "AD Hales",
              "bowler": "MJ Swepson",
              "non_striker": "JJS Sangha",
              "runs": {
                "batter": 1,
                "extras": 0,
                "total": 1
              }
            }
          ]
        },
        {
          "over": 8,
          "deliveries": [
            {
              "batter": "AD Hales",
              "bowler": "JJ Bazley",
              "non_striker": "JJS Sangha",
              "runs": {
                "batter": 0,
                "extras": 0,
                "total": 0
              }
            },
            {
              "batter": "AD Hales",
              "bowler": "JJ Bazley",
              "non_striker": "JJS Sangha",
              "runs": {
                "batter": 6,
                "extras": 0,
                "total": 6
              }
            },
            {
              "batter": "AD Hales",
              "bowler": "JJ Bazley",
              "non_striker": "JJS Sangha",
              "runs": {
                "batter": 1,
                "extras": 0,
                "total": 1
              }
            },
            {
              "batter": "JJS Sangha",
              "bowler": "JJ Bazley",
              "non_striker": "AD Hales",
              "runs": {
                "batter": 0,
                "extras": 0,
                "total": 0
              }
            },
            {
              "batter": "JJS Sangha",
              "bowler": "JJ Bazley",
              "non_striker": "AD Hales",
              "runs": {
                "batter": 2,
                "extras": 0,
                "total": 2
              }
            },
            {
              "batter": "JJS Sangha",
              "bowler": "JJ Bazley",
              "non_striker": "AD Hales",
              "runs": {
                "batter": 1,
                "extras": 0,
                "total": 1
              }
            }
          ]
        },
        {
          "over": 9,
          "deliveries": [
            {
              "batter": "JJS Sangha",
              "bowler": "Mujeeb Ur Rahman",
              "non_striker": "AD Hales",
              "runs": {
                "batter": 0,
                "extras": 0,
                "total": 0
              }
            },
            {
              "batter": "JJS Sangha",
              "bowler": "Mujeeb Ur Rahman",
              "non_striker": "AD Hales",
              "runs": {
                "batter": 4,
                "extras": 0,
                "total": 4
              }
            },
            {
              "batter": "JJS Sangha",
              "bowler": "Mujeeb Ur Rahman",
              "non_striker": "AD Hales",
              "runs": {
                "batter": 1,
                "extras": 0,
                "total": 1
              }
            },
            {
              "batter": "AD Hales",
              "bowler": "Mujeeb Ur Rahman",
              "extras": {
                "wides": 1
              },
              "non_striker": "JJS Sangha",
              "runs": {
                "batter": 0,
                "extras": 1,
                "total": 1
              }
            },
            {
              "batter": "AD Hales",
              "bowler": "Mujeeb Ur Rahman",
              "non_striker": "JJS Sangha",
              "runs": {
                "batter": 1,
                "extras": 0,
                "total": 1
              }
            },
            {
              "batter": "JJS Sangha",
              "bowler": "Mujeeb Ur Rahman",
              "non_striker": "AD Hales",
              "runs": {
                "batter": 0,
                "extras": 0,
                "total": 0
              }
            },
            {
              "batter": "JJS Sangha",
              "bowler": "Mujeeb Ur Rahman",
              "non_striker": "AD Hales",
              "runs": {
                "batter": 0,
                "extras": 0,
                "total": 0
              }
            }
          ]
        },
        {
          "over": 10,
          "deliveries": [
            {
              "batter": "AD Hales",
              "bowler": "XC Bartlett",
              "non_striker": "JJS Sangha",
              "replacements": {
                "match": [
                  {
                    "in": "TLW Cooper",
                    "out": "TB Abell",
                    "team": "Brisbane Heat",
                    "reason": "supersub"
                  }
                ]
              },
              "runs": {
                "batter": 0,
                "extras": 0,
                "total": 0
              }
            },
            {
              "batter": "AD Hales",
              "bowler": "XC Bartlett",
              "non_striker": "JJS Sangha",
              "runs": {
                "batter": 0,
                "extras": 0,
                "total": 0
              },
              "wickets": [
                {
                  "player_out": "AD Hales",
                  "fielders": [
                    {
                      "name": "BM Duckett"
                    }
                  ],
                  "kind": "caught"
                }
              ]
            },
            {
              "batter": "JJS Sangha",
              "bowler": "XC Bartlett",
              "extras": {
                "wides": 1
              },
              "non_striker": "SW Billings",
              "runs": {
                "batter": 0,
                "extras": 1,
                "total": 1
              }
            },
            {
              "batter": "JJS Sangha",
              "bowler": "XC Bartlett",
              "non_striker": "SW Billings",
              "runs": {
                "batter": 3,
                "extras": 0,
                "total": 3
              }
            },
            {
              "batter": "SW Billings",
              "bowler": "XC Bartlett",
              "non_striker": "JJS Sangha",
              "runs": {
                "batter": 1,
                "extras": 0,
                "total": 1
              }
            },
            {
              "batter": "JJS Sangha",
              "bowler": "XC Bartlett",
              "non_striker": "SW Billings",
              "runs": {
                "batter": 0,
                "extras": 0,
                "total": 0
              }
            },
            {
              "batter": "JJS Sangha",
              "bowler": "XC Bartlett",
              "non_striker": "SW Billings",
              "runs": {
                "batter": 2,
                "extras": 0,
                "total": 2
              }
            }
          ]
        },
        {
          "over": 11,
          "deliveries": [
            {
              "batter": "SW Billings",
              "bowler": "MJ Swepson",
              "non_striker": "JJS Sangha",
              "runs": {
                "batter": 1,
                "extras": 0,
                "total": 1
              }
            },
            {
              "batter": "JJS Sangha",
              "bowler": "MJ Swepson",
              "extras": {
                "wides": 1
              },
              "non_striker": "SW Billings",
              "runs": {
                "batter": 0,
                "extras": 1,
                "total": 1
              }
            },
            {
              "batter": "JJS Sangha",
              "bowler": "MJ Swepson",
              "non_striker": "SW Billings",
              "runs": {
                "batter": 1,
                "extras": 0,
                "total": 1
              }
            },
            {
              "batter": "SW Billings",
              "bowler": "MJ Swepson",
              "non_striker": "JJS Sangha",
              "runs": {
                "batter": 4,
                "extras": 0,
                "total": 4
              }
            },
            {
              "batter": "SW Billings",
              "bowler": "MJ Swepson",
              "non_striker": "JJS Sangha",
              "runs": {
                "batter": 0,
                "extras": 0,
                "total": 0
              }
            },
            {
              "batter": "SW Billings",
              "bowler": "MJ Swepson",
              "non_striker": "JJS Sangha",
              "runs": {
                "batter": 4,
                "extras": 0,
                "total": 4
              }
            },
            {
              "batter": "SW Billings",
              "bowler": "MJ Swepson",
              "non_striker": "JJS Sangha",
              "runs": {
                "batter": 1,
                "extras": 0,
                "total": 1
              }
            }
          ]
        },
        {
          "over": 12,
          "deliveries": [
            {
              "batter": "SW Billings",
              "bowler": "JJ Bazley",
              "extras": {
                "legbyes": 1
              },
              "non_striker": "JJS Sangha",
              "runs": {
                "batter": 0,
                "extras": 1,
                "total": 1
              }
            },
            {
              "batter": "JJS Sangha",
              "bowler": "JJ Bazley",
              "non_striker": "SW Billings",
              "runs": {
                "batter": 0,
                "extras": 0,
                "total": 0
              }
            },
            {
              "batter": "JJS Sangha",
              "bowler": "JJ Bazley",
              "non_striker": "SW Billings",
              "runs": {
                "batter": 4,
                "extras": 0,
                "total": 4
              }
            },
            {
              "batter": "JJS Sangha",
              "bowler": "JJ Bazley",
              "non_striker": "SW Billings",
              "runs": {
                "batter": 1,
                "extras": 0,
                "total": 1
              }
            },
            {
              "batter": "SW Billings",
              "bowler": "JJ Bazley",
              "non_striker": "JJS Sangha",
              "runs": {
                "batter": 6,
                "extras": 0,
                "total": 6
              }
            },
            {
              "batter": "SW Billings",
              "bowler": "JJ Bazley",
              "non_striker": "JJS Sangha",
              "runs": {
                "batter": 4,
                "extras": 0,
                "total": 4
              }
            }
          ]
        },
        {
          "over": 13,
          "deliveries": [
            {
              "batter": "JJS Sangha",
              "bowler": "MT Steketee",
              "non_striker": "SW Billings",
              "runs": {
                "batter": 6,
                "extras": 0,
                "total": 6
              }
            },
            {
              "batter": "JJS Sangha",
              "bowler": "MT Steketee",
              "non_striker": "SW Billings",
              "runs": {
                "batter": 1,
                "extras": 0,
                "total": 1
              }
            },
            {
              "batter": "SW Billings",
              "bowler": "MT Steketee",
              "non_striker": "JJS Sangha",
              "runs": {
                "batter": 2,
                "extras": 0,
                "total": 2
              }
            },
            {
              "batter": "SW Billings",
              "bowler": "MT Steketee",
              "non_striker": "JJS Sangha",
              "runs": {
                "batter": 2,
                "extras": 0,
                "total": 2
              }
            },
            {
              "batter": "SW Billings",
              "bowler": "MT Steketee",
              "non_striker": "JJS Sangha",
              "runs": {
                "batter": 1,
                "extras": 0,
                "total": 1
              }
            },
            {
              "batter": "JJS Sangha",
              "bowler": "MT Steketee",
              "non_striker": "SW Billings",
              "runs": {
                "batter": 4,
                "extras": 0,
                "total": 4
              }
            }
          ]
        },
        {
          "over": 14,
          "deliveries": [
            {
              "batter": "SW Billings",
              "bowler": "Mujeeb Ur Rahman",
              "non_striker": "JJS Sangha",
              "runs": {
                "batter": 6,
                "extras": 0,
                "total": 6
              }
            },
            {
              "batter": "SW Billings",
              "bowler": "Mujeeb Ur Rahman",
              "non_striker": "JJS Sangha",
              "runs": {
                "batter": 0,
                "extras": 0,
                "total": 0
              }
            },
            {
              "batter": "SW Billings",
              "bowler": "Mujeeb Ur Rahman",
              "non_striker": "JJS Sangha",
              "runs": {
                "batter": 1,
                "extras": 0,
                "total": 1
              }
            },
            {
              "batter": "JJS Sangha",
              "bowler": "Mujeeb Ur Rahman",
              "non_striker": "SW Billings",
              "runs": {
                "batter": 2,
                "extras": 0,
                "total": 2
              }
            },
            {
              "batter": "JJS Sangha",
              "bowler": "Mujeeb Ur Rahman",
              "non_striker": "SW Billings",
              "runs": {
                "batter": 1,
                "extras": 0,
                "total": 1
              }
            },
            {
              "batter": "SW Billings",
              "bowler": "Mujeeb Ur Rahman",
              "non_striker": "JJS Sangha",
              "runs": {
                "batter": 1,
                "extras": 0,
                "total": 1
              }
            }
          ]
        },
        {
          "over": 15,
          "deliveries": [
            {
              "batter": "SW Billings",
              "bowler": "MJ Swepson",
              "non_striker": "JJS Sangha",
              "runs": {
                "batter": 1,
                "extras": 0,
                "total": 1
              }
            },
            {
              "batter": "JJS Sangha",
              "bowler": "MJ Swepson",
              "non_striker": "SW Billings",
              "runs": {
                "batter": 2,
                "extras": 0,
                "total": 2
              }
            },
            {
              "batter": "JJS Sangha",
              "bowler": "MJ Swepson",
              "non_striker": "SW Billings",
              "runs": {
                "batter": 0,
                "extras": 0,
                "total": 0
              },
              "wickets": [
                {
                  "player_out": "JJS Sangha",
                  "kind": "bowled"
                }
              ]
            },
            {
              "batter": "DR Sams",
              "bowler": "MJ Swepson",
              "non_striker": "SW Billings",
              "runs": {
                "batter": 0,
                "extras": 0,
                "total": 0
              }
            },
            {
              "batter": "DR Sams",
              "bowler": "MJ Swepson",
              "non_striker": "SW Billings",
              "runs": {
                "batter": 1,
                "extras": 0,
                "total": 1
              }
            },
            {
              "batter": "SW Billings",
              "bowler": "MJ Swepson",
              "non_striker": "DR Sams",
              "runs": {
                "batter": 1,
                "extras": 0,
                "total": 1
              }
            }
          ]
        },
        {
          "over": 16,
          "deliveries": [
            {
              "batter": "SW Billings",
              "bowler": "XC Bartlett",
              "non_striker": "DR Sams",
              "runs": {
                "batter": 6,
                "extras": 0,
                "total": 6
              }
            },
            {
              "batter": "SW Billings",
              "bowler": "XC Bartlett",
              "extras": {
                "wides": 1
              },
              "non_striker": "DR Sams",
              "runs": {
                "batter": 0,
                "extras": 1,
                "total": 1
              }
            },
            {
              "batter": "SW Billings",
              "bowler": "XC Bartlett",
              "non_striker": "DR Sams",
              "runs": {
                "batter": 1,
                "extras": 0,
                "total": 1
              }
            },
            {
              "batter": "DR Sams",
              "bowler": "XC Bartlett",
              "non_striker": "SW Billings",
              "runs": {
                "batter": 0,
                "extras": 0,
                "total": 0
              },
              "wickets": [
                {
                  "player_out": "DR Sams",
                  "fielders": [
                    {
                      "name": "MT Steketee"
                    }
                  ],
                  "kind": "caught"
                }
              ]
            },
            {
              "batter": "SW Billings",
              "bowler": "XC Bartlett",
              "extras": {
                "wides": 1
              },
              "non_striker": "BCJ Cutting",
              "runs": {
                "batter": 0,
                "extras": 1,
                "total": 1
              }
            },
            {
              "batter": "SW Billings",
              "bowler": "XC Bartlett",
              "non_striker": "BCJ Cutting",
              "runs": {
                "batter": 4,
                "extras": 0,
                "total": 4
              }
            },
            {
              "batter": "SW Billings",
              "bowler": "XC Bartlett",
              "extras": {
                "wides": 1
              },
              "non_striker": "BCJ Cutting",
              "runs": {
                "batter": 0,
                "extras": 1,
                "total": 1
              }
            },
            {
              "batter": "SW Billings",
              "bowler": "XC Bartlett",
              "non_striker": "BCJ Cutting",
              "runs": {
                "batter": 1,
                "extras": 0,
                "total": 1
              }
            },
            {
              "batter": "BCJ Cutting",
              "bowler": "XC Bartlett",
              "non_striker": "SW Billings",
              "runs": {
                "batter": 1,
                "extras": 0,
                "total": 1
              }
            }
          ]
        },
        {
          "over": 17,
          "deliveries": [
            {
              "batter": "BCJ Cutting",
              "bowler": "Mujeeb Ur Rahman",
              "non_striker": "SW Billings",
              "runs": {
                "batter": 1,
                "extras": 0,
                "total": 1
              }
            },
            {
              "batter": "SW Billings",
              "bowler": "Mujeeb Ur Rahman",
              "extras": {
                "legbyes": 1
              },
              "non_striker": "BCJ Cutting",
              "runs": {
                "batter": 0,
                "extras": 1,
                "total": 1
              }
            },
            {
              "batter": "BCJ Cutting",
              "bowler": "Mujeeb Ur Rahman",
              "non_striker": "SW Billings",
              "runs": {
                "batter": 0,
                "extras": 0,
                "total": 0
              }
            },
            {
              "batter": "BCJ Cutting",
              "bowler": "Mujeeb Ur Rahman",
              "non_striker": "SW Billings",
              "runs": {
                "batter": 0,
                "extras": 0,
                "total": 0
              }
            },
            {
              "batter": "BCJ Cutting",
              "bowler": "Mujeeb Ur Rahman",
              "non_striker": "SW Billings",
              "runs": {
                "batter": 1,
                "extras": 0,
                "total": 1
              }
            },
            {
              "batter": "SW Billings",
              "bowler": "Mujeeb Ur Rahman",
              "non_striker": "BCJ Cutting",
              "runs": {
                "batter": 6,
                "extras": 0,
                "total": 6
              }
            }
          ]
        },
        {
          "over": 18,
          "deliveries": [
            {
              "batter": "BCJ Cutting",
              "bowler": "JJ Bazley",
              "non_striker": "SW Billings",
              "runs": {
                "batter": 0,
                "extras": 0,
                "total": 0
              }
            },
            {
              "batter": "BCJ Cutting",
              "bowler": "JJ Bazley",
              "extras": {
                "legbyes": 1
              },
              "non_striker": "SW Billings",
              "runs": {
                "batter": 0,
                "extras": 1,
                "total": 1
              }
            },
            {
              "batter": "SW Billings",
              "bowler": "JJ Bazley",
              "non_striker": "BCJ Cutting",
              "runs": {
                "batter": 6,
                "extras": 0,
                "total": 6
              }
            },
            {
              "batter": "SW Billings",
              "bowler": "JJ Bazley",
              "non_striker": "BCJ Cutting",
              "runs": {
                "batter": 4,
                "extras": 0,
                "total": 4
              }
            },
            {
              "batter": "SW Billings",
              "bowler": "JJ Bazley",
              "extras": {
                "wides": 1
              },
              "non_striker": "BCJ Cutting",
              "runs": {
                "batter": 0,
                "extras": 1,
                "total": 1
              }
            },
            {
              "batter": "SW Billings",
              "bowler": "JJ Bazley",
              "extras": {
                "wides": 1
              },
              "non_striker": "BCJ Cutting",
              "runs": {
                "batter": 0,
                "extras": 1,
                "total": 1
              }
            },
            {
              "batter": "SW Billings",
              "bowler": "JJ Bazley",
              "non_striker": "BCJ Cutting",
              "runs": {
                "batter": 0,
                "extras": 0,
                "total": 0
              },
              "wickets": [
                {
                  "player_out": "SW Billings",
                  "kind": "lbw"
                }
              ]
            },
            {
              "batter": "AI Ross",
              "bowler": "JJ Bazley",
              "non_striker": "BCJ Cutting",
              "runs": {
                "batter": 4,
                "extras": 0,
                "total": 4
              }
            }
          ]
        },
        {
          "over": 19,
          "deliveries": [
            {
              "batter": "BCJ Cutting",
              "bowler": "MT Steketee",
              "non_striker": "AI Ross",
              "runs": {
                "batter": 4,
                "extras": 0,
                "total": 4
              }
            },
            {
              "batter": "BCJ Cutting",
              "bowler": "MT Steketee",
              "non_striker": "AI Ross",
              "runs": {
                "batter": 1,
                "extras": 0,
                "total": 1
              }
            },
            {
              "batter": "AI Ross",
              "bowler": "MT Steketee",
              "non_striker": "BCJ Cutting",
              "runs": {
                "batter": 0,
                "extras": 0,
                "total": 0
              },
              "wickets": [
                {
                  "player_out": "AI Ross",
                  "fielders": [
                    {
                      "name": "JJ Peirson"
                    }
                  ],
                  "kind": "caught"
                }
              ]
            },
            {
              "batter": "N McAndrew",
              "bowler": "MT Steketee",
              "non_striker": "BCJ Cutting",
              "runs": {
                "batter": 1,
                "extras": 0,
                "total": 1
              }
            },
            {
              "batter": "BCJ Cutting",
              "bowler": "MT Steketee",
              "non_striker": "N McAndrew",
              "runs": {
                "batter": 0,
                "extras": 0,
                "total": 0
              }
            },
            {
              "batter": "BCJ Cutting",
              "bowler": "MT Steketee",
              "non_striker": "N McAndrew",
              "runs": {
                "batter": 0,
                "extras": 0,
                "total": 0
              },
              "wickets": [
                {
                  "player_out": "BCJ Cutting",
                  "fielders": [
                    {
                      "name": "JJ Peirson"
                    }
                  ],
                  "kind": "caught"
                }
              ]
            }
          ]
        }
      ],
      "powerplays": [
        {
          "from": 0.1,
          "to": 3.6,
          "type": "mandatory"
        },
        {
          "from": 12.1,
          "to": 13.6,
          "type": "batting"
        }
      ]
    },
    {
      "team": "Brisbane Heat",
      "overs": [
        {
          "over": 0,
          "deliveries": [
            {
              "batter": "CA Lynn",
              "bowler": "S Mahmood",
              "non_striker": "M Bryant",
              "runs": {
                "batter": 4,
                "extras": 0,
                "total": 4
              }
            },
            {
              "batter": "CA Lynn",
              "bowler": "S Mahmood",
              "non_striker": "M Bryant",
              "runs": {
                "batter": 0,
                "extras": 0,
                "total": 0
              }
            },
            {
              "batter": "CA Lynn",
              "bowler": "S Mahmood",
              "non_striker": "M Bryant",
              "runs": {
                "batter": 0,
                "extras": 0,
                "total": 0
              },
              "wickets": [
                {
                  "player_out": "CA Lynn",
                  "fielders": [
                    {
                      "name": "AD Hales"
                    }
                  ],
                  "kind": "caught"
                }
              ]
            },
            {
              "batter": "BM Duckett",
              "bowler": "S Mahmood",
              "extras": {
                "wides": 1
              },
              "non_striker": "M Bryant",
              "runs": {
                "batter": 0,
                "extras": 1,
                "total": 1
              }
            },
            {
              "batter": "BM Duckett",
              "bowler": "S Mahmood",
              "non_striker": "M Bryant",
              "runs": {
                "batter": 2,
                "extras": 0,
                "total": 2
              }
            },
            {
              "batter": "BM Duckett",
              "bowler": "S Mahmood",
              "extras": {
                "wides": 1
              },
              "non_striker": "M Bryant",
              "runs": {
                "batter": 0,
                "extras": 1,
                "total": 1
              }
            },
            {
              "batter": "BM Duckett",
              "bowler": "S Mahmood",
              "non_striker": "M Bryant",
              "runs": {
                "batter": 0,
                "extras": 0,
                "total": 0
              },
              "wickets": [
                {
                  "player_out": "BM Duckett",
                  "fielders": [
                    {
                      "name": "M Gilkes"
                    }
                  ],
                  "kind": "caught"
                }
              ]
            },
            {
              "batter": "SD Heazlett",
              "bowler": "S Mahmood",
              "non_striker": "M Bryant",
              "runs": {
                "batter": 0,
                "extras": 0,
                "total": 0
              }
            }
          ]
        },
        {
          "over": 1,
          "deliveries": [
            {
              "batter": "M Bryant",
              "bowler": "DR Sams",
              "non_striker": "SD Heazlett",
              "runs": {
                "batter": 0,
                "extras": 0,
                "total": 0
              }
            },
            {
              "batter": "M Bryant",
              "bowler": "DR Sams",
              "non_striker": "SD Heazlett",
              "runs": {
                "batter": 1,
                "extras": 0,
                "total": 1
              }
            },
            {
              "batter": "SD Heazlett",
              "bowler": "DR Sams",
              "non_striker": "M Bryant",
              "runs": {
                "batter": 4,
                "extras": 0,
                "total": 4
              }
            },
            {
              "batter": "SD Heazlett",
              "bowler": "DR Sams",
              "non_striker": "M Bryant",
              "runs": {
                "batter": 0,
                "extras": 0,
                "total": 0
              }
            },
            {
              "batter": "SD Heazlett",
              "bowler": "DR Sams",
              "non_striker": "M Bryant",
              "runs": {
                "batter": 0,
                "extras": 0,
                "total": 0
              }
            },
            {
              "batter": "SD Heazlett",
              "bowler": "DR Sams",
              "non_striker": "M Bryant",
              "runs": {
                "batter": 1,
                "extras": 0,
                "total": 1
              }
            }
          ]
        },
        {
          "over": 2,
          "deliveries": [
            {
              "batter": "SD Heazlett",
              "bowler": "S Mahmood",
              "non_striker": "M Bryant",
              "runs": {
                "batter": 0,
                "extras": 0,
                "total": 0
              },
              "wickets": [
                {
                  "player_out": "SD Heazlett",
                  "fielders": [
                    {
                      "name": "DR Sams"
                    }
                  ],
                  "kind": "caught"
                }
              ]
            },
            {
              "batter": "M Bryant",
              "bowler": "S Mahmood",
              "non_striker": "TLW Cooper",
              "runs": {
                "batter": 1,
                "extras": 0,
                "total": 1
              },
              "wickets": [
                {
                  "player_out": "M Bryant",
                  "kind": "run out"
                }
              ]
            },
            {
              "batter": "JJ Peirson",
              "bowler": "S Mahmood",
              "non_striker": "TLW Cooper",
              "runs": {
                "batter": 0,
                "extras": 0,
                "total": 0
              }
            },
            {
              "batter": "JJ Peirson",
              "bowler": "S Mahmood",
              "non_striker": "TLW Cooper",
              "runs": {
                "batter": 0,
                "extras": 0,
                "total": 0
              }
            },
            {
              "batter": "JJ Peirson",
              "bowler": "S Mahmood",
              "non_striker": "TLW Cooper",
              "runs": {
                "batter": 0,
                "extras": 0,
                "total": 0
              },
              "wickets": [
                {
                  "player_out": "JJ Peirson",
                  "fielders": [
                    {
                      "name": "BCJ Cutting"
                    }
                  ],
                  "kind": "caught"
                }
              ]
            },
            {
              "batter": "JJ Bazley",
              "bowler": "S Mahmood",
              "non_striker": "TLW Cooper",
              "runs": {
                "batter": 0,
                "extras": 0,
                "total": 0
              }
            }
          ]
        },
        {
          "over": 3,
          "deliveries": [
            {
              "batter": "TLW Cooper",
              "bowler": "N McAndrew",
              "non_striker": "JJ Bazley",
              "runs": {
                "batter": 2,
                "extras": 0,
                "total": 2
              }
            },
            {
              "batter": "TLW Cooper",
              "bowler": "N McAndrew",
              "non_striker": "JJ Bazley",
              "runs": {
                "batter": 0,
                "extras": 0,
                "total": 0
              }
            },
            {
              "batter": "TLW Cooper",
              "bowler": "N McAndrew",
              "extras": {
                "wides": 1
              },
              "non_striker": "JJ Bazley",
              "runs": {
                "batter": 0,
                "extras": 1,
                "total": 1
              }
            },
            {
              "batter": "TLW Cooper",
              "bowler": "N McAndrew",
              "non_striker": "JJ Bazley",
              "runs": {
                "batter": 2,
                "extras": 0,
                "total": 2
              }
            },
            {
              "batter": "TLW Cooper",
              "bowler": "N McAndrew",
              "non_striker": "JJ Bazley",
              "runs": {
                "batter": 4,
                "extras": 0,
                "total": 4
              }
            },
            {
              "batter": "TLW Cooper",
              "bowler": "N McAndrew",
              "non_striker": "JJ Bazley",
              "runs": {
                "batter": 4,
                "extras": 0,
                "total": 4
              }
            },
            {
              "batter": "TLW Cooper",
              "bowler": "N McAndrew",
              "non_striker": "JJ Bazley",
              "runs": {
                "batter": 0,
                "extras": 0,
                "total": 0
              }
            }
          ]
        },
        {
          "over": 4,
          "deliveries": [
            {
              "batter": "JJ Bazley",
              "bowler": "S Mahmood",
              "extras": {
                "legbyes": 1
              },
              "non_striker": "TLW Cooper",
              "runs": {
                "batter": 0,
                "extras": 1,
                "total": 1
              }
            },
            {
              "batter": "TLW Cooper",
              "bowler": "S Mahmood",
              "non_striker": "JJ Bazley",
              "runs": {
                "batter": 0,
                "extras": 0,
                "total": 0
              }
            },
            {
              "batter": "TLW Cooper",
              "bowler": "S Mahmood",
              "non_striker": "JJ Bazley",
              "runs": {
                "batter": 6,
                "extras": 0,
                "total": 6
              }
            },
            {
              "batter": "TLW Cooper",
              "bowler": "S Mahmood",
              "non_striker": "JJ Bazley",
              "runs": {
                "batter": 6,
                "extras": 0,
                "total": 6
              }
            },
            {
              "batter": "TLW Cooper",
              "bowler": "S Mahmood",
              "non_striker": "JJ Bazley",
              "runs": {
                "batter": 0,
                "extras": 0,
                "total": 0
              }
            },
            {
              "batter": "TLW Cooper",
              "bowler": "S Mahmood",
              "non_striker": "JJ Bazley",
              "runs": {
                "batter": 1,
                "extras": 0,
                "total": 1
              }
            }
          ]
        },
        {
          "over": 5,
          "deliveries": [
            {
              "batter": "TLW Cooper",
              "bowler": "CJ Green",
              "non_striker": "JJ Bazley",
              "runs": {
                "batter": 4,
                "extras": 0,
                "total": 4
              }
            },
            {
              "batter": "TLW Cooper",
              "bowler": "CJ Green",
              "non_striker": "JJ Bazley",
              "runs": {
                "batter": 1,
                "extras": 0,
                "total": 1
              }
            },
            {
              "batter": "JJ Bazley",
              "bowler": "CJ Green",
              "non_striker": "TLW Cooper",
              "runs": {
                "batter": 0,
                "extras": 0,
                "total": 0
              }
            },
            {
              "batter": "JJ Bazley",
              "bowler": "CJ Green",
              "non_striker": "TLW Cooper",
              "runs": {
                "batter": 0,
                "extras": 0,
                "total": 0
              }
            },
            {
              "batter": "JJ Bazley",
              "bowler": "CJ Green",
              "non_striker": "TLW Cooper",
              "runs": {
                "batter": 0,
                "extras": 0,
                "total": 0
              }
            },
            {
              "batter": "JJ Bazley",
              "bowler": "CJ Green",
              "non_striker": "TLW Cooper",
              "runs": {
                "batter": 1,
                "extras": 0,
                "total": 1
              }
            }
          ]
        },
        {
          "over": 6,
          "deliveries": [
            {
              "batter": "JJ Bazley",
              "bowler": "T Sangha",
              "non_striker": "TLW Cooper",
              "runs": {
                "batter": 1,
                "extras": 0,
                "total": 1
              }
            },
            {
              "batter": "TLW Cooper",
              "bowler": "T Sangha",
              "non_striker": "JJ Bazley",
              "runs": {
                "batter": 1,
                "extras": 0,
                "total": 1
              }
            },
            {
              "batter": "JJ Bazley",
              "bowler": "T Sangha",
              "extras": {
                "wides": 1
              },
              "non_striker": "TLW Cooper",
              "runs": {
                "batter": 0,
                "extras": 1,
                "total": 1
              }
            },
            {
              "batter": "JJ Bazley",
              "bowler": "T Sangha",
              "non_striker": "TLW Cooper",
              "runs": {
                "batter": 4,
                "extras": 0,
                "total": 4
              }
            },
            {
              "batter": "JJ Bazley",
              "bowler": "T Sangha",
              "non_striker": "TLW Cooper",
              "runs": {
                "batter": 0,
                "extras": 0,
                "total": 0
              }
            },
            {
              "batter": "JJ Bazley",
              "bowler": "T Sangha",
              "non_striker": "TLW Cooper",
              "runs": {
                "batter": 1,
                "extras": 0,
                "total": 1
              }
            },
            {
              "batter": "TLW Cooper",
              "bowler": "T Sangha",
              "non_striker": "JJ Bazley",
              "runs": {
                "batter": 0,
                "extras": 0,
                "total": 0
              }
            }
          ]
        },
        {
          "over": 7,
          "deliveries": [
            {
              "batter": "JJ Bazley",
              "bowler": "CJ Green",
              "extras": {
                "byes": 1
              },
              "non_striker": "TLW Cooper",
              "runs": {
                "batter": 0,
                "extras": 1,
                "total": 1
              }
            },
            {
              "batter": "TLW Cooper",
              "bowler": "CJ Green",
              "non_striker": "JJ Bazley",
              "runs": {
                "batter": 0,
                "extras": 0,
                "total": 0
              }
            },
            {
              "batter": "TLW Cooper",
              "bowler": "CJ Green",
              "non_striker": "JJ Bazley",
              "runs": {
                "batter": 1,
                "extras": 0,
                "total": 1
              }
            },
            {
              "batter": "JJ Bazley",
              "bowler": "CJ Green",
              "non_striker": "TLW Cooper",
              "runs": {
                "batter": 1,
                "extras": 0,
                "total": 1
              }
            },
            {
              "batter": "TLW Cooper",
              "bowler": "CJ Green",
              "non_striker": "JJ Bazley",
              "runs": {
                "batter": 0,
                "extras": 0,
                "total": 0
              },
              "wickets": [
                {
                  "player_out": "TLW Cooper",
                  "fielders": [
                    {
                      "name": "DR Sams"
                    }
                  ],
                  "kind": "caught"
                }
              ]
            },
            {
              "batter": "JJ Bazley",
              "bowler": "CJ Green",
              "non_striker": "XC Bartlett",
              "runs": {
                "batter": 1,
                "extras": 0,
                "total": 1
              }
            }
          ]
        },
        {
          "over": 8,
          "deliveries": [
            {
              "batter": "JJ Bazley",
              "bowler": "T Sangha",
              "non_striker": "XC Bartlett",
              "runs": {
                "batter": 0,
                "extras": 0,
                "total": 0
              },
              "wickets": [
                {
                  "player_out": "JJ Bazley",
                  "fielders": [
                    {
                      "name": "N McAndrew"
                    }
                  ],
                  "kind": "caught"
                }
              ]
            },
            {
              "batter": "XC Bartlett",
              "bowler": "T Sangha",
              "non_striker": "MT Steketee",
              "runs": {
                "batter": 1,
                "extras": 0,
                "total": 1
              }
            },
            {
              "batter": "MT Steketee",
              "bowler": "T Sangha",
              "non_striker": "XC Bartlett",
              "runs": {
                "batter": 1,
                "extras": 0,
                "total": 1
              }
            },
            {
              "batter": "XC Bartlett",
              "bowler": "T Sangha",
              "non_striker": "MT Steketee",
              "runs": {
                "batter": 1,
                "extras": 0,
                "total": 1
              }
            },
            {
              "batter": "MT Steketee",
              "bowler": "T Sangha",
              "non_striker": "XC Bartlett",
              "runs": {
                "batter": 6,
                "extras": 0,
                "total": 6
              }
            },
            {
              "batter": "MT Steketee",
              "bowler": "T Sangha",
              "non_striker": "XC Bartlett",
              "runs": {
                "batter": 1,
                "extras": 0,
                "total": 1
              }
            }
          ]
        },
        {
          "over": 9,
          "deliveries": [
            {
              "batter": "MT Steketee",
              "bowler": "CJ Green",
              "non_striker": "XC Bartlett",
              "runs": {
                "batter": 1,
                "extras": 0,
                "total": 1
              }
            },
            {
              "batter": "XC Bartlett",
              "bowler": "CJ Green",
              "non_striker": "MT Steketee",
              "runs": {
                "batter": 2,
                "extras": 0,
                "total": 2
              }
            },
            {
              "batter": "XC Bartlett",
              "bowler": "CJ Green",
              "non_striker": "MT Steketee",
              "runs": {
                "batter": 0,
                "extras": 0,
                "total": 0
              }
            },
            {
              "batter": "XC Bartlett",
              "bowler": "CJ Green",
              "non_striker": "MT Steketee",
              "runs": {
                "batter": 1,
                "extras": 0,
                "total": 1
              }
            },
            {
              "batter": "MT Steketee",
              "bowler": "CJ Green",
              "non_striker": "XC Bartlett",
              "runs": {
                "batter": 2,
                "extras": 0,
                "total": 2
              }
            },
            {
              "batter": "MT Steketee",
              "bowler": "CJ Green",
              "extras": {
                "wides": 1
              },
              "non_striker": "XC Bartlett",
              "runs": {
                "batter": 0,
                "extras": 1,
                "total": 1
              }
            },
            {
              "batter": "MT Steketee",
              "bowler": "CJ Green",
              "non_striker": "XC Bartlett",
              "runs": {
                "batter": 0,
                "extras": 0,
                "total": 0
              }
            }
          ]
        },
        {
          "over": 10,
          "deliveries": [
            {
              "batter": "XC Bartlett",
              "bowler": "DR Sams",
              "extras": {
                "wides": 1
              },
              "non_striker": "MT Steketee",
              "runs": {
                "batter": 0,
                "extras": 1,
                "total": 1
              }
            },
            {
              "batter": "XC Bartlett",
              "bowler": "DR Sams",
              "non_striker": "MT Steketee",
              "runs": {
                "batter": 6,
                "extras": 0,
                "total": 6
              }
            },
            {
              "batter": "XC Bartlett",
              "bowler": "DR Sams",
              "non_striker": "MT Steketee",
              "runs": {
                "batter": 0,
                "extras": 0,
                "total": 0
              }
            },
            {
              "batter": "XC Bartlett",
              "bowler": "DR Sams",
              "non_striker": "MT Steketee",
              "runs": {
                "batter": 2,
                "extras": 0,
                "total": 2
              }
            },
            {
              "batter": "XC Bartlett",
              "bowler": "DR Sams",
              "non_striker": "MT Steketee",
              "runs": {
                "batter": 4,
                "extras": 0,
                "total": 4
              }
            },
            {
              "batter": "XC Bartlett",
              "bowler": "DR Sams",
              "non_striker": "MT Steketee",
              "runs": {
                "batter": 2,
                "extras": 0,
                "total": 2
              }
            },
            {
              "batter": "XC Bartlett",
              "bowler": "DR Sams",
              "non_striker": "MT Steketee",
              "runs": {
                "batter": 4,
                "extras": 0,
                "total": 4
              }
            }
          ]
        },
        {
          "over": 11,
          "deliveries": [
            {
              "batter": "MT Steketee",
              "bowler": "N McAndrew",
              "non_striker": "XC Bartlett",
              "runs": {
                "batter": 0,
                "extras": 0,
                "total": 0
              }
            },
            {
              "batter": "MT Steketee",
              "bowler": "N McAndrew",
              "non_striker": "XC Bartlett",
              "runs": {
                "batter": 2,
                "extras": 0,
                "total": 2
              }
            },
            {
              "batter": "MT Steketee",
              "bowler": "N McAndrew",
              "non_striker": "XC Bartlett",
              "runs": {
                "batter": 1,
                "extras": 0,
                "total": 1
              }
            },
            {
              "batter": "XC Bartlett",
              "bowler": "N McAndrew",
              "non_striker": "MT Steketee",
              "runs": {
                "batter": 0,
                "extras": 0,
                "total": 0
              }
            },
            {
              "batter": "XC Bartlett",
              "bowler": "N McAndrew",
              "non_striker": "MT Steketee",
              "runs": {
                "batter": 0,
                "extras": 0,
                "total": 0
              }
            },
            {
              "batter": "XC Bartlett",
              "bowler": "N McAndrew",
              "extras": {
                "wides": 1
              },
              "non_striker": "MT Steketee",
              "runs": {
                "batter": 0,
                "extras": 1,
                "total": 1
              }
            },
            {
              "batter": "XC Bartlett",
              "bowler": "N McAndrew",
              "non_striker": "MT Steketee",
              "runs": {
                "batter": 2,
                "extras": 0,
                "total": 2
              }
            }
          ]
        },
        {
          "over": 12,
          "deliveries": [
            {
              "batter": "MT Steketee",
              "bowler": "BCJ Cutting",
              "non_striker": "XC Bartlett",
              "runs": {
                "batter": 4,
                "extras": 0,
                "total": 4
              }
            },
            {
              "batter": "MT Steketee",
              "bowler": "BCJ Cutting",
              "non_striker": "XC Bartlett",
              "runs": {
                "batter": 1,
                "extras": 0,
                "total": 1
              }
            },
            {
              "batter": "XC Bartlett",
              "bowler": "BCJ Cutting",
              "non_striker": "MT Steketee",
              "runs": {
                "batter": 1,
                "extras": 0,
                "total": 1
              }
            },
            {
              "batter": "MT Steketee",
              "bowler": "BCJ Cutting",
              "non_striker": "XC Bartlett",
              "runs": {
                "batter": 1,
                "extras": 0,
                "total": 1
              }
            },
            {
              "batter": "XC Bartlett",
              "bowler": "BCJ Cutting",
              "non_striker": "MT Steketee",
              "runs": {
                "batter": 1,
                "extras": 0,
                "total": 1
              }
            },
            {
              "batter": "MT Steketee",
              "bowler": "BCJ Cutting",
              "non_striker": "XC Bartlett",
              "runs": {
                "batter": 1,
                "extras": 0,
                "total": 1
              }
            }
          ]
        },
        {
          "over": 13,
          "deliveries": [
            {
              "batter": "MT Steketee",
              "bowler": "T Sangha",
              "non_striker": "XC Bartlett",
              "runs": {
                "batter": 1,
                "extras": 0,
                "total": 1
              }
            },
            {
              "batter": "XC Bartlett",
              "bowler": "T Sangha",
              "non_striker": "MT Steketee",
              "runs": {
                "batter": 1,
                "extras": 0,
                "total": 1
              }
            },
            {
              "batter": "MT Steketee",
              "bowler": "T Sangha",
              "non_striker": "XC Bartlett",
              "runs": {
                "batter": 0,
                "extras": 0,
                "total": 0
              }
            },
            {
              "batter": "MT Steketee",
              "bowler": "T Sangha",
              "non_striker": "XC Bartlett",
              "runs": {
                "batter": 1,
                "extras": 0,
                "total": 1
              }
            },
            {
              "batter": "XC Bartlett",
              "bowler": "T Sangha",
              "non_striker": "MT Steketee",
              "runs": {
                "batter": 1,
                "extras": 0,
                "total": 1
              }
            },
            {
              "batter": "MT Steketee",
              "bowler": "T Sangha",
              "non_striker": "XC Bartlett",
              "runs": {
                "batter": 0,
                "extras": 0,
                "total": 0
              }
            }
          ]
        },
        {
          "over": 14,
          "deliveries": [
            {
              "batter": "XC Bartlett",
              "bowler": "N McAndrew",
              "non_striker": "MT Steketee",
              "runs": {
                "batter": 0,
                "extras": 0,
                "total": 0
              }
            },
            {
              "batter": "XC Bartlett",
              "bowler": "N McAndrew",
              "non_striker": "MT Steketee",
              "runs": {
                "batter": 4,
                "extras": 0,
                "total": 4
              }
            },
            {
              "batter": "XC Bartlett",
              "bowler": "N McAndrew",
              "non_striker": "MT Steketee",
              "runs": {
                "batter": 0,
                "extras": 0,
                "total": 0
              }
            },
            {
              "batter": "XC Bartlett",
              "bowler": "N McAndrew",
              "non_striker": "MT Steketee",
              "runs": {
                "batter": 1,
                "extras": 0,
                "total": 1
              }
            },
            {
              "batter": "MT Steketee",
              "bowler": "N McAndrew",
              "non_striker": "XC Bartlett",
              "runs": {
                "batter": 1,
                "extras": 0,
                "total": 1
              }
            },
            {
              "batter": "XC Bartlett",
              "bowler": "N McAndrew",
              "non_striker": "MT Steketee",
              "runs": {
                "batter": 0,
                "extras": 0,
                "total": 0
              }
            }
          ]
        },
        {
          "over": 15,
          "deliveries": [
            {
              "batter": "MT Steketee",
              "bowler": "CJ Green",
              "non_striker": "XC Bartlett",
              "runs": {
                "batter": 2,
                "extras": 0,
                "total": 2
              }
            },
            {
              "batter": "MT Steketee",
              "bowler": "CJ Green",
              "non_striker": "XC Bartlett",
              "runs": {
                "batter": 4,
                "extras": 0,
                "total": 4
              }
            },
            {
              "batter": "MT Steketee",
              "bowler": "CJ Green",
              "extras": {
                "wides": 1
              },
              "non_striker": "XC Bartlett",
              "runs": {
                "batter": 0,
                "extras": 1,
                "total": 1
              }
            },
            {
              "batter": "MT Steketee",
              "bowler": "CJ Green",
              "non_striker": "XC Bartlett",
              "runs": {
                "batter": 1,
                "extras": 0,
                "total": 1
              }
            },
            {
              "batter": "XC Bartlett",
              "bowler": "CJ Green",
              "non_striker": "MT Steketee",
              "runs": {
                "batter": 2,
                "extras": 0,
                "total": 2
              }
            },
            {
              "batter": "XC Bartlett",
              "bowler": "CJ Green",
              "non_striker": "MT Steketee",
              "runs": {
                "batter": 2,
                "extras": 0,
                "total": 2
              }
            },
            {
              "batter": "XC Bartlett",
              "bowler": "CJ Green",
              "non_striker": "MT Steketee",
              "runs": {
                "batter": 1,
                "extras": 0,
                "total": 1
              }
            }
          ]
        },
        {
          "over": 16,
          "deliveries": [
            {
              "batter": "XC Bartlett",
              "bowler": "DR Sams",
              "non_striker": "MT Steketee",
              "runs": {
                "batter": 1,
                "extras": 0,
                "total": 1
              }
            },
            {
              "batter": "MT Steketee",
              "bowler": "DR Sams",
              "non_striker": "XC Bartlett",
              "runs": {
                "batter": 1,
                "extras": 0,
                "total": 1
              }
            },
            {
              "batter": "XC Bartlett",
              "bowler": "DR Sams",
              "non_striker": "MT Steketee",
              "runs": {
                "batter": 1,
                "extras": 0,
                "total": 1
              }
            },
            {
              "batter": "MT Steketee",
              "bowler": "DR Sams",
              "non_striker": "XC Bartlett",
              "runs": {
                "batter": 1,
                "extras": 0,
                "total": 1
              }
            },
            {
              "batter": "XC Bartlett",
              "bowler": "DR Sams",
              "non_striker": "MT Steketee",
              "runs": {
                "batter": 1,
                "extras": 0,
                "total": 1
              }
            },
            {
              "batter": "MT Steketee",
              "bowler": "DR Sams",
              "non_striker": "XC Bartlett",
              "runs": {
                "batter": 0,
                "extras": 0,
                "total": 0
              },
              "wickets": [
                {
                  "player_out": "MT Steketee",
                  "fielders": [
                    {
                      "name": "JJS Sangha"
                    }
                  ],
                  "kind": "caught"
                }
              ]
            }
          ]
        },
        {
          "over": 17,
          "deliveries": [
            {
              "batter": "MJ Swepson",
              "bowler": "T Sangha",
              "non_striker": "XC Bartlett",
              "runs": {
                "batter": 4,
                "extras": 0,
                "total": 4
              }
            },
            {
              "batter": "MJ Swepson",
              "bowler": "T Sangha",
              "non_striker": "XC Bartlett",
              "runs": {
                "batter": 0,
                "extras": 0,
                "total": 0
              },
              "wickets": [
                {
                  "player_out": "MJ Swepson",
                  "kind": "bowled"
                }
              ]
            },
            {
              "batter": "Mujeeb Ur Rahman",
              "bowler": "T Sangha",
              "non_striker": "XC Bartlett",
              "runs": {
                "batter": 0,
                "extras": 0,
                "total": 0
              },
              "wickets": [
                {
                  "player_out": "Mujeeb Ur Rahman",
                  "kind": "lbw"
                }
              ]
            }
          ]
        }
      ],
      "powerplays": [
        {
          "from": 0.1,
          "to": 3.7,
          "type": "mandatory"
        },
        {
          "from": 10.1,
          "to": 11.7,
          "type": "batting"
        }
      ],
      "target": {
        "overs": 20,
        "runs": 197
      }
    }
  ]
}