{
  "meta": {
    "data_version": "1.1.0",
    "created": "2021-12-16",
    "revision": 1
  },
  "info": {
    "balls_per_over": 6,
    "city": "Melbourne",
    "dates": [
      "2021-12-15"
    ],
    "event": {
      "name": "Big Bash League",
      "match_number": 13
    },
    "gender": "male",
    "match_type": "T20",
    "officials": {
      "match_referees": [
        "RL Parry"
      ],
      "reserve_umpires": [
        "Mattis van Eck"
      ],
      "tv_umpires": [
        "SA Lightbody"
      ],
      "umpires": [
        "BNJ Oxenford",
        "SAJ Craig"
      ]
    },
    "outcome": {
      "winner": "Sydney Sixers",
      "by": {
        "wickets": 7
      }
    },
    "overs": 20,
    "player_of_match": [
      "JR Philippe"
    ],
    "players": {
      "Melbourne Stars": [
        "MP Stoinis",
        "JM Clarke",
        "NCR Larkin",
        "GJ Maxwell",
        "HWR Cartwright",
        "AD Russell",
        "BJ Webster",
        "NM Coulter-Nile",
        "Qais Ahmad",
        "A Zampa",
        "BL Couch"
      ],
      "Sydney Sixers": [
        "L Pope",
        "JR Philippe",
        "JM Vince",
        "MC Henriques",
        "DP Hughes",
        "JC Silk",
        "DT Christian",
        "TK Curran",
        "CJ Jordan",
        "BJ Dwarshuis",
        "SNJ O'Keefe",
        "H Kerr"
      ]
    },
    "registry": {
      "people": {
        "A Zampa": "14f96089",
        "AD Russell": "bbd41817",
        "BJ Dwarshuis": "e1b9f3a9",
        "BJ Webster": "56b93d46",
        "BL Couch": "be69e09d",
        "BNJ Oxenford": "c1add349",
        "CJ Jordan": "ffe699c0",
        "DP Hughes": "f3982af9",
        "DT Christian": "2a2e6343",
        "GJ Maxwell": "b681e71e",
        "H Kerr": "f422728b",
        "HWR Cartwright": "ab965cad",
        "JC Silk": "7a6dc294",
        "JM Clarke": "2eca67f5",
        "JM Vince": "a15618fe",
        "JR Philippe": "39086549",
        "L Pope": "616a8149",
        "MC Henriques": "32198ae0",
        "MP Stoinis": "d9273ee7",
        "Mattis van Eck": "bf1a68c1",
        "NCR Larkin": "02bce9a8",
        "NM Coulter-Nile": "56ab442f",
        "Qais Ahmad": "8d5d991e",
        "RL Parry": "86d151dc",
        "SA Lightbody": "680b8cbf",
        "SAJ Craig": "689f2eed",
        "SNJ O'Keefe": "3540beff",
        "TK Curran": "e86754b2"
      }
    },
    "season": "2021/22",
    "supersubs": {
      "Sydney Sixers": "H Kerr"
    },
    "team_type": "club",
    "teams": [
      "Melbourne Stars",
      "Sydney Sixers"
    ],
    "toss": {
      "decision": "field",
      "winner": "Sydney Sixers"
    },
    "venue": "Melbourne Cricket Ground"
  },
  "innings": [
    {
      "team": "Melbourne Stars",
      "overs": [
        {
          "over": 0,
          "deliveries": [
            {
              "batter": "MP Stoinis",
              "bowler": "SNJ O'Keefe",
              "non_striker": "JM Clarke",
              "runs": {
                "batter": 0,
                "extras": 0,
                "total": 0
              }
            },
            {
              "batter": "MP Stoinis",
              "bowler": "SNJ O'Keefe",
              "non_striker": "JM Clarke",
              "runs": {
                "batter": 2,
                "extras": 0,
                "total": 2
              }
            },
            {
              "batter": "MP Stoinis",
              "bowler": "SNJ O'Keefe",
              "non_striker": "JM Clarke",
              "runs": {
                "batter": 0,
                "extras": 0,
                "total": 0
              }
            },
            {
              "batter": "MP Stoinis",
              "bowler": "SNJ O'Keefe",
              "non_striker": "JM Clarke",
              "runs": {
                "batter": 1,
                "extras": 0,
                "total": 1
              }
            },
            {
              "batter": "JM Clarke",
              "bowler": "SNJ O'Keefe",
              "non_striker": "MP Stoinis",
              "runs": {
                "batter": 0,
                "extras": 0,
                "total": 0
              }
            },
            {
              "batter": "JM Clarke",
              "bowler": "SNJ O'Keefe",
              "non_striker": "MP Stoinis",
              "runs": {
                "batter": 0,
                "extras": 0,
                "total": 0
              }
            }
          ]
        },
        {
          "over": 1,
          "deliveries": [
            {
              "batter": "MP Stoinis",
              "bowler": "BJ Dwarshuis",
              "non_striker": "JM Clarke",
              "runs": {
                "batter": 0,
                "extras": 0,
                "total": 0
              },
              "wickets": [
                {
                  "player_out": "MP Stoinis",
                  "fielders": [
                    {
                      "name": "JR Philippe"
                    }
                  ],
                  "kind": "caught"
                }
              ]
            },
            {
              "batter": "NCR Larkin",
              "bowler": "BJ Dwarshuis",
              "non_striker": "JM Clarke",
              "runs": {
                "batter": 0,
                "extras": 0,
                "total": 0
              }
            },
            {
              "batter": "NCR Larkin",
              "bowler": "BJ Dwarshuis",
              "non_striker": "JM Clarke",
              "runs": {
                "batter": 0,
                "extras": 0,
                "total": 0
              }
            },
            {
              "batter": "NCR Larkin",
              "bowler": "BJ Dwarshuis",
              "non_striker": "JM Clarke",
              "runs": {
                "batter": 2,
                "extras": 0,
                "total": 2
              }
            },
            {
              "batter": "NCR Larkin",
              "bowler": "BJ Dwarshuis",
              "extras": {
                "wides": 1
              },
              "non_striker": "JM Clarke",
              "runs": {
                "batter": 0,
                "extras": 1,
                "total": 1
              }
            },
            {
              "batter": "NCR Larkin",
              "bowler": "BJ Dwarshuis",
              "non_striker": "JM Clarke",
              "runs": {
                "batter": 0,
                "extras": 0,
                "total": 0
              }
            },
            {
              "batter": "NCR Larkin",
              "bowler": "BJ Dwarshuis",
              "non_striker": "JM Clarke",
              "runs": {
                "batter": 0,
                "extras": 0,
                "total": 0
              }
            }
          ]
        },
        {
          "over": 2,
          "deliveries": [
            {
              "batter": "JM Clarke",
              "bowler": "SNJ O'Keefe",
              "non_striker": "NCR Larkin",
              "runs": {
                "batter": 0,
                "extras": 0,
                "total": 0
              },
              "wickets": [
                {
                  "player_out": "JM Clarke",
                  "fielders": [
                    {
                      "name": "JR Philippe"
                    }
                  ],
                  "kind": "stumped"
                }
              ]
            },
            {
              "batter": "GJ Maxwell",
              "bowler": "SNJ O'Keefe",
              "non_striker": "NCR Larkin",
              "runs": {
                "batter": 0,
                "extras": 0,
                "total": 0
              }
            },
            {
              "batter": "GJ Maxwell",
              "bowler": "SNJ O'Keefe",
              "non_striker": "NCR Larkin",
              "runs": {
                "batter": 0,
                "extras": 0,
                "total": 0
              }
            },
            {
              "batter": "GJ Maxwell",
              "bowler": "SNJ O'Keefe",
              "non_striker": "NCR Larkin",
              "runs": {
                "batter": 4,
                "extras": 0,
                "total": 4
              }
            },
            {
              "batter": "GJ Maxwell",
              "bowler": "SNJ O'Keefe",
              "non_striker": "NCR Larkin",
              "runs": {
                "batter": 0,
                "extras": 0,
                "total": 0
              }
            },
            {
              "batter": "GJ Maxwell",
              "bowler": "SNJ O'Keefe",
              "non_striker": "NCR Larkin",
              "runs": {
                "batter": 0,
                "extras": 0,
                "total": 0
              }
            }
          ]
        },
        {
          "over": 3,
          "deliveries": [
            {
              "batter": "NCR Larkin",
              "bowler": "CJ Jordan",
              "non_striker": "GJ Maxwell",
              "runs": {
                "batter": 0,
                "extras": 0,
                "total": 0
              }
            },
            {
              "batter": "NCR Larkin",
              "bowler": "CJ Jordan",
              "non_striker": "GJ Maxwell",
              "runs": {
                "batter": 0,
                "extras": 0,
                "total": 0
              }
            },
            {
              "batter": "NCR Larkin",
              "bowler": "CJ Jordan",
              "non_striker": "GJ Maxwell",
              "runs": {
                "batter": 0,
                "extras": 0,
                "total": 0
              }
            },
            {
              "batter": "NCR Larkin",
              "bowler": "CJ Jordan",
              "non_striker": "GJ Maxwell",
              "runs": {
                "batter": 1,
                "extras": 0,
                "total": 1
              }
            },
            {
              "batter": "GJ Maxwell",
              "bowler": "CJ Jordan",
              "non_striker": "NCR Larkin",
              "runs": {
                "batter": 0,
                "extras": 0,
                "total": 0
              }
            },
            {
              "batter": "GJ Maxwell",
              "bowler": "CJ Jordan",
              "non_striker": "NCR Larkin",
              "runs": {
                "batter": 1,
                "extras": 0,
                "total": 1
              }
            }
          ]
        },
        {
          "over": 4,
          "deliveries": [
            {
              "batter": "GJ Maxwell",
              "bowler": "BJ Dwarshuis",
              "non_striker": "NCR Larkin",
              "runs": {
                "batter": 4,
                "extras": 0,
                "total": 4
              }
            },
            {
              "batter": "GJ Maxwell",
              "bowler": "BJ Dwarshuis",
              "non_striker": "NCR Larkin",
              "runs": {
                "batter": 6,
                "extras": 0,
                "total": 6
              }
            },
            {
              "batter": "GJ Maxwell",
              "bowler": "BJ Dwarshuis",
              "non_striker": "NCR Larkin",
              "runs": {
                "batter": 1,
                "extras": 0,
                "total": 1
              }
            },
            {
              "batter": "NCR Larkin",
              "bowler": "BJ Dwarshuis",
              "non_striker": "GJ Maxwell",
              "runs": {
                "batter": 0,
                "extras": 0,
                "total": 0
              }
            },
            {
              "batter": "NCR Larkin",
              "bowler": "BJ Dwarshuis",
              "non_striker": "GJ Maxwell",
              "runs": {
                "batter": 2,
                "extras": 0,
                "total": 2
              }
            },
            {
              "batter": "NCR Larkin",
              "bowler": "BJ Dwarshuis",
              "non_striker": "GJ Maxwell",
              "runs": {
                "batter": 1,
                "extras": 0,
                "total": 1
              }
            }
          ]
        },
        {
          "over": 5,
          "deliveries": [
            {
              "batter": "NCR Larkin",
              "bowler": "L Pope",
              "non_striker": "GJ Maxwell",
              "runs": {
                "batter": 2,
                "extras": 0,
                "total": 2
              }
            },
            {
              "batter": "NCR Larkin",
              "bowler": "L Pope",
              "non_striker": "GJ Maxwell",
              "runs": {
                "batter": 4,
                "extras": 0,
                "total": 4
              }
            },
            {
              "batter": "NCR Larkin",
              "bowler": "L Pope",
              "non_striker": "GJ Maxwell",
              "runs": {
                "batter": 0,
                "extras": 0,
                "total": 0
              }
            },
            {
              "batter": "NCR Larkin",
              "bowler": "L Pope",
              "non_striker": "GJ Maxwell",
              "runs": {
                "batter": 4,
                "extras": 0,
                "total": 4
              }
            },
            {
              "batter": "NCR Larkin",
              "bowler": "L Pope",
              "non_striker": "GJ Maxwell",
              "runs": {
                "batter": 1,
                "extras": 0,
                "total": 1
              }
            },
            {
              "batter": "GJ Maxwell",
              "bowler": "L Pope",
              "non_striker": "NCR Larkin",
              "runs": {
                "batter": 1,
                "extras": 0,
                "total": 1
              }
            }
          ]
        },
        {
          "over": 6,
          "deliveries": [
            {
              "batter": "GJ Maxwell",
              "bowler": "TK Curran",
              "non_striker": "NCR Larkin",
              "runs": {
                "batter": 4,
                "extras": 0,
                "total": 4
              }
            },
            {
              "batter": "GJ Maxwell",
              "bowler": "TK Curran",
              "non_striker": "NCR Larkin",
              "runs": {
                "batter": 4,
                "extras": 0,
                "total": 4
              }
            },
            {
              "batter": "GJ Maxwell",
              "bowler": "TK Curran",
              "non_striker": "NCR Larkin",
              "runs": {
                "batter": 1,
                "extras": 0,
                "total": 1
              }
            },
            {
              "batter": "NCR Larkin",
              "bowler": "TK Curran",
              "non_striker": "GJ Maxwell",
              "runs": {
                "batter": 0,
                "extras": 0,
                "total": 0
              }
            },
            {
              "batter": "NCR Larkin",
              "bowler": "TK Curran",
              "non_striker": "GJ Maxwell",
              "runs": {
                "batter": 0,
                "extras": 0,
                "total": 0
              }
            },
            {
              "batter": "NCR Larkin",
              "bowler": "TK Curran",
              "non_striker": "GJ Maxwell",
              "runs": {
                "batter": 2,
                "extras": 0,
                "total": 2
              }
            }
          ]
        },
        {
          "over": 7,
          "deliveries": [
            {
              "batter": "GJ Maxwell",
              "bowler": "SNJ O'Keefe",
              "non_striker": "NCR Larkin",
              "runs": {
                "batter": 1,
                "extras": 0,
                "total": 1
              }
            },
            {
              "batter": "NCR Larkin",
              "bowler": "SNJ O'Keefe",
              "non_striker": "GJ Maxwell",
              "runs": {
                "batter": 1,
                "extras": 0,
                "total": 1
              }
            },
            {
              "batter": "GJ Maxwell",
              "bowler": "SNJ O'Keefe",
              "non_striker": "NCR Larkin",
              "runs": {
                "batter": 1,
                "extras": 0,
                "total": 1
              }
            },
            {
              "batter": "NCR Larkin",
              "bowler": "SNJ O'Keefe",
              "non_striker": "GJ Maxwell",
              "runs": {
                "batter": 1,
                "extras": 0,
                "total": 1
              }
            },
            {
              "batter": "GJ Maxwell",
              "bowler": "SNJ O'Keefe",
              "non_striker": "NCR Larkin",
              "runs": {
                "batter": 1,
                "extras": 0,
                "total": 1
              }
            },
            {
              "batter": "NCR Larkin",
              "bowler": "SNJ O'Keefe",
              "non_striker": "GJ Maxwell",
              "runs": {
                "batter": 1,
                "extras": 0,
                "total": 1
              }
            }
          ]
        },
        {
          "over": 8,
          "deliveries": [
            {
              "batter": "NCR Larkin",
              "bowler": "DT Christian",
              "non_striker": "GJ Maxwell",
              "runs": {
                "batter": 1,
                "extras": 0,
                "total": 1
              }
            },
            {
              "batter": "GJ Maxwell",
              "bowler": "DT Christian",
              "non_striker": "NCR Larkin",
              "runs": {
                "batter": 2,
                "extras": 0,
                "total": 2
              }
            },
            {
              "batter": "GJ Maxwell",
              "bowler": "DT Christian",
              "non_striker": "NCR Larkin",
              "runs": {
                "batter": 1,
                "extras": 0,
                "total": 1
              }
            },
            {
              "batter": "NCR Larkin",
              "bowler": "DT Christian",
              "non_striker": "GJ Maxwell",
              "runs": {
                "batter": 0,
                "extras": 0,
                "total": 0
              },
              "wickets": [
                {
                  "player_out": "NCR Larkin",
                  "kind": "bowled"
                }
              ]
            },
            {
              "batter": "HWR Cartwright",
              "bowler": "DT Christian",
              "non_striker": "GJ Maxwell",
              "runs": {
                "batter": 1,
                "extras": 0,
                "total": 1
              }
            },
            {
              "batter": "GJ Maxwell",
              "bowler": "DT Christian",
              "non_striker": "HWR Cartwright",
              "runs": {
                "batter": 1,
                "extras": 0,
                "total": 1
              }
            }
          ]
        },
        {
          "over": 9,
          "deliveries": [
            {
              "batter": "GJ Maxwell",
              "bowler": "MC Henriques",
              "non_striker": "HWR Cartwright",
              "runs": {
                "batter": 1,
                "extras": 0,
                "total": 1
              }
            },
            {
              "batter": "HWR Cartwright",
              "bowler": "MC Henriques",
              "non_striker": "GJ Maxwell",
              "runs": {
                "batter": 1,
                "extras": 0,
                "total": 1
              }
            },
            {
              "batter": "GJ Maxwell",
              "bowler": "MC Henriques",
              "non_striker": "HWR Cartwright",
              "runs": {
                "batter": 1,
                "extras": 0,
                "total": 1
              }
            },
            {
              "batter": "HWR Cartwright",
              "bowler": "MC Henriques",
              "non_striker": "GJ Maxwell",
              "runs": {
                "batter": 0,
                "extras": 0,
                "total": 0
              }
            },
            {
              "batter": "HWR Cartwright",
              "bowler": "MC Henriques",
              "non_striker": "GJ Maxwell",
              "runs": {
                "batter": 1,
                "extras": 0,
                "total": 1
              }
            },
            {
              "batter": "GJ Maxwell",
              "bowler": "MC Henriques",
              "non_striker": "HWR Cartwright",
              "runs": {
                "batter": 1,
                "extras": 0,
                "total": 1
              }
            }
          ]
        },
        {
          "over": 10,
          "deliveries": [
            {
              "batter": "GJ Maxwell",
              "bowler": "H Kerr",
              "non_striker": "HWR Cartwright",
              "replacements": {
                "match": [
                  {
                    "in": "H Kerr",
                    "out": "L Pope",
                    "team": "Sydney Sixers",
                    "reason": "supersub"
                  }
                ]
              },
              "runs": {
                "batter": 1,
                "extras": 0,
                "total": 1
              }
            },
            {
              "batter": "HWR Cartwright",
              "bowler": "H Kerr",
              "non_striker": "GJ Maxwell",
              "runs": {
                "batter": 1,
                "extras": 0,
                "total": 1
              }
            },
            {
              "batter": "GJ Maxwell",
              "bowler": "H Kerr",
              "non_striker": "HWR Cartwright",
              "runs": {
                "batter": 2,
                "extras": 0,
                "total": 2
              }
            },
            {
              "batter": "GJ Maxwell",
              "bowler": "H Kerr",
              "non_striker": "HWR Cartwright",
              "runs": {
                "batter": 1,
                "extras": 0,
                "total": 1
              }
            },
            {
              "batter": "HWR Cartwright",
              "bowler": "H Kerr",
              "non_striker": "GJ Maxwell",
              "runs": {
                "batter": 0,
                "extras": 0,
                "total": 0
              }
            },
            {
              "batter": "HWR Cartwright",
              "bowler": "H Kerr",
              "non_striker": "GJ Maxwell",
              "runs": {
                "batter": 0,
                "extras": 0,
                "total": 0
              }
            }
          ]
        },
        {
          "over": 11,
          "deliveries": [
            {
              "batter": "GJ Maxwell",
              "bowler": "DT Christian",
              "extras": {
                "wides": 1
              },
              "non_striker": "HWR Cartwright",
              "runs": {
                "batter": 0,
                "extras": 1,
                "total": 1
              }
            },
            {
              "batter": "GJ Maxwell",
              "bowler": "DT Christian",
              "non_striker": "HWR Cartwright",
              "runs": {
                "batter": 1,
                "extras": 0,
                "total": 1
              }
            },
            {
              "batter": "HWR Cartwright",
              "bowler": "DT Christian",
              "non_striker": "GJ Maxwell",
              "runs": {
                "batter": 4,
                "extras": 0,
                "total": 4
              }
            },
            {
              "batter": "HWR Cartwright",
              "bowler": "DT Christian",
              "non_striker": "GJ Maxwell",
              "runs": {
                "batter": 1,
                "extras": 0,
                "total": 1
              }
            },
            {
              "batter": "GJ Maxwell",
              "bowler": "DT Christian",
              "non_striker": "HWR Cartwright",
              "runs": {
                "batter": 2,
                "extras": 0,
                "total": 2
              }
            },
            {
              "batter": "GJ Maxwell",
              "bowler": "DT Christian",
              "non_striker": "HWR Cartwright",
              "runs": {
                "batter": 1,
                "extras": 0,
                "total": 1
              }
            },
            {
              "batter": "HWR Cartwright",
              "bowler": "DT Christian",
              "non_striker": "GJ Maxwell",
              "runs": {
                "batter": 1,
                "extras": 0,
                "total": 1
              }
            }
          ]
        },
        {
          "over": 12,
          "deliveries": [
            {
              "batter": "HWR Cartwright",
              "bowler": "CJ Jordan",
              "non_striker": "GJ Maxwell",
              "runs": {
                "batter": 1,
                "extras": 0,
                "total": 1
              }
            },
            {
              "batter": "GJ Maxwell",
              "bowler": "CJ Jordan",
              "non_striker": "HWR Cartwright",
              "runs": {
                "batter": 2,
                "extras": 0,
                "total": 2
              }
            },
            {
              "batter": "GJ Maxwell",
              "bowler": "CJ Jordan",
              "non_striker": "HWR Cartwright",
              "runs": {
                "batter": 2,
                "extras": 0,
                "total": 2
              }
            },
            {
              "batter": "GJ Maxwell",
              "bowler": "CJ Jordan",
              "extras": {
                "wides": 1
              },
              "non_striker": "HWR Cartwright",
              "runs": {
                "batter": 0,
                "extras": 1,
                "total": 1
              }
            },
            {
              "batter": "GJ Maxwell",
              "bowler": "CJ Jordan",
              "non_striker": "HWR Cartwright",
              "runs": {
                "batter": 1,
                "extras": 0,
                "total": 1
              }
            },
            {
              "batter": "HWR Cartwright",
              "bowler": "CJ Jordan",
              "non_striker": "GJ Maxwell",
              "runs": {
                "batter": 1,
                "extras": 0,
                "total": 1
              }
            },
            {
              "batter": "GJ Maxwell",
              "bowler": "CJ Jordan",
              "extras": {
                "legbyes": 1
              },
              "non_striker": "HWR Cartwright",
              "runs": {
                "batter": 0,
                "extras": 1,
                "total": 1
              }
            }
          ]
        },
        {
          "over": 13,
          "deliveries": [
            {
              "batter": "GJ Maxwell",
              "bowler": "BJ Dwarshuis",
              "non_striker": "HWR Cartwright",
              "runs": {
                "batter": 0,
                "extras": 0,
                "total": 0
              }
            },
            {
              "batter": "GJ Maxwell",
              "bowler": "BJ Dwarshuis",
              "non_striker": "HWR Cartwright",
              "runs": {
                "batter": 4,
                "extras": 0,
                "total": 4
              }
            },
            {
              "batter": "GJ Maxwell",
              "bowler": "BJ Dwarshuis",
              "non_striker": "HWR Cartwright",
              "runs": {
                "batter": 4,
                "extras": 0,
                "total": 4
              }
            },
            {
              "batter": "GJ Maxwell",
              "bowler": "BJ Dwarshuis",
              "non_striker": "HWR Cartwright",
              "runs": {
                "batter": 2,
                "extras": 0,
                "total": 2
              }
            },
            {
              "batter": "GJ Maxwell",
              "bowler": "BJ Dwarshuis",
              "non_striker": "HWR Cartwright",
              "runs": {
                "batter": 6,
                "extras": 0,
                "total": 6
              }
            },
            {
              "batter": "GJ Maxwell",
              "bowler": "BJ Dwarshuis",
              "non_striker": "HWR Cartwright",
              "runs": {
                "batter": 4,
                "extras": 0,
                "total": 4
              }
            }
          ]
        },
        {
          "over": 14,
          "deliveries": [
            {
              "batter": "HWR Cartwright",
              "bowler": "H Kerr",
              "non_striker": "GJ Maxwell",
              "runs": {
                "batter": 1,
                "extras": 0,
                "total": 1
              }
            },
            {
              "batter": "GJ Maxwell",
              "bowler": "H Kerr",
              "non_striker": "HWR Cartwright",
              "runs": {
                "batter": 0,
                "extras": 0,
                "total": 0
              }
            },
            {
              "batter": "GJ Maxwell",
              "bowler": "H Kerr",
              "non_striker": "HWR Cartwright",
              "runs": {
                "batter": 0,
                "extras": 0,
                "total": 0
              }
            },
            {
              "batter": "GJ Maxwell",
              "bowler": "H Kerr",
              "non_striker": "HWR Cartwright",
              "runs": {
                "batter": 6,
                "extras": 0,
                "total": 6
              }
            },
            {
              "batter": "GJ Maxwell",
              "bowler": "H Kerr",
              "non_striker": "HWR Cartwright",
              "runs": {
                "batter": 4,
                "extras": 0,
                "total": 4
              }
            },
            {
              "batter": "GJ Maxwell",
              "bowler": "H Kerr",
              "non_striker": "HWR Cartwright",
              "runs": {
                "batter": 1,
                "extras": 0,
                "total": 1
              }
            }
          ]
        },
        {
          "over": 15,
          "deliveries": [
            {
              "batter": "GJ Maxwell",
              "bowler": "SNJ O'Keefe",
              "non_striker": "HWR Cartwright",
              "runs": {
                "batter": 1,
                "extras": 0,
                "total": 1
              }
            },
            {
              "batter": "HWR Cartwright",
              "bowler": "SNJ O'Keefe",
              "non_striker": "GJ Maxwell",
              "runs": {
                "batter": 0,
                "extras": 0,
                "total": 0
              }
            },
            {
              "batter": "HWR Cartwright",
              "bowler": "SNJ O'Keefe",
              "non_striker": "GJ Maxwell",
              "runs": {
                "batter": 4,
                "extras": 0,
                "total": 4
              }
            },
            {
              "batter": "HWR Cartwright",
              "bowler": "SNJ O'Keefe",
              "non_striker": "GJ Maxwell",
              "runs": {
                "batter": 4,
                "extras": 0,
                "total": 4
              }
            },
            {
              "batter": "HWR Cartwright",
              "bowler": "SNJ O'Keefe",
              "non_striker": "GJ Maxwell",
              "runs": {
                "batter": 1,
                "extras": 0,
                "total": 1
              }
            },
            {
              "batter": "GJ Maxwell",
              "bowler": "SNJ O'Keefe",
              "non_striker": "HWR Cartwright",
              "runs": {
                "batter": 1,
                "extras": 0,
                "total": 1
              }
            }
          ]
        },
        {
          "over": 16,
          "deliveries": [
            {
              "batter": "GJ Maxwell",
              "bowler": "CJ Jordan",
              "non_striker": "HWR Cartwright",
              "runs": {
                "batter": 1,
                "extras": 0,
                "total": 1
              }
            },
            {
              "batter": "HWR Cartwright",
              "bowler": "CJ Jordan",
              "non_striker": "GJ Maxwell",
              "runs": {
                "batter": 0,
                "extras": 0,
                "total": 0
              }
            },
            {
              "batter": "HWR Cartwright",
              "bowler": "CJ Jordan",
              "non_striker": "GJ Maxwell",
              "runs": {
                "batter": 1,
                "extras": 0,
                "total": 1
              }
            },
            {
              "batter": "GJ Maxwell",
              "bowler": "CJ Jordan",
              "non_striker": "HWR Cartwright",
              "runs": {
                "batter": 4,
                "extras": 0,
                "total": 4
              }
            },
            {
              "batter": "GJ Maxwell",
              "bowler": "CJ Jordan",
              "non_striker": "HWR Cartwright",
              "runs": {
                "batter": 0,
                "extras": 0,
                "total": 0
              }
            },
            {
              "batter": "GJ Maxwell",
              "bowler": "CJ Jordan",
              "non_striker": "HWR Cartwright",
              "runs": {
                "batter": 4,
                "extras": 0,
                "total": 4
              }
            }
          ]
        },
        {
          "over": 17,
          "deliveries": [
            {
              "batter": "HWR Cartwright",
              "bowler": "H Kerr",
              "non_striker": "GJ Maxwell",
              "runs": {
                "batter": 0,
                "extras": 0,
                "total": 0
              },
              "wickets": [
                {
                  "player_out": "HWR Cartwright",
                  "kind": "bowled"
                }
              ]
            },
            {
              "batter": "AD Russell",
              "bowler": "H Kerr",
              "non_striker": "GJ Maxwell",
              "runs": {
                "batter": 1,
                "extras": 0,
                "total": 1
              }
            },
            {
              "batter": "GJ Maxwell",
              "bowler": "H Kerr",
              "non_striker": "AD Russell",
              "runs": {
                "batter": 0,
                "extras": 0,
                "total": 0
              }
            },
            {
              "batter": "GJ Maxwell",
              "bowler": "H Kerr",
              "non_striker": "AD Russell",
              "runs": {
                "batter": 4,
                "extras": 0,
                "total": 4
              }
            },
            {
              "batter": "GJ Maxwell",
              "bowler": "H Kerr",
              "non_striker": "AD Russell",
              "runs": {
                "batter": 4,
                "extras": 0,
                "total": 4
              }
            },
            {
              "batter": "GJ Maxwell",
              "bowler": "H Kerr",
              "non_striker": "AD Russell",
              "runs": {
                "batter": 1,
                "extras": 0,
                "total": 1
              }
            }
          ]
        },
        {
          "over": 18,
          "deliveries": [
            {
              "batter": "GJ Maxwell",
              "bowler": "CJ Jordan",
              "non_striker": "AD Russell",
              "runs": {
                "batter": 1,
                "extras": 0,
                "total": 1
              }
            },
            {
              "batter": "AD Russell",
              "bowler": "CJ Jordan",
              "extras": {
                "legbyes": 4
              },
              "non_striker": "GJ Maxwell",
              "runs": {
                "batter": 0,
                "extras": 4,
                "total": 4
              }
            },
            {
              "batter": "AD Russell",
              "bowler": "CJ Jordan",
              "non_striker": "GJ Maxwell",
              "runs": {
                "batter": 1,
                "extras": 0,
                "total": 1
              }
            },
            {
              "batter": "GJ Maxwell",
              "bowler": "CJ Jordan",
              "non_striker": "AD Russell",
              "runs": {
                "batter": 2,
                "extras": 0,
                "total": 2
              }
            },
            {
              "batter": "GJ Maxwell",
              "bowler": "CJ Jordan",
              "non_striker": "AD Russell",
              "runs": {
                "batter": 0,
                "extras": 0,
                "total": 0
              },
              "wickets": [
                {
                  "player_out": "GJ Maxwell",
                  "fielders": [
                    {
                      "name": "DP Hughes"
                    }
                  ],
                  "kind": "caught"
                }
              ]
            },
            {
              "batter": "BJ Webster",
              "bowler": "CJ Jordan",
              "non_striker": "AD Russell",
              "runs": {
                "batter": 0,
                "extras": 0,
                "total": 0
              }
            }
          ]
        },
        {
          "over": 19,
          "deliveries": [
            {
              "batter": "AD Russell",
              "bowler": "BJ Dwarshuis",
              "non_striker": "BJ Webster",
              "runs": {
                "batter": 2,
                "extras": 0,
                "total": 2
              }
            },
            {
              "batter": "AD Russell",
              "bowler": "BJ Dwarshuis",
              "non_striker": "BJ Webster",
              "runs": {
                "batter": 2,
                "extras": 0,
                "total": 2
              }
            },
            {
              "batter": "AD Russell",
              "bowler": "BJ Dwarshuis",
              "non_striker": "BJ Webster",
              "runs": {
                "batter": 2,
                "extras": 0,
                "total": 2
              }
            },
            {
              "batter": "AD Russell",
              "bowler": "BJ Dwarshuis",
              "non_striker": "BJ Webster",
              "runs": {
                "batter": 4,
                "extras": 0,
                "total": 4
              }
            },
            {
              "batter": "AD Russell",
              "bowler": "BJ Dwarshuis",
              "extras": {
                "byes": 1
              },
              "non_striker": "BJ Webster",
              "runs": {
                "batter": 0,
                "extras": 1,
                "total": 1
              }
            },
            {
              "batter": "BJ Webster",
              "bowler": "BJ Dwarshuis",
              "non_striker": "AD Russell",
              "runs": {
                "batter": 4,
                "extras": 0,
                "total": 4
              }
            }
          ]
        }
      ],
      "powerplays": [
        {
          "from": 0.1,
          "to": 3.6,
          "type": "mandatory"
        },
        {
          "from": 12.1,
          "to": 13.6,
          "type": "batting"
        }
      ]
    },
    {
      "team": "Sydney Sixers",
      "overs": [
        {
          "over": 0,
          "deliveries": [
            {
              "batter": "JR Philippe",
              "bowler": "GJ Maxwell",
              "non_striker": "JM Vince",
              "runs": {
                "batter": 2,
                "extras": 0,
                "total": 2
              }
            },
            {
              "batter": "JR Philippe",
              "bowler": "GJ Maxwell",
              "non_striker": "JM Vince",
              "runs": {
                "batter": 4,
                "extras": 0,
                "total": 4
              }
            },
            {
              "batter": "JR Philippe",
              "bowler": "GJ Maxwell",
              "non_striker": "JM Vince",
              "runs": {
                "batter": 0,
                "extras": 0,
                "total": 0
              }
            },
            {
              "batter": "JR Philippe",
              "bowler": "GJ Maxwell",
              "non_striker": "JM Vince",
              "runs": {
                "batter": 1,
                "extras": 0,
                "total": 1
              }
            },
            {
              "batter": "JM Vince",
              "bowler": "GJ Maxwell",
              "non_striker": "JR Philippe",
              "runs": {
                "batter": 0,
                "extras": 0,
                "total": 0
              }
            },
            {
              "batter": "JM Vince",
              "bowler": "GJ Maxwell",
              "non_striker": "JR Philippe",
              "runs": {
                "batter": 1,
                "extras": 0,
                "total": 1
              }
            }
          ]
        },
        {
          "over": 1,
          "deliveries": [
            {
              "batter": "JM Vince",
              "bowler": "BL Couch",
              "non_striker": "JR Philippe",
              "runs": {
                "batter": 1,
                "extras": 0,
                "total": 1
              }
            },
            {
              "batter": "JR Philippe",
              "bowler": "BL Couch",
              "non_striker": "JM Vince",
              "runs": {
                "batter": 0,
                "extras": 0,
                "total": 0
              }
            },
            {
              "batter": "JR Philippe",
              "bowler": "BL Couch",
              "non_striker": "JM Vince",
              "runs": {
                "batter": 0,
                "extras": 0,
                "total": 0
              }
            },
            {
              "batter": "JR Philippe",
              "bowler": "BL Couch",
              "non_striker": "JM Vince",
              "runs": {
                "batter": 2,
                "extras": 0,
                "total": 2
              }
            },
            {
              "batter": "JR Philippe",
              "bowler": "BL Couch",
              "non_striker": "JM Vince",
              "runs": {
                "batter": 4,
                "extras": 0,
                "total": 4
              }
            },
            {
              "batter": "JR Philippe",
              "bowler": "BL Couch",
              "non_striker": "JM Vince",
              "runs": {
                "batter": 2,
                "extras": 0,
                "total": 2
              }
            }
          ]
        },
        {
          "over": 2,
          "deliveries": [
            {
              "batter": "JM Vince",
              "bowler": "A Zampa",
              "non_striker": "JR Philippe",
              "runs": {
                "batter": 1,
                "extras": 0,
                "total": 1
              }
            },
            {
              "batter": "JR Philippe",
              "bowler": "A Zampa",
              "non_striker": "JM Vince",
              "runs": {
                "batter": 0,
                "extras": 0,
                "total": 0
              }
            },
            {
              "batter": "JR Philippe",
              "bowler": "A Zampa",
              "non_striker": "JM Vince",
              "runs": {
                "batter": 0,
                "extras": 0,
                "total": 0
              }
            },
            {
              "batter": "JR Philippe",
              "bowler": "A Zampa",
              "non_striker": "JM Vince",
              "runs": {
                "batter": 1,
                "extras": 0,
                "total": 1
              }
            },
            {
              "batter": "JM Vince",
              "bowler": "A Zampa",
              "non_striker": "JR Philippe",
              "runs": {
                "batter": 1,
                "extras": 0,
                "total": 1
              }
            },
            {
              "batter": "JR Philippe",
              "bowler": "A Zampa",
              "non_striker": "JM Vince",
              "runs": {
                "batter": 0,
                "extras": 0,
                "total": 0
              }
            }
          ]
        },
        {
          "over": 3,
          "deliveries": [
            {
              "batter": "JM Vince",
              "bowler": "NM Coulter-Nile",
              "non_striker": "JR Philippe",
              "runs": {
                "batter": 1,
                "extras": 0,
                "total": 1
              }
            },
            {
              "batter": "JR Philippe",
              "bowler": "NM Coulter-Nile",
              "non_striker": "JM Vince",
              "runs": {
                "batter": 1,
                "extras": 0,
                "total": 1
              }
            },
            {
              "batter": "JM Vince",
              "bowler": "NM Coulter-Nile",
              "non_striker": "JR Philippe",
              "runs": {
                "batter": 4,
                "extras": 0,
                "total": 4
              }
            },
            {
              "batter": "JM Vince",
              "bowler": "NM Coulter-Nile",
              "extras": {
                "legbyes": 4
              },
              "non_striker": "JR Philippe",
              "runs": {
                "batter": 0,
                "extras": 4,
                "total": 4
              }
            },
            {
              "batter": "JM Vince",
              "bowler": "NM Coulter-Nile",
              "non_striker": "JR Philippe",
              "runs": {
                "batter": 0,
                "extras": 0,
                "total": 0
              },
              "wickets": [
                {
                  "player_out": "JM Vince",
                  "fielders": [
                    {
                      "name": "BJ Webster"
                    }
                  ],
                  "kind": "caught"
                }
              ]
            },
            {
              "batter": "MC Henriques",
              "bowler": "NM Coulter-Nile",
              "non_striker": "JR Philippe",
              "runs": {
                "batter": 1,
                "extras": 0,
                "total": 1
              }
            }
          ]
        },
        {
          "over": 4,
          "deliveries": [
            {
              "batter": "MC Henriques",
              "bowler": "Qais Ahmad",
              "non_striker": "JR Philippe",
              "runs": {
                "batter": 1,
                "extras": 0,
                "total": 1
              }
            },
            {
              "batter": "JR Philippe",
              "bowler": "Qais Ahmad",
              "non_striker": "MC Henriques",
              "runs": {
                "batter": 1,
                "extras": 0,
                "total": 1
              }
            },
            {
              "batter": "MC Henriques",
              "bowler": "Qais Ahmad",
              "non_striker": "JR Philippe",
              "runs": {
                "batter": 6,
                "extras": 0,
                "total": 6
              }
            },
            {
              "batter": "MC Henriques",
              "bowler": "Qais Ahmad",
              "non_striker": "JR Philippe",
              "runs": {
                "batter": 0,
                "extras": 0,
                "total": 0
              }
            },
            {
              "batter": "MC Henriques",
              "bowler": "Qais Ahmad",
              "non_striker": "JR Philippe",
              "runs": {
                "batter": 1,
                "extras": 0,
                "total": 1
              }
            },
            {
              "batter": "JR Philippe",
              "bowler": "Qais Ahmad",
              "non_striker": "MC Henriques",
              "runs": {
                "batter": 1,
                "extras": 0,
                "total": 1
              }
            }
          ]
        },
        {
          "over": 5,
          "deliveries": [
            {
              "batter": "JR Philippe",
              "bowler": "A Zampa",
              "non_striker": "MC Henriques",
              "runs": {
                "batter": 1,
                "extras": 0,
                "total": 1
              }
            },
            {
              "batter": "MC Henriques",
              "bowler": "A Zampa",
              "non_striker": "JR Philippe",
              "runs": {
                "batter": 1,
                "extras": 0,
                "total": 1
              }
            },
            {
              "batter": "JR Philippe",
              "bowler": "A Zampa",
              "non_striker": "MC Henriques",
              "runs": {
                "batter": 1,
                "extras": 0,
                "total": 1
              }
            },
            {
              "batter": "MC Henriques",
              "bowler": "A Zampa",
              "non_striker": "JR Philippe",
              "runs": {
                "batter": 0,
                "extras": 0,
                "total": 0
              }
            },
            {
              "batter": "MC Henriques",
              "bowler": "A Zampa",
              "non_striker": "JR Philippe",
              "runs": {
                "batter": 1,
                "extras": 0,
                "total": 1
              }
            },
            {
              "batter": "JR Philippe",
              "bowler": "A Zampa",
              "non_striker": "MC Henriques",
              "runs": {
                "batter": 0,
                "extras": 0,
                "total": 0
              }
            }
          ]
        },
        {
          "over": 6,
          "deliveries": [
            {
              "batter": "MC Henriques",
              "bowler": "AD Russell",
              "non_striker": "JR Philippe",
              "runs": {
                "batter": 1,
                "extras": 0,
                "total": 1
              }
            },
            {
              "batter": "JR Philippe",
              "bowler": "AD Russell",
              "non_striker": "MC Henriques",
              "runs": {
                "batter": 0,
                "extras": 0,
                "total": 0
              }
            },
            {
              "batter": "JR Philippe",
              "bowler": "AD Russell",
              "non_striker": "MC Henriques",
              "runs": {
                "batter": 1,
                "extras": 0,
                "total": 1
              }
            },
            {
              "batter": "MC Henriques",
              "bowler": "AD Russell",
              "non_striker": "JR Philippe",
              "runs": {
                "batter": 1,
                "extras": 0,
                "total": 1
              }
            },
            {
              "batter": "JR Philippe",
              "bowler": "AD Russell",
              "non_striker": "MC Henriques",
              "runs": {
                "batter": 4,
                "extras": 0,
                "total": 4
              }
            },
            {
              "batter": "JR Philippe",
              "bowler": "AD Russell",
              "non_striker": "MC Henriques",
              "runs": {
                "batter": 1,
                "extras": 0,
                "total": 1
              }
            }
          ]
        },
        {
          "over": 7,
          "deliveries": [
            {
              "batter": "JR Philippe",
              "bowler": "Qais Ahmad",
              "non_striker": "MC Henriques",
              "runs": {
                "batter": 1,
                "extras": 0,
                "total": 1
              }
            },
            {
              "batter": "MC Henriques",
              "bowler": "Qais Ahmad",
              "non_striker": "JR Philippe",
              "runs": {
                "batter": 1,
                "extras": 0,
                "total": 1
              }
            },
            {
              "batter": "JR Philippe",
              "bowler": "Qais Ahmad",
              "non_striker": "MC Henriques",
              "runs": {
                "batter": 1,
                "extras": 0,
                "total": 1
              }
            },
            {
              "batter": "MC Henriques",
              "bowler": "Qais Ahmad",
              "non_striker": "JR Philippe",
              "runs": {
                "batter": 1,
                "extras": 0,
                "total": 1
              }
            },
            {
              "batter": "JR Philippe",
              "bowler": "Qais Ahmad",
              "non_striker": "MC Henriques",
              "runs": {
                "batter": 6,
                "extras": 0,
                "total": 6
              }
            },
            {
              "batter": "JR Philippe",
              "bowler": "Qais Ahmad",
              "non_striker": "MC Henriques",
              "runs": {
                "batter": 3,
                "extras": 0,
                "total": 3
              }
            }
          ]
        },
        {
          "over": 8,
          "deliveries": [
            {
              "batter": "JR Philippe",
              "bowler": "BL Couch",
              "non_striker": "MC Henriques",
              "runs": {
                "batter": 1,
                "extras": 0,
                "total": 1
              }
            },
            {
              "batter": "MC Henriques",
              "bowler": "BL Couch",
              "non_striker": "JR Philippe",
              "runs": {
                "batter": 1,
                "extras": 0,
                "total": 1
              }
            },
            {
              "batter": "JR Philippe",
              "bowler": "BL Couch",
              "non_striker": "MC Henriques",
              "runs": {
                "batter": 1,
                "extras": 0,
                "total": 1
              }
            },
            {
              "batter": "MC Henriques",
              "bowler": "BL Couch",
              "non_striker": "JR Philippe",
              "runs": {
                "batter": 1,
                "extras": 0,
                "total": 1
              }
            },
            {
              "batter": "JR Philippe",
              "bowler": "BL Couch",
              "non_striker": "MC Henriques",
              "runs": {
                "batter": 1,
                "extras": 0,
                "total": 1
              }
            },
            {
              "batter": "MC Henriques",
              "bowler": "BL Couch",
              "non_striker": "JR Philippe",
              "runs": {
                "batter": 1,
                "extras": 0,
                "total": 1
              }
            }
          ]
        },
        {
          "over": 9,
          "deliveries": [
            {
              "batter": "MC Henriques",
              "bowler": "A Zampa",
              "non_striker": "JR Philippe",
              "runs": {
                "batter": 6,
                "extras": 0,
                "total": 6
              }
            },
            {
              "batter": "MC Henriques",
              "bowler": "A Zampa",
              "non_striker": "JR Philippe",
              "runs": {
                "batter": 0,
                "extras": 0,
                "total": 0
              }
            },
            {
              "batter": "MC Henriques",
              "bowler": "A Zampa",
              "non_striker": "JR Philippe",
              "runs": {
                "batter": 1,
                "extras": 0,
                "total": 1
              }
            },
            {
              "batter": "JR Philippe",
              "bowler": "A Zampa",
              "non_striker": "MC Henriques",
              "runs": {
                "batter": 1,
                "extras": 0,
                "total": 1
              }
            },
            {
              "batter": "MC Henriques",
              "bowler": "A Zampa",
              "non_striker": "JR Philippe",
              "runs": {
                "batter": 4,
                "extras": 0,
                "total": 4
              }
            },
            {
              "batter": "MC Henriques",
              "bowler": "A Zampa",
              "non_striker": "JR Philippe",
              "runs": {
                "batter": 0,
                "extras": 0,
                "total": 0
              },
              "wickets": [
                {
                  "player_out": "MC Henriques",
                  "kind": "lbw"
                }
              ]
            }
          ]
        },
        {
          "over": 10,
          "deliveries": [
            {
              "batter": "JR Philippe",
              "bowler": "GJ Maxwell",
              "non_striker": "DP Hughes",
              "runs": {
                "batter": 4,
                "extras": 0,
                "total": 4
              }
            },
            {
              "batter": "JR Philippe",
              "bowler": "GJ Maxwell",
              "non_striker": "DP Hughes",
              "runs": {
                "batter": 1,
                "extras": 0,
                "total": 1
              }
            },
            {
              "batter": "DP Hughes",
              "bowler": "GJ Maxwell",
              "non_striker": "JR Philippe",
              "runs": {
                "batter": 1,
                "extras": 0,
                "total": 1
              }
            },
            {
              "batter": "JR Philippe",
              "bowler": "GJ Maxwell",
              "non_striker": "DP Hughes",
              "runs": {
                "batter": 1,
                "extras": 0,
                "total": 1
              }
            },
            {
              "batter": "DP Hughes",
              "bowler": "GJ Maxwell",
              "non_striker": "JR Philippe",
              "runs": {
                "batter": 1,
                "extras": 0,
                "total": 1
              }
            },
            {
              "batter": "JR Philippe",
              "bowler": "GJ Maxwell",
              "non_striker": "DP Hughes",
              "runs": {
                "batter": 4,
                "extras": 0,
                "total": 4
              }
            }
          ]
        },
        {
          "over": 11,
          "deliveries": [
            {
              "batter": "DP Hughes",
              "bowler": "AD Russell",
              "non_striker": "JR Philippe",
              "runs": {
                "batter": 1,
                "extras": 0,
                "total": 1
              }
            },
            {
              "batter": "JR Philippe",
              "bowler": "AD Russell",
              "extras": {
                "legbyes": 1
              },
              "non_striker": "DP Hughes",
              "runs": {
                "batter": 0,
                "extras": 1,
                "total": 1
              }
            },
            {
              "batter": "DP Hughes",
              "bowler": "AD Russell",
              "extras": {
                "wides": 1
              },
              "non_striker": "JR Philippe",
              "runs": {
                "batter": 0,
                "extras": 1,
                "total": 1
              }
            },
            {
              "batter": "DP Hughes",
              "bowler": "AD Russell",
              "non_striker": "JR Philippe",
              "runs": {
                "batter": 1,
                "extras": 0,
                "total": 1
              }
            },
            {
              "batter": "JR Philippe",
              "bowler": "AD Russell",
              "non_striker": "DP Hughes",
              "runs": {
                "batter": 1,
                "extras": 0,
                "total": 1
              }
            },
            {
              "batter": "DP Hughes",
              "bowler": "AD Russell",
              "non_striker": "JR Philippe",
              "runs": {
                "batter": 0,
                "extras": 0,
                "total": 0
              }
            },
            {
              "batter": "DP Hughes",
              "bowler": "AD Russell",
              "non_striker": "JR Philippe",
              "runs": {
                "batter": 0,
                "extras": 0,
                "total": 0
              }
            }
          ]
        },
        {
          "over": 12,
          "deliveries": [
            {
              "batter": "JR Philippe",
              "bowler": "NM Coulter-Nile",
              "non_striker": "DP Hughes",
              "runs": {
                "batter": 4,
                "extras": 0,
                "total": 4
              }
            },
            {
              "batter": "JR Philippe",
              "bowler": "NM Coulter-Nile",
              "non_striker": "DP Hughes",
              "runs": {
                "batter": 1,
                "extras": 0,
                "total": 1
              }
            },
            {
              "batter": "DP Hughes",
              "bowler": "NM Coulter-Nile",
              "non_striker": "JR Philippe",
              "runs": {
                "batter": 0,
                "extras": 0,
                "total": 0
              }
            },
            {
              "batter": "DP Hughes",
              "bowler": "NM Coulter-Nile",
              "non_striker": "JR Philippe",
              "runs": {
                "batter": 6,
                "extras": 0,
                "total": 6
              }
            },
            {
              "batter": "DP Hughes",
              "bowler": "NM Coulter-Nile",
              "non_striker": "JR Philippe",
              "runs": {
                "batter": 1,
                "extras": 0,
                "total": 1
              }
            },
            {
              "batter": "JR Philippe",
              "bowler": "NM Coulter-Nile",
              "extras": {
                "noballs": 1
              },
              "non_striker": "DP Hughes",
              "runs": {
                "batter": 0,
                "extras": 1,
                "total": 1
              }
            },
            {
              "batter": "JR Philippe",
              "bowler": "NM Coulter-Nile",
              "non_striker": "DP Hughes",
              "runs": {
                "batter": 2,
                "extras": 0,
                "total": 2
              }
            }
          ]
        },
        {
          "over": 13,
          "deliveries": [
            {
              "batter": "DP Hughes",
              "bowler": "BL Couch",
              "non_striker": "JR Philippe",
              "runs": {
                "batter": 0,
                "extras": 0,
                "total": 0
              },
              "wickets": [
                {
                  "player_out": "DP Hughes",
                  "kind": "caught and bowled"
                }
              ]
            },
            {
              "batter": "JC Silk",
              "bowler": "BL Couch",
              "non_striker": "JR Philippe",
              "runs": {
                "batter": 0,
                "extras": 0,
                "total": 0
              }
            },
            {
              "batter": "JC Silk",
              "bowler": "BL Couch",
              "non_striker": "JR Philippe",
              "runs": {
                "batter": 2,
                "extras": 0,
                "total": 2
              }
            },
            {
              "batter": "JC Silk",
              "bowler": "BL Couch",
              "non_striker": "JR Philippe",
              "runs": {
                "batter": 1,
                "extras": 0,
                "total": 1
              }
            },
            {
              "batter": "JR Philippe",
              "bowler": "BL Couch",
              "non_striker": "JC Silk",
              "runs": {
                "batter": 0,
                "extras": 0,
                "total": 0
              }
            },
            {
              "batter": "JR Philippe",
              "bowler": "BL Couch",
              "non_striker": "JC Silk",
              "runs": {
                "batter": 4,
                "extras": 0,
                "total": 4
              }
            }
          ]
        },
        {
          "over": 14,
          "deliveries": [
            {
              "batter": "JC Silk",
              "bowler": "Qais Ahmad",
              "non_striker": "JR Philippe",
              "runs": {
                "batter": 2,
                "extras": 0,
                "total": 2
              }
            },
            {
              "batter": "JC Silk",
              "bowler": "Qais Ahmad",
              "non_striker": "JR Philippe",
              "runs": {
                "batter": 1,
                "extras": 0,
                "total": 1
              }
            },
            {
              "batter": "JR Philippe",
              "bowler": "Qais Ahmad",
              "non_striker": "JC Silk",
              "runs": {
                "batter": 0,
                "extras": 0,
                "total": 0
              }
            },
            {
              "batter": "JR Philippe",
              "bowler": "Qais Ahmad",
              "non_striker": "JC Silk",
              "runs": {
                "batter": 2,
                "extras": 0,
                "total": 2
              }
            },
            {
              "batter": "JR Philippe",
              "bowler": "Qais Ahmad",
              "non_striker": "JC Silk",
              "runs": {
                "batter": 1,
                "extras": 0,
                "total": 1
              }
            },
            {
              "batter": "JC Silk",
              "bowler": "Qais Ahmad",
              "non_striker": "JR Philippe",
              "runs": {
                "batter": 1,
                "extras": 0,
                "total": 1
              }
            }
          ]
        },
        {
          "over": 15,
          "deliveries": [
            {
              "batter": "JC Silk",
              "bowler": "NM Coulter-Nile",
              "non_striker": "JR Philippe",
              "runs": {
                "batter": 1,
                "extras": 0,
                "total": 1
              }
            },
            {
              "batter": "JR Philippe",
              "bowler": "NM Coulter-Nile",
              "non_striker": "JC Silk",
              "runs": {
                "batter": 0,
                "extras": 0,
                "total": 0
              }
            },
            {
              "batter": "JR Philippe",
              "bowler": "NM Coulter-Nile",
              "non_striker": "JC Silk",
              "runs": {
                "batter": 4,
                "extras": 0,
                "total": 4
              }
            },
            {
              "batter": "JR Philippe",
              "bowler": "NM Coulter-Nile",
              "non_striker": "JC Silk",
              "runs": {
                "batter": 4,
                "extras": 0,
                "total": 4
              }
            },
            {
              "batter": "JR Philippe",
              "bowler": "NM Coulter-Nile",
              "non_striker": "JC Silk",
              "runs": {
                "batter": 1,
                "extras": 0,
                "total": 1
              }
            },
            {
              "batter": "JC Silk",
              "bowler": "NM Coulter-Nile",
              "non_striker": "JR Philippe",
              "runs": {
                "batter": 0,
                "extras": 0,
                "total": 0
              }
            }
          ]
        },
        {
          "over": 16,
          "deliveries": [
            {
              "batter": "JR Philippe",
              "bowler": "A Zampa",
              "non_striker": "JC Silk",
              "runs": {
                "batter": 4,
                "extras": 0,
                "total": 4
              }
            },
            {
              "batter": "JR Philippe",
              "bowler": "A Zampa",
              "non_striker": "JC Silk",
              "runs": {
                "batter": 1,
                "extras": 0,
                "total": 1
              }
            },
            {
              "batter": "JC Silk",
              "bowler": "A Zampa",
              "non_striker": "JR Philippe",
              "runs": {
                "batter": 1,
                "extras": 0,
                "total": 1
              }
            },
            {
              "batter": "JR Philippe",
              "bowler": "A Zampa",
              "non_striker": "JC Silk",
              "runs": {
                "batter": 1,
                "extras": 0,
                "total": 1
              }
            },
            {
              "batter": "JC Silk",
              "bowler": "A Zampa",
              "non_striker": "JR Philippe",
              "runs": {
                "batter": 1,
                "extras": 0,
                "total": 1
              }
            },
            {
              "batter": "JR Philippe",
              "bowler": "A Zampa",
              "non_striker": "JC Silk",
              "runs": {
                "batter": 1,
                "extras": 0,
                "total": 1
              }
            }
          ]
        },
        {
          "over": 17,
          "deliveries": [
            {
              "batter": "JR Philippe",
              "bowler": "AD Russell",
              "non_striker": "JC Silk",
              "runs": {
                "batter": 1,
                "extras": 0,
                "total": 1
              }
            },
            {
              "batter": "JC Silk",
              "bowler": "AD Russell",
              "non_striker": "JR Philippe",
              "runs": {
                "batter": 4,
                "extras": 0,
                "total": 4
              }
            },
            {
              "batter": "JC Silk",
              "bowler": "AD Russell",
              "non_striker": "JR Philippe",
              "runs": {
                "batter": 1,
                "extras": 0,
                "total": 1
              }
            },
            {
              "batter": "JR Philippe",
              "bowler": "AD Russell",
              "non_striker": "JC Silk",
              "runs": {
                "batter": 1,
                "extras": 0,
                "total": 1
              }
            },
            {
              "batter": "JC Silk",
              "bowler": "AD Russell",
              "non_striker": "JR Philippe",
              "runs": {
                "batter": 1,
                "extras": 0,
                "total": 1
              }
            },
            {
              "batter": "JR Philippe",
              "bowler": "AD Russell",
              "non_striker": "JC Silk",
              "runs": {
                "batter": 4,
                "extras": 0,
                "total": 4
              }
            }
          ]
        },
        {
          "over": 18,
          "deliveries": [
            {
              "batter": "JC Silk",
              "bowler": "NM Coulter-Nile",
              "non_striker": "JR Philippe",
              "runs": {
                "batter": 2,
                "extras": 0,
                "total": 2
              }
            },
            {
              "batter": "JC Silk",
              "bowler": "NM Coulter-Nile",
              "non_striker": "JR Philippe",
              "runs": {
                "batter": 1,
                "extras": 0,
                "total": 1
              }
            },
            {
              "batter": "JR Philippe",
              "bowler": "NM Coulter-Nile",
              "extras": {
                "wides": 2
              },
              "non_striker": "JC Silk",
              "runs": {
                "batter": 0,
                "extras": 2,
                "total": 2
              }
            },
            {
              "batter": "JC Silk",
              "bowler": "NM Coulter-Nile",
              "non_striker": "JR Philippe",
              "runs": {
                "batter": 2,
                "extras": 0,
                "total": 2
              }
            },
            {
              "batter": "JC Silk",
              "bowler": "NM Coulter-Nile",
              "non_striker": "JR Philippe",
              "runs": {
                "batter": 2,
                "extras": 0,
                "total": 2
              }
            },
            {
              "batter": "JC Silk",
              "bowler": "NM Coulter-Nile",
              "non_striker": "JR Philippe",
              "runs": {
                "batter": 1,
                "extras": 0,
                "total": 1
              }
            },
            {
              "batter": "JR Philippe",
              "bowler": "NM Coulter-Nile",
              "non_striker": "JC Silk",
              "runs": {
                "batter": 1,
                "extras": 0,
                "total": 1
              }
            }
          ]
        },
        {
          "over": 19,
          "deliveries": [
            {
              "batter": "JR Philippe",
              "bowler": "Qais Ahmad",
              "non_striker": "JC Silk",
              "runs": {
                "batter": 2,
                "extras": 0,
                "total": 2
              }
            },
            {
              "batter": "JR Philippe",
              "bowler": "Qais Ahmad",
              "non_striker": "JC Silk",
              "runs": {
                "batter": 1,
                "extras": 0,
                "total": 1
              }
            },
            {
              "batter": "JC Silk",
              "bowler": "Qais Ahmad",
              "non_striker": "JR Philippe",
              "runs": {
                "batter": 1,
                "extras": 0,
                "total": 1
              }
            },
            {
              "batter": "JR Philippe",
              "bowler": "Qais Ahmad",
              "non_striker": "JC Silk",
              "runs": {
                "batter": 6,
                "extras": 0,
                "total": 6
              }
            }
          ]
        }
      ],
      "powerplays": [
        {
          "from": 0.1,
          "to": 3.6,
          "type": "mandatory"
        },
        {
          "from": 17.1,
          "to": 18.7,
          "type": "batting"
        }
      ],
      "target": {
        "overs": 20,
        "runs": 178
      }
    }
  ]
}