{
  "meta": {
    "data_version": "1.0.0",
    "created": "2017-04-23",
    "revision": 1
  },
  "info": {
    "balls_per_over": 6,
    "city": "Brisbane",
    "dates": [
      "2011-12-20"
    ],
    "event": {
      "name": "Big Bash League"
    },
    "gender": "male",
    "match_type": "T20",
    "officials": {
      "match_referees": [
        "DJ Burns"
      ],
      "tv_umpires": [
        "BNJ Oxenford"
      ],
      "umpires": [
        "IH Lock",
        "PR Reiffel"
      ]
    },
    "outcome": {
      "by": {
        "runs": 8
      },
      "winner": "Melbourne Stars"
    },
    "overs": 20,
    "player_of_match": [
      "RJ Quiney"
    ],
    "players": {
      "Brisbane Heat": [
        "BB McCullum",
        "ML Hayden",
        "CA Lynn",
        "PJ Forrest",
        "DT Christian",
        "AW Robinson",
        "MG Neser",
        "ND Buchanan",
        "RJ Harris",
        "NM Hauritz",
        "AC McDermott"
      ],
      "Melbourne Stars": [
        "RJ Quiney",
        "MS Wade",
        "GJ Bailey",
        "DJ Hussey",
        "CL White",
        "AC Voges",
        "LJ Wright",
        "JP Faulkner",
        "CJ McKay",
        "SK Warne",
        "JW Dernbach"
      ]
    },
    "registry": {
      "people": {
        "AC McDermott": "956887b2",
        "AC Voges": "864c199e",
        "AW Robinson": "7001dee4",
        "BB McCullum": "b8a55852",
        "BNJ Oxenford": "c1add349",
        "CA Lynn": "45eda7c8",
        "CJ McKay": "94eac556",
        "CL White": "d0513f63",
        "DJ Burns": "49d422bf",
        "DJ Hussey": "fd835ab3",
        "DT Christian": "2a2e6343",
        "GJ Bailey": "5056011d",
        "IH Lock": "a1b1e3c2",
        "JP Faulkner": "808f425a",
        "JW Dernbach": "7be8a0ed",
        "LJ Wright": "cca50cd6",
        "MG Neser": "0164b064",
        "ML Hayden": "d8699ab7",
        "MS Wade": "afa7e784",
        "ND Buchanan": "9a211e08",
        "NM Hauritz": "8ea6e670",
        "PJ Forrest": "56c205b7",
        "PR Reiffel": "c9354f29",
        "RJ Harris": "12eddf28",
        "RJ Quiney": "23ac69e6",
        "SK Warne": "bb18be76"
      }
    },
    "season": "2011/12",
    "team_type": "club",
    "teams": [
      "Brisbane Heat",
      "Melbourne Stars"
    ],
    "toss": {
      "decision": "bat",
      "winner": "Melbourne Stars"
    },
    "venue": "Brisbane Cricket Ground, Woolloongabba"
  },
  "innings": [
    {
      "team": "Melbourne Stars",
      "overs": [
        {
          "over": 0,
          "deliveries": [
            {
              "batter": "RJ Quiney",
              "bowler": "NM Hauritz",
              "non_striker": "MS Wade",
              "runs": {
                "batter": 0,
                "extras": 0,
                "total": 0
              }
            },
            {
              "batter": "RJ Quiney",
              "bowler": "NM Hauritz",
              "non_striker": "MS Wade",
              "runs": {
                "batter": 4,
                "extras": 0,
                "total": 4
              }
            },
            {
              "batter": "RJ Quiney",
              "bowler": "NM Hauritz",
              "non_striker": "MS Wade",
              "runs": {
                "batter": 0,
                "extras": 0,
                "total": 0
              }
            },
            {
              "batter": "RJ Quiney",
              "bowler": "NM Hauritz",
              "non_striker": "MS Wade",
              "runs": {
                "batter": 0,
                "extras": 0,
                "total": 0
              }
            },
            {
              "batter": "RJ Quiney",
              "bowler": "NM Hauritz",
              "non_striker": "MS Wade",
              "runs": {
                "batter": 0,
                "extras": 0,
                "total": 0
              }
            },
            {
              "batter": "RJ Quiney",
              "bowler": "NM Hauritz",
              "non_striker": "MS Wade",
              "runs": {
                "batter": 0,
                "extras": 0,
                "total": 0
              }
            }
          ]
        },
        {
          "over": 1,
          "deliveries": [
            {
              "batter": "MS Wade",
              "bowler": "RJ Harris",
              "non_striker": "RJ Quiney",
              "runs": {
                "batter": 1,
                "extras": 0,
                "total": 1
              }
            },
            {
              "batter": "RJ Quiney",
              "bowler": "RJ Harris",
              "non_striker": "MS Wade",
              "runs": {
                "batter": 0,
                "extras": 0,
                "total": 0
              }
            },
            {
              "batter": "RJ Quiney",
              "bowler": "RJ Harris",
              "non_striker": "MS Wade",
              "runs": {
                "batter": 0,
                "extras": 0,
                "total": 0
              }
            },
            {
              "batter": "RJ Quiney",
              "bowler": "RJ Harris",
              "non_striker": "MS Wade",
              "runs": {
                "batter": 4,
                "extras": 0,
                "total": 4
              }
            },
            {
              "batter": "RJ Quiney",
              "bowler": "RJ Harris",
              "non_striker": "MS Wade",
              "runs": {
                "batter": 1,
                "extras": 0,
                "total": 1
              }
            },
            {
              "batter": "MS Wade",
              "bowler": "RJ Harris",
              "non_striker": "RJ Quiney",
              "runs": {
                "batter": 1,
                "extras": 0,
                "total": 1
              }
            }
          ]
        },
        {
          "over": 2,
          "deliveries": [
            {
              "batter": "MS Wade",
              "bowler": "NM Hauritz",
              "non_striker": "RJ Quiney",
              "runs": {
                "batter": 3,
                "extras": 0,
                "total": 3
              }
            },
            {
              "batter": "RJ Quiney",
              "bowler": "NM Hauritz",
              "non_striker": "MS Wade",
              "runs": {
                "batter": 1,
                "extras": 0,
                "total": 1
              }
            },
            {
              "batter": "MS Wade",
              "bowler": "NM Hauritz",
              "non_striker": "RJ Quiney",
              "runs": {
                "batter": 0,
                "extras": 0,
                "total": 0
              },
              "wickets": [
                {
                  "kind": "caught",
                  "player_out": "MS Wade",
                  "fielders": [
                    {
                      "name": "PJ Forrest"
                    }
                  ]
                }
              ]
            },
            {
              "batter": "GJ Bailey",
              "bowler": "NM Hauritz",
              "non_striker": "RJ Quiney",
              "runs": {
                "batter": 0,
                "extras": 0,
                "total": 0
              }
            },
            {
              "batter": "GJ Bailey",
              "bowler": "NM Hauritz",
              "non_striker": "RJ Quiney",
              "runs": {
                "batter": 0,
                "extras": 0,
                "total": 0
              }
            },
            {
              "batter": "GJ Bailey",
              "bowler": "NM Hauritz",
              "non_striker": "RJ Quiney",
              "runs": {
                "batter": 0,
                "extras": 0,
                "total": 0
              }
            }
          ]
        },
        {
          "over": 3,
          "deliveries": [
            {
              "batter": "RJ Quiney",
              "bowler": "RJ Harris",
              "non_striker": "GJ Bailey",
              "runs": {
                "batter": 4,
                "extras": 0,
                "total": 4
              }
            },
            {
              "batter": "RJ Quiney",
              "bowler": "RJ Harris",
              "non_striker": "GJ Bailey",
              "runs": {
                "batter": 1,
                "extras": 0,
                "total": 1
              }
            },
            {
              "batter": "GJ Bailey",
              "bowler": "RJ Harris",
              "non_striker": "RJ Quiney",
              "runs": {
                "batter": 0,
                "extras": 0,
                "total": 0
              }
            },
            {
              "batter": "GJ Bailey",
              "bowler": "RJ Harris",
              "non_striker": "RJ Quiney",
              "runs": {
                "batter": 4,
                "extras": 0,
                "total": 4
              }
            },
            {
              "batter": "GJ Bailey",
              "bowler": "RJ Harris",
              "non_striker": "RJ Quiney",
              "runs": {
                "batter": 4,
                "extras": 0,
                "total": 4
              }
            },
            {
              "batter": "GJ Bailey",
              "bowler": "RJ Harris",
              "non_striker": "RJ Quiney",
              "runs": {
                "batter": 1,
                "extras": 0,
                "total": 1
              }
            }
          ]
        },
        {
          "over": 4,
          "deliveries": [
            {
              "batter": "GJ Bailey",
              "bowler": "NM Hauritz",
              "non_striker": "RJ Quiney",
              "runs": {
                "batter": 1,
                "extras": 0,
                "total": 1
              }
            },
            {
              "batter": "RJ Quiney",
              "bowler": "NM Hauritz",
              "non_striker": "GJ Bailey",
              "runs": {
                "batter": 0,
                "extras": 0,
                "total": 0
              }
            },
            {
              "batter": "RJ Quiney",
              "bowler": "NM Hauritz",
              "non_striker": "GJ Bailey",
              "runs": {
                "batter": 0,
                "extras": 0,
                "total": 0
              }
            },
            {
              "batter": "RJ Quiney",
              "bowler": "NM Hauritz",
              "non_striker": "GJ Bailey",
              "runs": {
                "batter": 0,
                "extras": 0,
                "total": 0
              }
            },
            {
              "batter": "RJ Quiney",
              "bowler": "NM Hauritz",
              "non_striker": "GJ Bailey",
              "runs": {
                "batter": 1,
                "extras": 0,
                "total": 1
              }
            },
            {
              "batter": "GJ Bailey",
              "bowler": "NM Hauritz",
              "non_striker": "RJ Quiney",
              "runs": {
                "batter": 0,
                "extras": 0,
                "total": 0
              },
              "wickets": [
                {
                  "kind": "lbw",
                  "player_out": "GJ Bailey"
                }
              ]
            }
          ]
        },
        {
          "over": 5,
          "deliveries": [
            {
              "batter": "RJ Quiney",
              "bowler": "DT Christian",
              "non_striker": "DJ Hussey",
              "runs": {
                "batter": 1,
                "extras": 0,
                "total": 1
              }
            },
            {
              "batter": "DJ Hussey",
              "bowler": "DT Christian",
              "extras": {
                "legbyes": 1
              },
              "non_striker": "RJ Quiney",
              "runs": {
                "batter": 0,
                "extras": 1,
                "total": 1
              }
            },
            {
              "batter": "RJ Quiney",
              "bowler": "DT Christian",
              "non_striker": "DJ Hussey",
              "runs": {
                "batter": 4,
                "extras": 0,
                "total": 4
              }
            },
            {
              "batter": "RJ Quiney",
              "bowler": "DT Christian",
              "non_striker": "DJ Hussey",
              "runs": {
                "batter": 0,
                "extras": 0,
                "total": 0
              }
            },
            {
              "batter": "RJ Quiney",
              "bowler": "DT Christian",
              "non_striker": "DJ Hussey",
              "runs": {
                "batter": 6,
                "extras": 0,
                "total": 6
              }
            },
            {
              "batter": "RJ Quiney",
              "bowler": "DT Christian",
              "non_striker": "DJ Hussey",
              "runs": {
                "batter": 1,
                "extras": 0,
                "total": 1
              }
            }
          ]
        },
        {
          "over": 6,
          "deliveries": [
            {
              "batter": "RJ Quiney",
              "bowler": "AC McDermott",
              "non_striker": "DJ Hussey",
              "runs": {
                "batter": 1,
                "extras": 0,
                "total": 1
              }
            },
            {
              "batter": "DJ Hussey",
              "bowler": "AC McDermott",
              "non_striker": "RJ Quiney",
              "runs": {
                "batter": 1,
                "extras": 0,
                "total": 1
              }
            },
            {
              "batter": "RJ Quiney",
              "bowler": "AC McDermott",
              "non_striker": "DJ Hussey",
              "runs": {
                "batter": 2,
                "extras": 0,
                "total": 2
              }
            },
            {
              "batter": "RJ Quiney",
              "bowler": "AC McDermott",
              "non_striker": "DJ Hussey",
              "runs": {
                "batter": 6,
                "extras": 0,
                "total": 6
              }
            },
            {
              "batter": "RJ Quiney",
              "bowler": "AC McDermott",
              "non_striker": "DJ Hussey",
              "runs": {
                "batter": 1,
                "extras": 0,
                "total": 1
              }
            },
            {
              "batter": "DJ Hussey",
              "bowler": "AC McDermott",
              "non_striker": "RJ Quiney",
              "runs": {
                "batter": 0,
                "extras": 0,
                "total": 0
              }
            }
          ]
        },
        {
          "over": 7,
          "deliveries": [
            {
              "batter": "RJ Quiney",
              "bowler": "DT Christian",
              "non_striker": "DJ Hussey",
              "runs": {
                "batter": 0,
                "extras": 0,
                "total": 0
              }
            },
            {
              "batter": "RJ Quiney",
              "bowler": "DT Christian",
              "non_striker": "DJ Hussey",
              "runs": {
                "batter": 2,
                "extras": 0,
                "total": 2
              }
            },
            {
              "batter": "RJ Quiney",
              "bowler": "DT Christian",
              "non_striker": "DJ Hussey",
              "runs": {
                "batter": 1,
                "extras": 0,
                "total": 1
              }
            },
            {
              "batter": "DJ Hussey",
              "bowler": "DT Christian",
              "non_striker": "RJ Quiney",
              "runs": {
                "batter": 1,
                "extras": 0,
                "total": 1
              }
            },
            {
              "batter": "RJ Quiney",
              "bowler": "DT Christian",
              "non_striker": "DJ Hussey",
              "runs": {
                "batter": 4,
                "extras": 0,
                "total": 4
              }
            },
            {
              "batter": "RJ Quiney",
              "bowler": "DT Christian",
              "non_striker": "DJ Hussey",
              "runs": {
                "batter": 1,
                "extras": 0,
                "total": 1
              }
            }
          ]
        },
        {
          "over": 8,
          "deliveries": [
            {
              "batter": "RJ Quiney",
              "bowler": "AC McDermott",
              "non_striker": "DJ Hussey",
              "runs": {
                "batter": 0,
                "extras": 0,
                "total": 0
              }
            },
            {
              "batter": "RJ Quiney",
              "bowler": "AC McDermott",
              "non_striker": "DJ Hussey",
              "runs": {
                "batter": 0,
                "extras": 0,
                "total": 0
              }
            },
            {
              "batter": "RJ Quiney",
              "bowler": "AC McDermott",
              "non_striker": "DJ Hussey",
              "runs": {
                "batter": 1,
                "extras": 0,
                "total": 1
              }
            },
            {
              "batter": "DJ Hussey",
              "bowler": "AC McDermott",
              "non_striker": "RJ Quiney",
              "runs": {
                "batter": 0,
                "extras": 0,
                "total": 0
              }
            },
            {
              "batter": "DJ Hussey",
              "bowler": "AC McDermott",
              "non_striker": "RJ Quiney",
              "runs": {
                "batter": 2,
                "extras": 0,
                "total": 2
              }
            },
            {
              "batter": "DJ Hussey",
              "bowler": "AC McDermott",
              "non_striker": "RJ Quiney",
              "runs": {
                "batter": 1,
                "extras": 0,
                "total": 1
              }
            }
          ]
        },
        {
          "over": 9,
          "deliveries": [
            {
              "batter": "DJ Hussey",
              "bowler": "ND Buchanan",
              "non_striker": "RJ Quiney",
              "runs": {
                "batter": 0,
                "extras": 0,
                "total": 0
              }
            },
            {
              "batter": "DJ Hussey",
              "bowler": "ND Buchanan",
              "non_striker": "RJ Quiney",
              "runs": {
                "batter": 4,
                "extras": 0,
                "total": 4
              }
            },
            {
              "batter": "DJ Hussey",
              "bowler": "ND Buchanan",
              "non_striker": "RJ Quiney",
              "runs": {
                "batter": 4,
                "extras": 0,
                "total": 4
              }
            },
            {
              "batter": "DJ Hussey",
              "bowler": "ND Buchanan",
              "non_striker": "RJ Quiney",
              "runs": {
                "batter": 0,
                "extras": 0,
                "total": 0
              }
            },
            {
              "batter": "DJ Hussey",
              "bowler": "ND Buchanan",
              "non_striker": "RJ Quiney",
              "runs": {
                "batter": 2,
                "extras": 0,
                "total": 2
              }
            },
            {
              "batter": "DJ Hussey",
              "bowler": "ND Buchanan",
              "non_striker": "RJ Quiney",
              "runs": {
                "batter": 6,
                "extras": 0,
                "total": 6
              }
            }
          ]
        },
        {
          "over": 10,
          "deliveries": [
            {
              "batter": "RJ Quiney",
              "bowler": "AC McDermott",
              "non_striker": "DJ Hussey",
              "runs": {
                "batter": 3,
                "extras": 0,
                "total": 3
              }
            },
            {
              "batter": "DJ Hussey",
              "bowler": "AC McDermott",
              "non_striker": "RJ Quiney",
              "runs": {
                "batter": 0,
                "extras": 0,
                "total": 0
              }
            },
            {
              "batter": "DJ Hussey",
              "bowler": "AC McDermott",
              "non_striker": "RJ Quiney",
              "runs": {
                "batter": 2,
                "extras": 0,
                "total": 2
              }
            },
            {
              "batter": "DJ Hussey",
              "bowler": "AC McDermott",
              "non_striker": "RJ Quiney",
              "runs": {
                "batter": 2,
                "extras": 0,
                "total": 2
              }
            },
            {
              "batter": "DJ Hussey",
              "bowler": "AC McDermott",
              "non_striker": "RJ Quiney",
              "runs": {
                "batter": 0,
                "extras": 0,
                "total": 0
              }
            },
            {
              "batter": "DJ Hussey",
              "bowler": "AC McDermott",
              "non_striker": "RJ Quiney",
              "runs": {
                "batter": 2,
                "extras": 0,
                "total": 2
              }
            }
          ]
        },
        {
          "over": 11,
          "deliveries": [
            {
              "batter": "RJ Quiney",
              "bowler": "MG Neser",
              "non_striker": "DJ Hussey",
              "runs": {
                "batter": 1,
                "extras": 0,
                "total": 1
              }
            },
            {
              "batter": "DJ Hussey",
              "bowler": "MG Neser",
              "non_striker": "RJ Quiney",
              "runs": {
                "batter": 0,
                "extras": 0,
                "total": 0
              }
            },
            {
              "batter": "DJ Hussey",
              "bowler": "MG Neser",
              "non_striker": "RJ Quiney",
              "runs": {
                "batter": 2,
                "extras": 0,
                "total": 2
              }
            },
            {
              "batter": "DJ Hussey",
              "bowler": "MG Neser",
              "non_striker": "RJ Quiney",
              "runs": {
                "batter": 0,
                "extras": 0,
                "total": 0
              }
            },
            {
              "batter": "DJ Hussey",
              "bowler": "MG Neser",
              "non_striker": "RJ Quiney",
              "runs": {
                "batter": 1,
                "extras": 0,
                "total": 1
              }
            },
            {
              "batter": "RJ Quiney",
              "bowler": "MG Neser",
              "non_striker": "DJ Hussey",
              "runs": {
                "batter": 2,
                "extras": 0,
                "total": 2
              }
            }
          ]
        },
        {
          "over": 12,
          "deliveries": [
            {
              "batter": "DJ Hussey",
              "bowler": "DT Christian",
              "non_striker": "RJ Quiney",
              "runs": {
                "batter": 1,
                "extras": 0,
                "total": 1
              }
            },
            {
              "batter": "RJ Quiney",
              "bowler": "DT Christian",
              "non_striker": "DJ Hussey",
              "runs": {
                "batter": 6,
                "extras": 0,
                "total": 6
              }
            },
            {
              "batter": "RJ Quiney",
              "bowler": "DT Christian",
              "non_striker": "DJ Hussey",
              "runs": {
                "batter": 1,
                "extras": 0,
                "total": 1
              }
            },
            {
              "batter": "DJ Hussey",
              "bowler": "DT Christian",
              "non_striker": "RJ Quiney",
              "runs": {
                "batter": 0,
                "extras": 0,
                "total": 0
              }
            },
            {
              "batter": "DJ Hussey",
              "bowler": "DT Christian",
              "non_striker": "RJ Quiney",
              "runs": {
                "batter": 2,
                "extras": 0,
                "total": 2
              }
            },
            {
              "batter": "DJ Hussey",
              "bowler": "DT Christian",
              "non_striker": "RJ Quiney",
              "runs": {
                "batter": 1,
                "extras": 0,
                "total": 1
              }
            }
          ]
        },
        {
          "over": 13,
          "deliveries": [
            {
              "batter": "DJ Hussey",
              "bowler": "MG Neser",
              "non_striker": "RJ Quiney",
              "runs": {
                "batter": 4,
                "extras": 0,
                "total": 4
              }
            },
            {
              "batter": "DJ Hussey",
              "bowler": "MG Neser",
              "non_striker": "RJ Quiney",
              "runs": {
                "batter": 1,
                "extras": 0,
                "total": 1
              }
            },
            {
              "batter": "RJ Quiney",
              "bowler": "MG Neser",
              "extras": {
                "wides": 1
              },
              "non_striker": "DJ Hussey",
              "runs": {
                "batter": 0,
                "extras": 1,
                "total": 1
              }
            },
            {
              "batter": "RJ Quiney",
              "bowler": "MG Neser",
              "non_striker": "DJ Hussey",
              "runs": {
                "batter": 1,
                "extras": 0,
                "total": 1
              }
            },
            {
              "batter": "DJ Hussey",
              "bowler": "MG Neser",
              "non_striker": "RJ Quiney",
              "runs": {
                "batter": 1,
                "extras": 0,
                "total": 1
              }
            },
            {
              "batter": "RJ Quiney",
              "bowler": "MG Neser",
              "non_striker": "DJ Hussey",
              "runs": {
                "batter": 6,
                "extras": 0,
                "total": 6
              }
            },
            {
              "batter": "RJ Quiney",
              "bowler": "MG Neser",
              "non_striker": "DJ Hussey",
              "runs": {
                "batter": 6,
                "extras": 0,
                "total": 6
              }
            }
          ]
        },
        {
          "over": 14,
          "deliveries": [
            {
              "batter": "DJ Hussey",
              "bowler": "DT Christian",
              "non_striker": "RJ Quiney",
              "runs": {
                "batter": 1,
                "extras": 0,
                "total": 1
              }
            },
            {
              "batter": "RJ Quiney",
              "bowler": "DT Christian",
              "non_striker": "DJ Hussey",
              "runs": {
                "batter": 1,
                "extras": 0,
                "total": 1
              }
            },
            {
              "batter": "DJ Hussey",
              "bowler": "DT Christian",
              "non_striker": "RJ Quiney",
              "runs": {
                "batter": 4,
                "extras": 0,
                "total": 4
              }
            },
            {
              "batter": "DJ Hussey",
              "bowler": "DT Christian",
              "non_striker": "RJ Quiney",
              "runs": {
                "batter": 0,
                "extras": 0,
                "total": 0
              },
              "wickets": [
                {
                  "kind": "caught",
                  "player_out": "DJ Hussey",
                  "fielders": [
                    {
                      "name": "ND Buchanan"
                    }
                  ]
                }
              ]
            },
            {
              "batter": "RJ Quiney",
              "bowler": "DT Christian",
              "non_striker": "CL White",
              "runs": {
                "batter": 2,
                "extras": 0,
                "total": 2
              }
            },
            {
              "batter": "RJ Quiney",
              "bowler": "DT Christian",
              "non_striker": "CL White",
              "runs": {
                "batter": 2,
                "extras": 0,
                "total": 2
              }
            }
          ]
        },
        {
          "over": 15,
          "deliveries": [
            {
              "batter": "CL White",
              "bowler": "AC McDermott",
              "non_striker": "RJ Quiney",
              "runs": {
                "batter": 1,
                "extras": 0,
                "total": 1
              }
            },
            {
              "batter": "RJ Quiney",
              "bowler": "AC McDermott",
              "non_striker": "CL White",
              "runs": {
                "batter": 1,
                "extras": 0,
                "total": 1
              }
            },
            {
              "batter": "CL White",
              "bowler": "AC McDermott",
              "non_striker": "RJ Quiney",
              "runs": {
                "batter": 0,
                "extras": 0,
                "total": 0
              }
            },
            {
              "batter": "CL White",
              "bowler": "AC McDermott",
              "non_striker": "RJ Quiney",
              "runs": {
                "batter": 1,
                "extras": 0,
                "total": 1
              }
            },
            {
              "batter": "RJ Quiney",
              "bowler": "AC McDermott",
              "non_striker": "CL White",
              "runs": {
                "batter": 2,
                "extras": 0,
                "total": 2
              }
            },
            {
              "batter": "RJ Quiney",
              "bowler": "AC McDermott",
              "non_striker": "CL White",
              "runs": {
                "batter": 0,
                "extras": 0,
                "total": 0
              }
            }
          ]
        },
        {
          "over": 16,
          "deliveries": [
            {
              "batter": "CL White",
              "bowler": "NM Hauritz",
              "non_striker": "RJ Quiney",
              "runs": {
                "batter": 0,
                "extras": 0,
                "total": 0
              },
              "wickets": [
                {
                  "kind": "bowled",
                  "player_out": "CL White"
                }
              ]
            },
            {
              "batter": "AC Voges",
              "bowler": "NM Hauritz",
              "non_striker": "RJ Quiney",
              "runs": {
                "batter": 1,
                "extras": 0,
                "total": 1
              }
            },
            {
              "batter": "RJ Quiney",
              "bowler": "NM Hauritz",
              "non_striker": "AC Voges",
              "runs": {
                "batter": 2,
                "extras": 0,
                "total": 2
              }
            },
            {
              "batter": "RJ Quiney",
              "bowler": "NM Hauritz",
              "extras": {
                "wides": 2
              },
              "non_striker": "AC Voges",
              "runs": {
                "batter": 0,
                "extras": 2,
                "total": 2
              }
            },
            {
              "batter": "AC Voges",
              "bowler": "NM Hauritz",
              "non_striker": "RJ Quiney",
              "runs": {
                "batter": 1,
                "extras": 0,
                "total": 1
              }
            },
            {
              "batter": "RJ Quiney",
              "bowler": "NM Hauritz",
              "non_striker": "AC Voges",
              "runs": {
                "batter": 1,
                "extras": 0,
                "total": 1
              }
            },
            {
              "batter": "AC Voges",
              "bowler": "NM Hauritz",
              "non_striker": "RJ Quiney",
              "runs": {
                "batter": 1,
                "extras": 0,
                "total": 1
              }
            }
          ]
        },
        {
          "over": 17,
          "deliveries": [
            {
              "batter": "AC Voges",
              "bowler": "RJ Harris",
              "non_striker": "RJ Quiney",
              "runs": {
                "batter": 2,
                "extras": 0,
                "total": 2
              }
            },
            {
              "batter": "AC Voges",
              "bowler": "RJ Harris",
              "non_striker": "RJ Quiney",
              "runs": {
                "batter": 1,
                "extras": 0,
                "total": 1
              }
            },
            {
              "batter": "RJ Quiney",
              "bowler": "RJ Harris",
              "non_striker": "AC Voges",
              "runs": {
                "batter": 0,
                "extras": 0,
                "total": 0
              }
            },
            {
              "batter": "RJ Quiney",
              "bowler": "RJ Harris",
              "non_striker": "AC Voges",
              "runs": {
                "batter": 1,
                "extras": 0,
                "total": 1
              }
            },
            {
              "batter": "AC Voges",
              "bowler": "RJ Harris",
              "non_striker": "RJ Quiney",
              "runs": {
                "batter": 1,
                "extras": 0,
                "total": 1
              }
            },
            {
              "batter": "RJ Quiney",
              "bowler": "RJ Harris",
              "non_striker": "AC Voges",
              "runs": {
                "batter": 1,
                "extras": 0,
                "total": 1
              }
            }
          ]
        },
        {
          "over": 18,
          "deliveries": [
            {
              "batter": "RJ Quiney",
              "bowler": "MG Neser",
              "non_striker": "AC Voges",
              "runs": {
                "batter": 6,
                "extras": 0,
                "total": 6
              }
            },
            {
              "batter": "RJ Quiney",
              "bowler": "MG Neser",
              "non_striker": "AC Voges",
              "runs": {
                "batter": 0,
                "extras": 0,
                "total": 0
              }
            },
            {
              "batter": "RJ Quiney",
              "bowler": "MG Neser",
              "non_striker": "AC Voges",
              "runs": {
                "batter": 1,
                "extras": 0,
                "total": 1
              }
            },
            {
              "batter": "AC Voges",
              "bowler": "MG Neser",
              "non_striker": "RJ Quiney",
              "runs": {
                "batter": 4,
                "extras": 0,
                "total": 4
              }
            },
            {
              "batter": "AC Voges",
              "bowler": "MG Neser",
              "non_striker": "RJ Quiney",
              "runs": {
                "batter": 0,
                "extras": 0,
                "total": 0
              }
            },
            {
              "batter": "AC Voges",
              "bowler": "MG Neser",
              "non_striker": "RJ Quiney",
              "runs": {
                "batter": 2,
                "extras": 0,
                "total": 2
              }
            }
          ]
        },
        {
          "over": 19,
          "deliveries": [
            {
              "batter": "RJ Quiney",
              "bowler": "RJ Harris",
              "non_striker": "AC Voges",
              "runs": {
                "batter": 1,
                "extras": 0,
                "total": 1
              },
              "wickets": [
                {
                  "kind": "run out",
                  "player_out": "AC Voges",
                  "fielders": [
                    {
                      "name": "AW Robinson"
                    },
                    {
                      "name": "RJ Harris"
                    }
                  ]
                }
              ]
            },
            {
              "batter": "RJ Quiney",
              "bowler": "RJ Harris",
              "non_striker": "LJ Wright",
              "runs": {
                "batter": 2,
                "extras": 0,
                "total": 2
              }
            },
            {
              "batter": "RJ Quiney",
              "bowler": "RJ Harris",
              "non_striker": "LJ Wright",
              "runs": {
                "batter": 1,
                "extras": 0,
                "total": 1
              }
            },
            {
              "batter": "LJ Wright",
              "bowler": "RJ Harris",
              "extras": {
                "legbyes": 1
              },
              "non_striker": "RJ Quiney",
              "runs": {
                "batter": 0,
                "extras": 1,
                "total": 1
              }
            },
            {
              "batter": "RJ Quiney",
              "bowler": "RJ Harris",
              "non_striker": "LJ Wright",
              "runs": {
                "batter": 0,
                "extras": 0,
                "total": 0
              },
              "wickets": [
                {
                  "kind": "caught",
                  "player_out": "RJ Quiney",
                  "fielders": [
                    {
                      "name": "DT Christian"
                    }
                  ]
                }
              ]
            },
            {
              "batter": "LJ Wright",
              "bowler": "RJ Harris",
              "non_striker": "JP Faulkner",
              "runs": {
                "batter": 0,
                "extras": 0,
                "total": 0
              },
              "wickets": [
                {
                  "kind": "run out",
                  "player_out": "JP Faulkner",
                  "fielders": [
                    {
                      "name": "BB McCullum"
                    }
                  ]
                }
              ]
            }
          ]
        }
      ],
      "powerplays": [
        {
          "from": 0.1,
          "to": 5.6,
          "type": "mandatory"
        }
      ]
    },
    {
      "team": "Brisbane Heat",
      "overs": [
        {
          "over": 0,
          "deliveries": [
            {
              "batter": "BB McCullum",
              "bowler": "JP Faulkner",
              "non_striker": "ML Hayden",
              "runs": {
                "batter": 0,
                "extras": 0,
                "total": 0
              }
            },
            {
              "batter": "BB McCullum",
              "bowler": "JP Faulkner",
              "non_striker": "ML Hayden",
              "runs": {
                "batter": 0,
                "extras": 0,
                "total": 0
              }
            },
            {
              "batter": "BB McCullum",
              "bowler": "JP Faulkner",
              "non_striker": "ML Hayden",
              "runs": {
                "batter": 6,
                "extras": 0,
                "total": 6
              }
            },
            {
              "batter": "BB McCullum",
              "bowler": "JP Faulkner",
              "non_striker": "ML Hayden",
              "runs": {
                "batter": 1,
                "extras": 0,
                "total": 1
              }
            },
            {
              "batter": "ML Hayden",
              "bowler": "JP Faulkner",
              "non_striker": "BB McCullum",
              "runs": {
                "batter": 0,
                "extras": 0,
                "total": 0
              }
            },
            {
              "batter": "ML Hayden",
              "bowler": "JP Faulkner",
              "non_striker": "BB McCullum",
              "runs": {
                "batter": 1,
                "extras": 0,
                "total": 1
              }
            }
          ]
        },
        {
          "over": 1,
          "deliveries": [
            {
              "batter": "ML Hayden",
              "bowler": "JW Dernbach",
              "extras": {
                "wides": 1
              },
              "non_striker": "BB McCullum",
              "runs": {
                "batter": 0,
                "extras": 1,
                "total": 1
              }
            },
            {
              "batter": "ML Hayden",
              "bowler": "JW Dernbach",
              "non_striker": "BB McCullum",
              "runs": {
                "batter": 4,
                "extras": 0,
                "total": 4
              }
            },
            {
              "batter": "ML Hayden",
              "bowler": "JW Dernbach",
              "non_striker": "BB McCullum",
              "runs": {
                "batter": 4,
                "extras": 0,
                "total": 4
              }
            },
            {
              "batter": "ML Hayden",
              "bowler": "JW Dernbach",
              "non_striker": "BB McCullum",
              "runs": {
                "batter": 3,
                "extras": 0,
                "total": 3
              }
            },
            {
              "batter": "BB McCullum",
              "bowler": "JW Dernbach",
              "non_striker": "ML Hayden",
              "runs": {
                "batter": 1,
                "extras": 0,
                "total": 1
              }
            },
            {
              "batter": "ML Hayden",
              "bowler": "JW Dernbach",
              "non_striker": "BB McCullum",
              "runs": {
                "batter": 4,
                "extras": 0,
                "total": 4
              }
            },
            {
              "batter": "ML Hayden",
              "bowler": "JW Dernbach",
              "non_striker": "BB McCullum",
              "runs": {
                "batter": 4,
                "extras": 0,
                "total": 4
              }
            }
          ]
        },
        {
          "over": 2,
          "deliveries": [
            {
              "batter": "BB McCullum",
              "bowler": "JP Faulkner",
              "extras": {
                "wides": 1
              },
              "non_striker": "ML Hayden",
              "runs": {
                "batter": 0,
                "extras": 1,
                "total": 1
              }
            },
            {
              "batter": "BB McCullum",
              "bowler": "JP Faulkner",
              "non_striker": "ML Hayden",
              "runs": {
                "batter": 1,
                "extras": 0,
                "total": 1
              }
            },
            {
              "batter": "ML Hayden",
              "bowler": "JP Faulkner",
              "non_striker": "BB McCullum",
              "runs": {
                "batter": 1,
                "extras": 0,
                "total": 1
              }
            },
            {
              "batter": "BB McCullum",
              "bowler": "JP Faulkner",
              "non_striker": "ML Hayden",
              "runs": {
                "batter": 4,
                "extras": 0,
                "total": 4
              }
            },
            {
              "batter": "BB McCullum",
              "bowler": "JP Faulkner",
              "non_striker": "ML Hayden",
              "runs": {
                "batter": 1,
                "extras": 0,
                "total": 1
              }
            },
            {
              "batter": "ML Hayden",
              "bowler": "JP Faulkner",
              "non_striker": "BB McCullum",
              "runs": {
                "batter": 1,
                "extras": 0,
                "total": 1
              }
            },
            {
              "batter": "BB McCullum",
              "bowler": "JP Faulkner",
              "non_striker": "ML Hayden",
              "runs": {
                "batter": 0,
                "extras": 0,
                "total": 0
              }
            }
          ]
        },
        {
          "over": 3,
          "deliveries": [
            {
              "batter": "ML Hayden",
              "bowler": "CJ McKay",
              "extras": {
                "wides": 1
              },
              "non_striker": "BB McCullum",
              "runs": {
                "batter": 0,
                "extras": 1,
                "total": 1
              }
            },
            {
              "batter": "ML Hayden",
              "bowler": "CJ McKay",
              "non_striker": "BB McCullum",
              "runs": {
                "batter": 0,
                "extras": 0,
                "total": 0
              },
              "wickets": [
                {
                  "kind": "caught",
                  "player_out": "ML Hayden",
                  "fielders": [
                    {
                      "name": "LJ Wright"
                    }
                  ]
                }
              ]
            },
            {
              "batter": "CA Lynn",
              "bowler": "CJ McKay",
              "non_striker": "BB McCullum",
              "runs": {
                "batter": 0,
                "extras": 0,
                "total": 0
              }
            },
            {
              "batter": "CA Lynn",
              "bowler": "CJ McKay",
              "non_striker": "BB McCullum",
              "runs": {
                "batter": 1,
                "extras": 0,
                "total": 1
              }
            },
            {
              "batter": "BB McCullum",
              "bowler": "CJ McKay",
              "non_striker": "CA Lynn",
              "runs": {
                "batter": 0,
                "extras": 0,
                "total": 0
              }
            },
            {
              "batter": "BB McCullum",
              "bowler": "CJ McKay",
              "non_striker": "CA Lynn",
              "runs": {
                "batter": 4,
                "extras": 0,
                "total": 4
              }
            },
            {
              "batter": "BB McCullum",
              "bowler": "CJ McKay",
              "non_striker": "CA Lynn",
              "runs": {
                "batter": 0,
                "extras": 0,
                "total": 0
              }
            }
          ]
        },
        {
          "over": 4,
          "deliveries": [
            {
              "batter": "CA Lynn",
              "bowler": "JW Dernbach",
              "non_striker": "BB McCullum",
              "runs": {
                "batter": 0,
                "extras": 0,
                "total": 0
              }
            },
            {
              "batter": "CA Lynn",
              "bowler": "JW Dernbach",
              "non_striker": "BB McCullum",
              "runs": {
                "batter": 1,
                "extras": 0,
                "total": 1
              }
            },
            {
              "batter": "BB McCullum",
              "bowler": "JW Dernbach",
              "non_striker": "CA Lynn",
              "runs": {
                "batter": 3,
                "extras": 0,
                "total": 3
              }
            },
            {
              "batter": "CA Lynn",
              "bowler": "JW Dernbach",
              "non_striker": "BB McCullum",
              "runs": {
                "batter": 2,
                "extras": 0,
                "total": 2
              }
            },
            {
              "batter": "CA Lynn",
              "bowler": "JW Dernbach",
              "non_striker": "BB McCullum",
              "runs": {
                "batter": 4,
                "extras": 0,
                "total": 4
              }
            },
            {
              "batter": "CA Lynn",
              "bowler": "JW Dernbach",
              "non_striker": "BB McCullum",
              "runs": {
                "batter": 1,
                "extras": 0,
                "total": 1
              }
            }
          ]
        },
        {
          "over": 5,
          "deliveries": [
            {
              "batter": "CA Lynn",
              "bowler": "CJ McKay",
              "non_striker": "BB McCullum",
              "runs": {
                "batter": 4,
                "extras": 0,
                "total": 4
              }
            },
            {
              "batter": "CA Lynn",
              "bowler": "CJ McKay",
              "non_striker": "BB McCullum",
              "runs": {
                "batter": 0,
                "extras": 0,
                "total": 0
              },
              "wickets": [
                {
                  "kind": "caught",
                  "player_out": "CA Lynn",
                  "fielders": [
                    {
                      "name": "MS Wade"
                    }
                  ]
                }
              ]
            },
            {
              "batter": "PJ Forrest",
              "bowler": "CJ McKay",
              "non_striker": "BB McCullum",
              "runs": {
                "batter": 0,
                "extras": 0,
                "total": 0
              }
            },
            {
              "batter": "PJ Forrest",
              "bowler": "CJ McKay",
              "non_striker": "BB McCullum",
              "runs": {
                "batter": 0,
                "extras": 0,
                "total": 0
              }
            },
            {
              "batter": "PJ Forrest",
              "bowler": "CJ McKay",
              "non_striker": "BB McCullum",
              "runs": {
                "batter": 0,
                "extras": 0,
                "total": 0
              }
            },
            {
              "batter": "PJ Forrest",
              "bowler": "CJ McKay",
              "non_striker": "BB McCullum",
              "runs": {
                "batter": 1,
                "extras": 0,
                "total": 1
              }
            }
          ]
        },
        {
          "over": 6,
          "deliveries": [
            {
              "batter": "PJ Forrest",
              "bowler": "LJ Wright",
              "non_striker": "BB McCullum",
              "runs": {
                "batter": 2,
                "extras": 0,
                "total": 2
              }
            },
            {
              "batter": "PJ Forrest",
              "bowler": "LJ Wright",
              "extras": {
                "wides": 1
              },
              "non_striker": "BB McCullum",
              "runs": {
                "batter": 0,
                "extras": 1,
                "total": 1
              }
            },
            {
              "batter": "PJ Forrest",
              "bowler": "LJ Wright",
              "non_striker": "BB McCullum",
              "runs": {
                "batter": 1,
                "extras": 0,
                "total": 1
              }
            },
            {
              "batter": "BB McCullum",
              "bowler": "LJ Wright",
              "non_striker": "PJ Forrest",
              "runs": {
                "batter": 2,
                "extras": 0,
                "total": 2
              }
            },
            {
              "batter": "BB McCullum",
              "bowler": "LJ Wright",
              "non_striker": "PJ Forrest",
              "runs": {
                "batter": 1,
                "extras": 0,
                "total": 1
              }
            },
            {
              "batter": "PJ Forrest",
              "bowler": "LJ Wright",
              "non_striker": "BB McCullum",
              "runs": {
                "batter": 1,
                "extras": 0,
                "total": 1
              }
            },
            {
              "batter": "BB McCullum",
              "bowler": "LJ Wright",
              "non_striker": "PJ Forrest",
              "runs": {
                "batter": 2,
                "extras": 0,
                "total": 2
              }
            }
          ]
        },
        {
          "over": 7,
          "deliveries": [
            {
              "batter": "PJ Forrest",
              "bowler": "SK Warne",
              "non_striker": "BB McCullum",
              "runs": {
                "batter": 1,
                "extras": 0,
                "total": 1
              }
            },
            {
              "batter": "BB McCullum",
              "bowler": "SK Warne",
              "non_striker": "PJ Forrest",
              "runs": {
                "batter": 0,
                "extras": 0,
                "total": 0
              }
            },
            {
              "batter": "BB McCullum",
              "bowler": "SK Warne",
              "non_striker": "PJ Forrest",
              "runs": {
                "batter": 1,
                "extras": 0,
                "total": 1
              }
            },
            {
              "batter": "PJ Forrest",
              "bowler": "SK Warne",
              "non_striker": "BB McCullum",
              "runs": {
                "batter": 0,
                "extras": 0,
                "total": 0
              }
            },
            {
              "batter": "PJ Forrest",
              "bowler": "SK Warne",
              "non_striker": "BB McCullum",
              "runs": {
                "batter": 2,
                "extras": 0,
                "total": 2
              }
            },
            {
              "batter": "PJ Forrest",
              "bowler": "SK Warne",
              "non_striker": "BB McCullum",
              "runs": {
                "batter": 0,
                "extras": 0,
                "total": 0
              }
            }
          ]
        },
        {
          "over": 8,
          "deliveries": [
            {
              "batter": "BB McCullum",
              "bowler": "LJ Wright",
              "non_striker": "PJ Forrest",
              "runs": {
                "batter": 4,
                "extras": 0,
                "total": 4
              }
            },
            {
              "batter": "BB McCullum",
              "bowler": "LJ Wright",
              "non_striker": "PJ Forrest",
              "runs": {
                "batter": 1,
                "extras": 0,
                "total": 1
              }
            },
            {
              "batter": "PJ Forrest",
              "bowler": "LJ Wright",
              "non_striker": "BB McCullum",
              "runs": {
                "batter": 1,
                "extras": 0,
                "total": 1
              }
            },
            {
              "batter": "BB McCullum",
              "bowler": "LJ Wright",
              "non_striker": "PJ Forrest",
              "runs": {
                "batter": 2,
                "extras": 0,
                "total": 2
              }
            },
            {
              "batter": "BB McCullum",
              "bowler": "LJ Wright",
              "non_striker": "PJ Forrest",
              "runs": {
                "batter": 0,
                "extras": 0,
                "total": 0
              }
            },
            {
              "batter": "BB McCullum",
              "bowler": "LJ Wright",
              "non_striker": "PJ Forrest",
              "runs": {
                "batter": 1,
                "extras": 0,
                "total": 1
              }
            }
          ]
        },
        {
          "over": 9,
          "deliveries": [
            {
              "batter": "BB McCullum",
              "bowler": "SK Warne",
              "non_striker": "PJ Forrest",
              "runs": {
                "batter": 1,
                "extras": 0,
                "total": 1
              }
            },
            {
              "batter": "PJ Forrest",
              "bowler": "SK Warne",
              "non_striker": "BB McCullum",
              "runs": {
                "batter": 1,
                "extras": 0,
                "total": 1
              }
            },
            {
              "batter": "BB McCullum",
              "bowler": "SK Warne",
              "non_striker": "PJ Forrest",
              "runs": {
                "batter": 0,
                "extras": 0,
                "total": 0
              },
              "wickets": [
                {
                  "kind": "bowled",
                  "player_out": "BB McCullum"
                }
              ]
            },
            {
              "batter": "DT Christian",
              "bowler": "SK Warne",
              "non_striker": "PJ Forrest",
              "runs": {
                "batter": 1,
                "extras": 0,
                "total": 1
              }
            },
            {
              "batter": "PJ Forrest",
              "bowler": "SK Warne",
              "non_striker": "DT Christian",
              "runs": {
                "batter": 2,
                "extras": 0,
                "total": 2
              }
            },
            {
              "batter": "PJ Forrest",
              "bowler": "SK Warne",
              "non_striker": "DT Christian",
              "runs": {
                "batter": 0,
                "extras": 0,
                "total": 0
              }
            }
          ]
        },
        {
          "over": 10,
          "deliveries": [
            {
              "batter": "DT Christian",
              "bowler": "JW Dernbach",
              "non_striker": "PJ Forrest",
              "runs": {
                "batter": 1,
                "extras": 0,
                "total": 1
              }
            },
            {
              "batter": "PJ Forrest",
              "bowler": "JW Dernbach",
              "non_striker": "DT Christian",
              "runs": {
                "batter": 0,
                "extras": 0,
                "total": 0
              },
              "wickets": [
                {
                  "kind": "caught",
                  "player_out": "PJ Forrest",
                  "fielders": [
                    {
                      "name": "SK Warne"
                    }
                  ]
                }
              ]
            },
            {
              "batter": "DT Christian",
              "bowler": "JW Dernbach",
              "non_striker": "AW Robinson",
              "runs": {
                "batter": 2,
                "extras": 0,
                "total": 2
              }
            },
            {
              "batter": "DT Christian",
              "bowler": "JW Dernbach",
              "non_striker": "AW Robinson",
              "runs": {
                "batter": 1,
                "extras": 0,
                "total": 1
              }
            },
            {
              "batter": "AW Robinson",
              "bowler": "JW Dernbach",
              "non_striker": "DT Christian",
              "runs": {
                "batter": 0,
                "extras": 0,
                "total": 0
              }
            },
            {
              "batter": "AW Robinson",
              "bowler": "JW Dernbach",
              "non_striker": "DT Christian",
              "runs": {
                "batter": 0,
                "extras": 0,
                "total": 0
              }
            }
          ]
        },
        {
          "over": 11,
          "deliveries": [
            {
              "batter": "DT Christian",
              "bowler": "SK Warne",
              "non_striker": "AW Robinson",
              "runs": {
                "batter": 1,
                "extras": 0,
                "total": 1
              }
            },
            {
              "batter": "AW Robinson",
              "bowler": "SK Warne",
              "non_striker": "DT Christian",
              "runs": {
                "batter": 1,
                "extras": 0,
                "total": 1
              }
            },
            {
              "batter": "DT Christian",
              "bowler": "SK Warne",
              "non_striker": "AW Robinson",
              "runs": {
                "batter": 6,
                "extras": 0,
                "total": 6
              }
            },
            {
              "batter": "DT Christian",
              "bowler": "SK Warne",
              "non_striker": "AW Robinson",
              "runs": {
                "batter": 0,
                "extras": 0,
                "total": 0
              }
            },
            {
              "batter": "DT Christian",
              "bowler": "SK Warne",
              "non_striker": "AW Robinson",
              "runs": {
                "batter": 0,
                "extras": 0,
                "total": 0
              },
              "wickets": [
                {
                  "kind": "run out",
                  "player_out": "AW Robinson",
                  "fielders": [
                    {
                      "name": "MS Wade"
                    }
                  ]
                }
              ]
            },
            {
              "batter": "DT Christian",
              "bowler": "SK Warne",
              "non_striker": "MG Neser",
              "runs": {
                "batter": 0,
                "extras": 0,
                "total": 0
              }
            }
          ]
        },
        {
          "over": 12,
          "deliveries": [
            {
              "batter": "MG Neser",
              "bowler": "JP Faulkner",
              "non_striker": "DT Christian",
              "runs": {
                "batter": 1,
                "extras": 0,
                "total": 1
              }
            },
            {
              "batter": "DT Christian",
              "bowler": "JP Faulkner",
              "non_striker": "MG Neser",
              "runs": {
                "batter": 6,
                "extras": 0,
                "total": 6
              }
            },
            {
              "batter": "DT Christian",
              "bowler": "JP Faulkner",
              "non_striker": "MG Neser",
              "runs": {
                "batter": 0,
                "extras": 0,
                "total": 0
              },
              "wickets": [
                {
                  "kind": "caught",
                  "player_out": "DT Christian",
                  "fielders": [
                    {
                      "name": "LJ Wright"
                    }
                  ]
                }
              ]
            },
            {
              "batter": "MG Neser",
              "bowler": "JP Faulkner",
              "non_striker": "ND Buchanan",
              "runs": {
                "batter": 1,
                "extras": 0,
                "total": 1
              }
            },
            {
              "batter": "ND Buchanan",
              "bowler": "JP Faulkner",
              "non_striker": "MG Neser",
              "runs": {
                "batter": 0,
                "extras": 0,
                "total": 0
              }
            },
            {
              "batter": "ND Buchanan",
              "bowler": "JP Faulkner",
              "non_striker": "MG Neser",
              "runs": {
                "batter": 1,
                "extras": 0,
                "total": 1
              }
            }
          ]
        },
        {
          "over": 13,
          "deliveries": [
            {
              "batter": "ND Buchanan",
              "bowler": "SK Warne",
              "non_striker": "MG Neser",
              "runs": {
                "batter": 0,
                "extras": 0,
                "total": 0
              }
            },
            {
              "batter": "ND Buchanan",
              "bowler": "SK Warne",
              "non_striker": "MG Neser",
              "runs": {
                "batter": 0,
                "extras": 0,
                "total": 0
              }
            },
            {
              "batter": "ND Buchanan",
              "bowler": "SK Warne",
              "non_striker": "MG Neser",
              "runs": {
                "batter": 1,
                "extras": 0,
                "total": 1
              }
            },
            {
              "batter": "MG Neser",
              "bowler": "SK Warne",
              "non_striker": "ND Buchanan",
              "runs": {
                "batter": 0,
                "extras": 0,
                "total": 0
              }
            },
            {
              "batter": "MG Neser",
              "bowler": "SK Warne",
              "non_striker": "ND Buchanan",
              "runs": {
                "batter": 4,
                "extras": 0,
                "total": 4
              }
            },
            {
              "batter": "MG Neser",
              "bowler": "SK Warne",
              "non_striker": "ND Buchanan",
              "runs": {
                "batter": 0,
                "extras": 0,
                "total": 0
              }
            }
          ]
        },
        {
          "over": 14,
          "deliveries": [
            {
              "batter": "ND Buchanan",
              "bowler": "CJ McKay",
              "non_striker": "MG Neser",
              "runs": {
                "batter": 0,
                "extras": 0,
                "total": 0
              },
              "wickets": [
                {
                  "kind": "hit wicket",
                  "player_out": "ND Buchanan"
                }
              ]
            },
            {
              "batter": "RJ Harris",
              "bowler": "CJ McKay",
              "non_striker": "MG Neser",
              "runs": {
                "batter": 1,
                "extras": 0,
                "total": 1
              }
            },
            {
              "batter": "MG Neser",
              "bowler": "CJ McKay",
              "non_striker": "RJ Harris",
              "runs": {
                "batter": 1,
                "extras": 0,
                "total": 1
              }
            },
            {
              "batter": "RJ Harris",
              "bowler": "CJ McKay",
              "non_striker": "MG Neser",
              "runs": {
                "batter": 1,
                "extras": 0,
                "total": 1
              }
            },
            {
              "batter": "MG Neser",
              "bowler": "CJ McKay",
              "non_striker": "RJ Harris",
              "runs": {
                "batter": 1,
                "extras": 0,
                "total": 1
              }
            },
            {
              "batter": "RJ Harris",
              "bowler": "CJ McKay",
              "non_striker": "MG Neser",
              "runs": {
                "batter": 0,
                "extras": 0,
                "total": 0
              }
            }
          ]
        },
        {
          "over": 15,
          "deliveries": [
            {
              "batter": "MG Neser",
              "bowler": "LJ Wright",
              "non_striker": "RJ Harris",
              "runs": {
                "batter": 1,
                "extras": 0,
                "total": 1
              }
            },
            {
              "batter": "RJ Harris",
              "bowler": "LJ Wright",
              "non_striker": "MG Neser",
              "runs": {
                "batter": 1,
                "extras": 0,
                "total": 1
              }
            },
            {
              "batter": "MG Neser",
              "bowler": "LJ Wright",
              "non_striker": "RJ Harris",
              "runs": {
                "batter": 2,
                "extras": 0,
                "total": 2
              }
            },
            {
              "batter": "MG Neser",
              "bowler": "LJ Wright",
              "non_striker": "RJ Harris",
              "runs": {
                "batter": 2,
                "extras": 0,
                "total": 2
              }
            },
            {
              "batter": "MG Neser",
              "bowler": "LJ Wright",
              "non_striker": "RJ Harris",
              "runs": {
                "batter": 2,
                "extras": 0,
                "total": 2
              }
            },
            {
              "batter": "MG Neser",
              "bowler": "LJ Wright",
              "non_striker": "RJ Harris",
              "runs": {
                "batter": 4,
                "extras": 0,
                "total": 4
              }
            }
          ]
        },
        {
          "over": 16,
          "deliveries": [
            {
              "batter": "RJ Harris",
              "bowler": "JP Faulkner",
              "non_striker": "MG Neser",
              "runs": {
                "batter": 4,
                "extras": 0,
                "total": 4
              }
            },
            {
              "batter": "RJ Harris",
              "bowler": "JP Faulkner",
              "extras": {
                "legbyes": 2
              },
              "non_striker": "MG Neser",
              "runs": {
                "batter": 0,
                "extras": 2,
                "total": 2
              }
            },
            {
              "batter": "RJ Harris",
              "bowler": "JP Faulkner",
              "non_striker": "MG Neser",
              "runs": {
                "batter": 0,
                "extras": 0,
                "total": 0
              }
            },
            {
              "batter": "RJ Harris",
              "bowler": "JP Faulkner",
              "non_striker": "MG Neser",
              "runs": {
                "batter": 2,
                "extras": 0,
                "total": 2
              }
            },
            {
              "batter": "RJ Harris",
              "bowler": "JP Faulkner",
              "non_striker": "MG Neser",
              "runs": {
                "batter": 4,
                "extras": 0,
                "total": 4
              }
            },
            {
              "batter": "RJ Harris",
              "bowler": "JP Faulkner",
              "extras": {
                "legbyes": 1
              },
              "non_striker": "MG Neser",
              "runs": {
                "batter": 0,
                "extras": 1,
                "total": 1
              }
            }
          ]
        },
        {
          "over": 17,
          "deliveries": [
            {
              "batter": "RJ Harris",
              "bowler": "JW Dernbach",
              "non_striker": "MG Neser",
              "runs": {
                "batter": 2,
                "extras": 0,
                "total": 2
              }
            },
            {
              "batter": "RJ Harris",
              "bowler": "JW Dernbach",
              "non_striker": "MG Neser",
              "runs": {
                "batter": 2,
                "extras": 0,
                "total": 2
              }
            },
            {
              "batter": "RJ Harris",
              "bowler": "JW Dernbach",
              "non_striker": "MG Neser",
              "runs": {
                "batter": 1,
                "extras": 0,
                "total": 1
              }
            },
            {
              "batter": "MG Neser",
              "bowler": "JW Dernbach",
              "non_striker": "RJ Harris",
              "runs": {
                "batter": 1,
                "extras": 0,
                "total": 1
              }
            },
            {
              "batter": "RJ Harris",
              "bowler": "JW Dernbach",
              "non_striker": "MG Neser",
              "runs": {
                "batter": 0,
                "extras": 0,
                "total": 0
              }
            },
            {
              "batter": "RJ Harris",
              "bowler": "JW Dernbach",
              "non_striker": "MG Neser",
              "runs": {
                "batter": 2,
                "extras": 0,
                "total": 2
              }
            }
          ]
        },
        {
          "over": 18,
          "deliveries": [
            {
              "batter": "MG Neser",
              "bowler": "CJ McKay",
              "non_striker": "RJ Harris",
              "runs": {
                "batter": 1,
                "extras": 0,
                "total": 1
              }
            },
            {
              "batter": "RJ Harris",
              "bowler": "CJ McKay",
              "non_striker": "MG Neser",
              "runs": {
                "batter": 0,
                "extras": 0,
                "total": 0
              }
            },
            {
              "batter": "RJ Harris",
              "bowler": "CJ McKay",
              "extras": {
                "noballs": 1
              },
              "non_striker": "MG Neser",
              "runs": {
                "batter": 1,
                "extras": 1,
                "total": 2
              }
            },
            {
              "batter": "MG Neser",
              "bowler": "CJ McKay",
              "non_striker": "RJ Harris",
              "runs": {
                "batter": 1,
                "extras": 0,
                "total": 1
              }
            },
            {
              "batter": "RJ Harris",
              "bowler": "CJ McKay",
              "non_striker": "MG Neser",
              "runs": {
                "batter": 1,
                "extras": 0,
                "total": 1
              }
            },
            {
              "batter": "MG Neser",
              "bowler": "CJ McKay",
              "non_striker": "RJ Harris",
              "runs": {
                "batter": 1,
                "extras": 0,
                "total": 1
              }
            },
            {
              "batter": "RJ Harris",
              "bowler": "CJ McKay",
              "non_striker": "MG Neser",
              "runs": {
                "batter": 1,
                "extras": 0,
                "total": 1
              }
            }
          ]
        },
        {
          "over": 19,
          "deliveries": [
            {
              "batter": "RJ Harris",
              "bowler": "LJ Wright",
              "non_striker": "MG Neser",
              "runs": {
                "batter": 2,
                "extras": 0,
                "total": 2
              }
            },
            {
              "batter": "RJ Harris",
              "bowler": "LJ Wright",
              "extras": {
                "wides": 2
              },
              "non_striker": "MG Neser",
              "runs": {
                "batter": 0,
                "extras": 2,
                "total": 2
              }
            },
            {
              "batter": "MG Neser",
              "bowler": "LJ Wright",
              "non_striker": "RJ Harris",
              "runs": {
                "batter": 2,
                "extras": 0,
                "total": 2
              }
            },
            {
              "batter": "MG Neser",
              "bowler": "LJ Wright",
              "non_striker": "RJ Harris",
              "runs": {
                "batter": 2,
                "extras": 0,
                "total": 2
              }
            },
            {
              "batter": "MG Neser",
              "bowler": "LJ Wright",
              "non_striker": "RJ Harris",
              "runs": {
                "batter": 0,
                "extras": 0,
                "total": 0
              }
            },
            {
              "batter": "MG Neser",
              "bowler": "LJ Wright",
              "non_striker": "RJ Harris",
              "runs": {
                "batter": 2,
                "extras": 0,
                "total": 2
              }
            },
            {
              "batter": "MG Neser",
              "bowler": "LJ Wright",
              "non_striker": "RJ Harris",
              "runs": {
                "batter": 1,
                "extras": 0,
                "total": 1
              }
            }
          ]
        }
      ],
      "powerplays": [
        {
          "from": 0.1,
          "to": 5.6,
          "type": "mandatory"
        }
      ],
      "target": {
        "overs": 20,
        "runs": 178
      }
    }
  ]
}