{
  "meta": {
    "data_version": "1.0.0",
    "created": "2017-04-22",
    "revision": 2
  },
  "info": {
    "balls_per_over": 6,
    "city": "Sydney",
    "dates": [
      "2012-12-28"
    ],
    "event": {
      "name": "Big Bash League"
    },
    "gender": "male",
    "match_type": "T20",
    "officials": {
      "match_referees": [
        "PL Marshall"
      ],
      "tv_umpires": [
        "DB Mealey"
      ],
      "umpires": [
        "SJ Davis",
        "PR Reiffel"
      ]
    },
    "outcome": {
      "by": {
        "wickets": 5
      },
      "winner": "Brisbane Heat"
    },
    "overs": 20,
    "player_of_match": [
      "DT Christian"
    ],
    "players": {
      "Brisbane Heat": [
        "JR Hopes",
        "LA Pomersbach",
        "JA Burns",
        "DT Christian",
        "CA Lynn",
        "NLTC Perera",
        "PJ Forrest",
        "BCJ Cutting",
        "CD Hartley",
        "NM Hauritz",
        "KAJ Roach"
      ],
      "Sydney Thunder": [
        "CH Gayle",
        "CJL Rogers",
        "MJ Prior",
        "UT Khawaja",
        "SA Abbott",
        "RGL Carters",
        "SJC Keen",
        "SJ Coyte",
        "CP Tremain",
        "A Zampa",
        "DP Nannes"
      ]
    },
    "registry": {
      "people": {
        "A Zampa": "14f96089",
        "BCJ Cutting": "2e11c706",
        "CA Lynn": "45eda7c8",
        "CD Hartley": "9a06679d",
        "CH Gayle": "db584dad",
        "CJL Rogers": "d8360178",
        "CP Tremain": "96824e68",
        "DB Mealey": "2199afd4",
        "DP Nannes": "c404f58a",
        "DT Christian": "2a2e6343",
        "JA Burns": "7a5f232a",
        "JR Hopes": "2498e163",
        "KAJ Roach": "78eb4223",
        "LA Pomersbach": "b63ab531",
        "MJ Prior": "1200550f",
        "NLTC Perera": "0f12f9df",
        "NM Hauritz": "8ea6e670",
        "PJ Forrest": "56c205b7",
        "PL Marshall": "c1ca6df3",
        "PR Reiffel": "c9354f29",
        "RGL Carters": "f54c8804",
        "SA Abbott": "1a2676c5",
        "SJ Coyte": "36769c31",
        "SJ Davis": "bc71b0b2",
        "SJC Keen": "e3882f9a",
        "UT Khawaja": "331ea488"
      }
    },
    "season": "2012/13",
    "team_type": "club",
    "teams": [
      "Sydney Thunder",
      "Brisbane Heat"
    ],
    "toss": {
      "decision": "bat",
      "winner": "Sydney Thunder"
    },
    "venue": "Stadium Australia"
  },
  "innings": [
    {
      "team": "Sydney Thunder",
      "overs": [
        {
          "over": 0,
          "deliveries": [
            {
              "batter": "CH Gayle",
              "bowler": "JR Hopes",
              "non_striker": "CJL Rogers",
              "runs": {
                "batter": 0,
                "extras": 0,
                "total": 0
              }
            },
            {
              "batter": "CH Gayle",
              "bowler": "JR Hopes",
              "non_striker": "CJL Rogers",
              "runs": {
                "batter": 0,
                "extras": 0,
                "total": 0
              }
            },
            {
              "batter": "CH Gayle",
              "bowler": "JR Hopes",
              "non_striker": "CJL Rogers",
              "runs": {
                "batter": 1,
                "extras": 0,
                "total": 1
              }
            },
            {
              "batter": "CJL Rogers",
              "bowler": "JR Hopes",
              "non_striker": "CH Gayle",
              "runs": {
                "batter": 0,
                "extras": 0,
                "total": 0
              }
            },
            {
              "batter": "CJL Rogers",
              "bowler": "JR Hopes",
              "extras": {
                "wides": 1
              },
              "non_striker": "CH Gayle",
              "runs": {
                "batter": 0,
                "extras": 1,
                "total": 1
              }
            },
            {
              "batter": "CJL Rogers",
              "bowler": "JR Hopes",
              "non_striker": "CH Gayle",
              "runs": {
                "batter": 0,
                "extras": 0,
                "total": 0
              }
            },
            {
              "batter": "CJL Rogers",
              "bowler": "JR Hopes",
              "non_striker": "CH Gayle",
              "runs": {
                "batter": 0,
                "extras": 0,
                "total": 0
              }
            }
          ]
        },
        {
          "over": 1,
          "deliveries": [
            {
              "batter": "CH Gayle",
              "bowler": "KAJ Roach",
              "non_striker": "CJL Rogers",
              "runs": {
                "batter": 0,
                "extras": 0,
                "total": 0
              }
            },
            {
              "batter": "CH Gayle",
              "bowler": "KAJ Roach",
              "extras": {
                "wides": 1
              },
              "non_striker": "CJL Rogers",
              "runs": {
                "batter": 0,
                "extras": 1,
                "total": 1
              }
            },
            {
              "batter": "CH Gayle",
              "bowler": "KAJ Roach",
              "extras": {
                "wides": 1
              },
              "non_striker": "CJL Rogers",
              "runs": {
                "batter": 0,
                "extras": 1,
                "total": 1
              }
            },
            {
              "batter": "CH Gayle",
              "bowler": "KAJ Roach",
              "non_striker": "CJL Rogers",
              "runs": {
                "batter": 0,
                "extras": 0,
                "total": 0
              }
            },
            {
              "batter": "CH Gayle",
              "bowler": "KAJ Roach",
              "non_striker": "CJL Rogers",
              "runs": {
                "batter": 0,
                "extras": 0,
                "total": 0
              }
            },
            {
              "batter": "CH Gayle",
              "bowler": "KAJ Roach",
              "extras": {
                "wides": 1
              },
              "non_striker": "CJL Rogers",
              "runs": {
                "batter": 0,
                "extras": 1,
                "total": 1
              }
            },
            {
              "batter": "CH Gayle",
              "bowler": "KAJ Roach",
              "non_striker": "CJL Rogers",
              "runs": {
                "batter": 0,
                "extras": 0,
                "total": 0
              }
            },
            {
              "batter": "CH Gayle",
              "bowler": "KAJ Roach",
              "non_striker": "CJL Rogers",
              "runs": {
                "batter": 1,
                "extras": 0,
                "total": 1
              }
            },
            {
              "batter": "CJL Rogers",
              "bowler": "KAJ Roach",
              "non_striker": "CH Gayle",
              "runs": {
                "batter": 4,
                "extras": 0,
                "total": 4
              }
            }
          ]
        },
        {
          "over": 2,
          "deliveries": [
            {
              "batter": "CH Gayle",
              "bowler": "JR Hopes",
              "non_striker": "CJL Rogers",
              "runs": {
                "batter": 0,
                "extras": 0,
                "total": 0
              }
            },
            {
              "batter": "CH Gayle",
              "bowler": "JR Hopes",
              "extras": {
                "legbyes": 1
              },
              "non_striker": "CJL Rogers",
              "runs": {
                "batter": 0,
                "extras": 1,
                "total": 1
              }
            },
            {
              "batter": "CJL Rogers",
              "bowler": "JR Hopes",
              "non_striker": "CH Gayle",
              "runs": {
                "batter": 1,
                "extras": 0,
                "total": 1
              }
            },
            {
              "batter": "CH Gayle",
              "bowler": "JR Hopes",
              "non_striker": "CJL Rogers",
              "runs": {
                "batter": 1,
                "extras": 0,
                "total": 1
              }
            },
            {
              "batter": "CJL Rogers",
              "bowler": "JR Hopes",
              "non_striker": "CH Gayle",
              "runs": {
                "batter": 0,
                "extras": 0,
                "total": 0
              }
            },
            {
              "batter": "CJL Rogers",
              "bowler": "JR Hopes",
              "non_striker": "CH Gayle",
              "runs": {
                "batter": 0,
                "extras": 0,
                "total": 0
              }
            }
          ]
        },
        {
          "over": 3,
          "deliveries": [
            {
              "batter": "CH Gayle",
              "bowler": "KAJ Roach",
              "non_striker": "CJL Rogers",
              "runs": {
                "batter": 1,
                "extras": 0,
                "total": 1
              }
            },
            {
              "batter": "CJL Rogers",
              "bowler": "KAJ Roach",
              "non_striker": "CH Gayle",
              "runs": {
                "batter": 0,
                "extras": 0,
                "total": 0
              }
            },
            {
              "batter": "CJL Rogers",
              "bowler": "KAJ Roach",
              "non_striker": "CH Gayle",
              "runs": {
                "batter": 1,
                "extras": 0,
                "total": 1
              }
            },
            {
              "batter": "CH Gayle",
              "bowler": "KAJ Roach",
              "non_striker": "CJL Rogers",
              "runs": {
                "batter": 0,
                "extras": 0,
                "total": 0
              }
            },
            {
              "batter": "CH Gayle",
              "bowler": "KAJ Roach",
              "non_striker": "CJL Rogers",
              "runs": {
                "batter": 1,
                "extras": 0,
                "total": 1
              }
            },
            {
              "batter": "CJL Rogers",
              "bowler": "KAJ Roach",
              "extras": {
                "legbyes": 1
              },
              "non_striker": "CH Gayle",
              "runs": {
                "batter": 0,
                "extras": 1,
                "total": 1
              }
            }
          ]
        },
        {
          "over": 4,
          "deliveries": [
            {
              "batter": "CJL Rogers",
              "bowler": "BCJ Cutting",
              "non_striker": "CH Gayle",
              "runs": {
                "batter": 0,
                "extras": 0,
                "total": 0
              }
            },
            {
              "batter": "CJL Rogers",
              "bowler": "BCJ Cutting",
              "non_striker": "CH Gayle",
              "runs": {
                "batter": 0,
                "extras": 0,
                "total": 0
              }
            },
            {
              "batter": "CJL Rogers",
              "bowler": "BCJ Cutting",
              "non_striker": "CH Gayle",
              "runs": {
                "batter": 0,
                "extras": 0,
                "total": 0
              }
            },
            {
              "batter": "CJL Rogers",
              "bowler": "BCJ Cutting",
              "non_striker": "CH Gayle",
              "runs": {
                "batter": 0,
                "extras": 0,
                "total": 0
              },
              "wickets": [
                {
                  "kind": "bowled",
                  "player_out": "CJL Rogers"
                }
              ]
            },
            {
              "batter": "MJ Prior",
              "bowler": "BCJ Cutting",
              "non_striker": "CH Gayle",
              "runs": {
                "batter": 0,
                "extras": 0,
                "total": 0
              }
            },
            {
              "batter": "MJ Prior",
              "bowler": "BCJ Cutting",
              "non_striker": "CH Gayle",
              "runs": {
                "batter": 0,
                "extras": 0,
                "total": 0
              }
            }
          ]
        },
        {
          "over": 5,
          "deliveries": [
            {
              "batter": "CH Gayle",
              "bowler": "KAJ Roach",
              "non_striker": "MJ Prior",
              "runs": {
                "batter": 6,
                "extras": 0,
                "total": 6
              }
            },
            {
              "batter": "CH Gayle",
              "bowler": "KAJ Roach",
              "non_striker": "MJ Prior",
              "runs": {
                "batter": 0,
                "extras": 0,
                "total": 0
              }
            },
            {
              "batter": "CH Gayle",
              "bowler": "KAJ Roach",
              "non_striker": "MJ Prior",
              "runs": {
                "batter": 1,
                "extras": 0,
                "total": 1
              }
            },
            {
              "batter": "MJ Prior",
              "bowler": "KAJ Roach",
              "non_striker": "CH Gayle",
              "runs": {
                "batter": 1,
                "extras": 0,
                "total": 1
              }
            },
            {
              "batter": "CH Gayle",
              "bowler": "KAJ Roach",
              "non_striker": "MJ Prior",
              "runs": {
                "batter": 1,
                "extras": 0,
                "total": 1
              }
            },
            {
              "batter": "MJ Prior",
              "bowler": "KAJ Roach",
              "non_striker": "CH Gayle",
              "runs": {
                "batter": 0,
                "extras": 0,
                "total": 0
              }
            }
          ]
        },
        {
          "over": 6,
          "deliveries": [
            {
              "batter": "CH Gayle",
              "bowler": "BCJ Cutting",
              "non_striker": "MJ Prior",
              "runs": {
                "batter": 1,
                "extras": 0,
                "total": 1
              }
            },
            {
              "batter": "MJ Prior",
              "bowler": "BCJ Cutting",
              "non_striker": "CH Gayle",
              "runs": {
                "batter": 0,
                "extras": 0,
                "total": 0
              }
            },
            {
              "batter": "MJ Prior",
              "bowler": "BCJ Cutting",
              "non_striker": "CH Gayle",
              "runs": {
                "batter": 0,
                "extras": 0,
                "total": 0
              }
            },
            {
              "batter": "MJ Prior",
              "bowler": "BCJ Cutting",
              "non_striker": "CH Gayle",
              "runs": {
                "batter": 0,
                "extras": 0,
                "total": 0
              }
            },
            {
              "batter": "MJ Prior",
              "bowler": "BCJ Cutting",
              "non_striker": "CH Gayle",
              "runs": {
                "batter": 1,
                "extras": 0,
                "total": 1
              }
            },
            {
              "batter": "CH Gayle",
              "bowler": "BCJ Cutting",
              "extras": {
                "wides": 1
              },
              "non_striker": "MJ Prior",
              "runs": {
                "batter": 0,
                "extras": 1,
                "total": 1
              }
            },
            {
              "batter": "CH Gayle",
              "bowler": "BCJ Cutting",
              "non_striker": "MJ Prior",
              "runs": {
                "batter": 1,
                "extras": 0,
                "total": 1
              }
            }
          ]
        },
        {
          "over": 7,
          "deliveries": [
            {
              "batter": "CH Gayle",
              "bowler": "NM Hauritz",
              "non_striker": "MJ Prior",
              "runs": {
                "batter": 1,
                "extras": 0,
                "total": 1
              }
            },
            {
              "batter": "MJ Prior",
              "bowler": "NM Hauritz",
              "non_striker": "CH Gayle",
              "runs": {
                "batter": 1,
                "extras": 0,
                "total": 1
              }
            },
            {
              "batter": "CH Gayle",
              "bowler": "NM Hauritz",
              "non_striker": "MJ Prior",
              "runs": {
                "batter": 0,
                "extras": 0,
                "total": 0
              }
            },
            {
              "batter": "CH Gayle",
              "bowler": "NM Hauritz",
              "non_striker": "MJ Prior",
              "runs": {
                "batter": 6,
                "extras": 0,
                "total": 6
              }
            },
            {
              "batter": "CH Gayle",
              "bowler": "NM Hauritz",
              "non_striker": "MJ Prior",
              "runs": {
                "batter": 4,
                "extras": 0,
                "total": 4
              }
            },
            {
              "batter": "CH Gayle",
              "bowler": "NM Hauritz",
              "non_striker": "MJ Prior",
              "runs": {
                "batter": 0,
                "extras": 0,
                "total": 0
              }
            }
          ]
        },
        {
          "over": 8,
          "deliveries": [
            {
              "batter": "MJ Prior",
              "bowler": "NLTC Perera",
              "non_striker": "CH Gayle",
              "runs": {
                "batter": 0,
                "extras": 0,
                "total": 0
              }
            },
            {
              "batter": "MJ Prior",
              "bowler": "NLTC Perera",
              "non_striker": "CH Gayle",
              "runs": {
                "batter": 1,
                "extras": 0,
                "total": 1
              }
            },
            {
              "batter": "CH Gayle",
              "bowler": "NLTC Perera",
              "non_striker": "MJ Prior",
              "runs": {
                "batter": 1,
                "extras": 0,
                "total": 1
              }
            },
            {
              "batter": "MJ Prior",
              "bowler": "NLTC Perera",
              "non_striker": "CH Gayle",
              "runs": {
                "batter": 1,
                "extras": 0,
                "total": 1
              }
            },
            {
              "batter": "CH Gayle",
              "bowler": "NLTC Perera",
              "non_striker": "MJ Prior",
              "runs": {
                "batter": 1,
                "extras": 0,
                "total": 1
              }
            },
            {
              "batter": "MJ Prior",
              "bowler": "NLTC Perera",
              "non_striker": "CH Gayle",
              "runs": {
                "batter": 6,
                "extras": 0,
                "total": 6
              }
            }
          ]
        },
        {
          "over": 9,
          "deliveries": [
            {
              "batter": "CH Gayle",
              "bowler": "DT Christian",
              "non_striker": "MJ Prior",
              "runs": {
                "batter": 0,
                "extras": 0,
                "total": 0
              },
              "wickets": [
                {
                  "kind": "caught",
                  "player_out": "CH Gayle",
                  "fielders": [
                    {
                      "name": "PJ Forrest"
                    }
                  ]
                }
              ]
            },
            {
              "batter": "UT Khawaja",
              "bowler": "DT Christian",
              "non_striker": "MJ Prior",
              "runs": {
                "batter": 0,
                "extras": 0,
                "total": 0
              }
            },
            {
              "batter": "UT Khawaja",
              "bowler": "DT Christian",
              "non_striker": "MJ Prior",
              "runs": {
                "batter": 1,
                "extras": 0,
                "total": 1
              }
            },
            {
              "batter": "MJ Prior",
              "bowler": "DT Christian",
              "non_striker": "UT Khawaja",
              "runs": {
                "batter": 6,
                "extras": 0,
                "total": 6
              }
            },
            {
              "batter": "MJ Prior",
              "bowler": "DT Christian",
              "non_striker": "UT Khawaja",
              "runs": {
                "batter": 0,
                "extras": 0,
                "total": 0
              },
              "wickets": [
                {
                  "kind": "caught",
                  "player_out": "MJ Prior",
                  "fielders": [
                    {
                      "name": "KAJ Roach"
                    }
                  ]
                }
              ]
            },
            {
              "batter": "UT Khawaja",
              "bowler": "DT Christian",
              "non_striker": "SA Abbott",
              "runs": {
                "batter": 1,
                "extras": 0,
                "total": 1
              }
            }
          ]
        },
        {
          "over": 10,
          "deliveries": [
            {
              "batter": "UT Khawaja",
              "bowler": "BCJ Cutting",
              "non_striker": "SA Abbott",
              "runs": {
                "batter": 1,
                "extras": 0,
                "total": 1
              }
            },
            {
              "batter": "SA Abbott",
              "bowler": "BCJ Cutting",
              "non_striker": "UT Khawaja",
              "runs": {
                "batter": 0,
                "extras": 0,
                "total": 0
              }
            },
            {
              "batter": "SA Abbott",
              "bowler": "BCJ Cutting",
              "non_striker": "UT Khawaja",
              "runs": {
                "batter": 0,
                "extras": 0,
                "total": 0
              }
            },
            {
              "batter": "SA Abbott",
              "bowler": "BCJ Cutting",
              "non_striker": "UT Khawaja",
              "runs": {
                "batter": 6,
                "extras": 0,
                "total": 6
              }
            },
            {
              "batter": "SA Abbott",
              "bowler": "BCJ Cutting",
              "non_striker": "UT Khawaja",
              "runs": {
                "batter": 1,
                "extras": 0,
                "total": 1
              }
            },
            {
              "batter": "UT Khawaja",
              "bowler": "BCJ Cutting",
              "non_striker": "SA Abbott",
              "runs": {
                "batter": 0,
                "extras": 0,
                "total": 0
              }
            }
          ]
        },
        {
          "over": 11,
          "deliveries": [
            {
              "batter": "SA Abbott",
              "bowler": "DT Christian",
              "non_striker": "UT Khawaja",
              "runs": {
                "batter": 0,
                "extras": 0,
                "total": 0
              }
            },
            {
              "batter": "SA Abbott",
              "bowler": "DT Christian",
              "non_striker": "UT Khawaja",
              "runs": {
                "batter": 1,
                "extras": 0,
                "total": 1
              }
            },
            {
              "batter": "UT Khawaja",
              "bowler": "DT Christian",
              "non_striker": "SA Abbott",
              "runs": {
                "batter": 2,
                "extras": 0,
                "total": 2
              }
            },
            {
              "batter": "UT Khawaja",
              "bowler": "DT Christian",
              "non_striker": "SA Abbott",
              "runs": {
                "batter": 1,
                "extras": 0,
                "total": 1
              }
            },
            {
              "batter": "SA Abbott",
              "bowler": "DT Christian",
              "non_striker": "UT Khawaja",
              "runs": {
                "batter": 1,
                "extras": 0,
                "total": 1
              }
            },
            {
              "batter": "UT Khawaja",
              "bowler": "DT Christian",
              "non_striker": "SA Abbott",
              "runs": {
                "batter": 0,
                "extras": 0,
                "total": 0
              }
            }
          ]
        },
        {
          "over": 12,
          "deliveries": [
            {
              "batter": "SA Abbott",
              "bowler": "JR Hopes",
              "non_striker": "UT Khawaja",
              "runs": {
                "batter": 1,
                "extras": 0,
                "total": 1
              }
            },
            {
              "batter": "UT Khawaja",
              "bowler": "JR Hopes",
              "non_striker": "SA Abbott",
              "runs": {
                "batter": 1,
                "extras": 0,
                "total": 1
              }
            },
            {
              "batter": "SA Abbott",
              "bowler": "JR Hopes",
              "non_striker": "UT Khawaja",
              "runs": {
                "batter": 1,
                "extras": 0,
                "total": 1
              }
            },
            {
              "batter": "UT Khawaja",
              "bowler": "JR Hopes",
              "non_striker": "SA Abbott",
              "runs": {
                "batter": 1,
                "extras": 0,
                "total": 1
              }
            },
            {
              "batter": "SA Abbott",
              "bowler": "JR Hopes",
              "non_striker": "UT Khawaja",
              "runs": {
                "batter": 0,
                "extras": 0,
                "total": 0
              },
              "wickets": [
                {
                  "kind": "caught",
                  "player_out": "SA Abbott",
                  "fielders": [
                    {
                      "name": "BCJ Cutting"
                    }
                  ]
                }
              ]
            },
            {
              "batter": "UT Khawaja",
              "bowler": "JR Hopes",
              "non_striker": "RGL Carters",
              "runs": {
                "batter": 0,
                "extras": 0,
                "total": 0
              }
            }
          ]
        },
        {
          "over": 13,
          "deliveries": [
            {
              "batter": "RGL Carters",
              "bowler": "NM Hauritz",
              "non_striker": "UT Khawaja",
              "runs": {
                "batter": 0,
                "extras": 0,
                "total": 0
              }
            },
            {
              "batter": "RGL Carters",
              "bowler": "NM Hauritz",
              "non_striker": "UT Khawaja",
              "runs": {
                "batter": 0,
                "extras": 0,
                "total": 0
              }
            },
            {
              "batter": "RGL Carters",
              "bowler": "NM Hauritz",
              "non_striker": "UT Khawaja",
              "runs": {
                "batter": 2,
                "extras": 0,
                "total": 2
              }
            },
            {
              "batter": "RGL Carters",
              "bowler": "NM Hauritz",
              "non_striker": "UT Khawaja",
              "runs": {
                "batter": 1,
                "extras": 0,
                "total": 1
              }
            },
            {
              "batter": "UT Khawaja",
              "bowler": "NM Hauritz",
              "non_striker": "RGL Carters",
              "runs": {
                "batter": 0,
                "extras": 0,
                "total": 0
              }
            },
            {
              "batter": "UT Khawaja",
              "bowler": "NM Hauritz",
              "non_striker": "RGL Carters",
              "runs": {
                "batter": 4,
                "extras": 0,
                "total": 4
              }
            }
          ]
        },
        {
          "over": 14,
          "deliveries": [
            {
              "batter": "RGL Carters",
              "bowler": "NLTC Perera",
              "non_striker": "UT Khawaja",
              "runs": {
                "batter": 1,
                "extras": 0,
                "total": 1
              }
            },
            {
              "batter": "UT Khawaja",
              "bowler": "NLTC Perera",
              "non_striker": "RGL Carters",
              "runs": {
                "batter": 4,
                "extras": 0,
                "total": 4
              }
            },
            {
              "batter": "UT Khawaja",
              "bowler": "NLTC Perera",
              "non_striker": "RGL Carters",
              "runs": {
                "batter": 1,
                "extras": 0,
                "total": 1
              }
            },
            {
              "batter": "RGL Carters",
              "bowler": "NLTC Perera",
              "non_striker": "UT Khawaja",
              "runs": {
                "batter": 1,
                "extras": 0,
                "total": 1
              },
              "wickets": [
                {
                  "kind": "run out",
                  "player_out": "RGL Carters",
                  "fielders": [
                    {
                      "name": "JR Hopes"
                    },
                    {
                      "name": "NLTC Perera"
                    },
                    {
                      "name": "CD Hartley"
                    }
                  ]
                }
              ]
            },
            {
              "batter": "SJC Keen",
              "bowler": "NLTC Perera",
              "non_striker": "UT Khawaja",
              "runs": {
                "batter": 1,
                "extras": 0,
                "total": 1
              }
            },
            {
              "batter": "UT Khawaja",
              "bowler": "NLTC Perera",
              "non_striker": "SJC Keen",
              "runs": {
                "batter": 1,
                "extras": 0,
                "total": 1
              }
            }
          ]
        },
        {
          "over": 15,
          "deliveries": [
            {
              "batter": "UT Khawaja",
              "bowler": "NM Hauritz",
              "non_striker": "SJC Keen",
              "runs": {
                "batter": 1,
                "extras": 0,
                "total": 1
              }
            },
            {
              "batter": "SJC Keen",
              "bowler": "NM Hauritz",
              "non_striker": "UT Khawaja",
              "runs": {
                "batter": 1,
                "extras": 0,
                "total": 1
              }
            },
            {
              "batter": "UT Khawaja",
              "bowler": "NM Hauritz",
              "non_striker": "SJC Keen",
              "runs": {
                "batter": 2,
                "extras": 0,
                "total": 2
              }
            },
            {
              "batter": "UT Khawaja",
              "bowler": "NM Hauritz",
              "non_striker": "SJC Keen",
              "runs": {
                "batter": 1,
                "extras": 0,
                "total": 1
              }
            },
            {
              "batter": "SJC Keen",
              "bowler": "NM Hauritz",
              "non_striker": "UT Khawaja",
              "runs": {
                "batter": 0,
                "extras": 0,
                "total": 0
              }
            },
            {
              "batter": "SJC Keen",
              "bowler": "NM Hauritz",
              "non_striker": "UT Khawaja",
              "runs": {
                "batter": 2,
                "extras": 0,
                "total": 2
              }
            }
          ]
        },
        {
          "over": 16,
          "deliveries": [
            {
              "batter": "UT Khawaja",
              "bowler": "JR Hopes",
              "non_striker": "SJC Keen",
              "runs": {
                "batter": 1,
                "extras": 0,
                "total": 1
              }
            },
            {
              "batter": "SJC Keen",
              "bowler": "JR Hopes",
              "non_striker": "UT Khawaja",
              "runs": {
                "batter": 0,
                "extras": 0,
                "total": 0
              },
              "wickets": [
                {
                  "kind": "run out",
                  "player_out": "UT Khawaja",
                  "fielders": [
                    {
                      "name": "JR Hopes"
                    }
                  ]
                }
              ]
            },
            {
              "batter": "SJ Coyte",
              "bowler": "JR Hopes",
              "non_striker": "SJC Keen",
              "runs": {
                "batter": 1,
                "extras": 0,
                "total": 1
              }
            },
            {
              "batter": "SJC Keen",
              "bowler": "JR Hopes",
              "non_striker": "SJ Coyte",
              "runs": {
                "batter": 0,
                "extras": 0,
                "total": 0
              }
            },
            {
              "batter": "SJC Keen",
              "bowler": "JR Hopes",
              "non_striker": "SJ Coyte",
              "runs": {
                "batter": 4,
                "extras": 0,
                "total": 4
              }
            },
            {
              "batter": "SJC Keen",
              "bowler": "JR Hopes",
              "non_striker": "SJ Coyte",
              "runs": {
                "batter": 1,
                "extras": 0,
                "total": 1
              }
            }
          ]
        },
        {
          "over": 17,
          "deliveries": [
            {
              "batter": "SJC Keen",
              "bowler": "DT Christian",
              "non_striker": "SJ Coyte",
              "runs": {
                "batter": 0,
                "extras": 0,
                "total": 0
              },
              "wickets": [
                {
                  "kind": "bowled",
                  "player_out": "SJC Keen"
                }
              ]
            },
            {
              "batter": "CP Tremain",
              "bowler": "DT Christian",
              "non_striker": "SJ Coyte",
              "runs": {
                "batter": 1,
                "extras": 0,
                "total": 1
              }
            },
            {
              "batter": "SJ Coyte",
              "bowler": "DT Christian",
              "non_striker": "CP Tremain",
              "runs": {
                "batter": 4,
                "extras": 0,
                "total": 4
              }
            },
            {
              "batter": "SJ Coyte",
              "bowler": "DT Christian",
              "non_striker": "CP Tremain",
              "runs": {
                "batter": 1,
                "extras": 0,
                "total": 1
              }
            },
            {
              "batter": "CP Tremain",
              "bowler": "DT Christian",
              "non_striker": "SJ Coyte",
              "runs": {
                "batter": 0,
                "extras": 0,
                "total": 0
              }
            },
            {
              "batter": "CP Tremain",
              "bowler": "DT Christian",
              "non_striker": "SJ Coyte",
              "runs": {
                "batter": 0,
                "extras": 0,
                "total": 0
              },
              "wickets": [
                {
                  "kind": "lbw",
                  "player_out": "CP Tremain"
                }
              ]
            }
          ]
        },
        {
          "over": 18,
          "deliveries": [
            {
              "batter": "SJ Coyte",
              "bowler": "KAJ Roach",
              "non_striker": "A Zampa",
              "runs": {
                "batter": 1,
                "extras": 0,
                "total": 1
              }
            },
            {
              "batter": "A Zampa",
              "bowler": "KAJ Roach",
              "non_striker": "SJ Coyte",
              "runs": {
                "batter": 4,
                "extras": 0,
                "total": 4
              }
            },
            {
              "batter": "A Zampa",
              "bowler": "KAJ Roach",
              "non_striker": "SJ Coyte",
              "runs": {
                "batter": 0,
                "extras": 0,
                "total": 0
              }
            },
            {
              "batter": "A Zampa",
              "bowler": "KAJ Roach",
              "non_striker": "SJ Coyte",
              "runs": {
                "batter": 0,
                "extras": 0,
                "total": 0
              }
            },
            {
              "batter": "A Zampa",
              "bowler": "KAJ Roach",
              "extras": {
                "wides": 1
              },
              "non_striker": "SJ Coyte",
              "runs": {
                "batter": 0,
                "extras": 1,
                "total": 1
              }
            },
            {
              "batter": "A Zampa",
              "bowler": "KAJ Roach",
              "non_striker": "SJ Coyte",
              "runs": {
                "batter": 0,
                "extras": 0,
                "total": 0
              }
            },
            {
              "batter": "A Zampa",
              "bowler": "KAJ Roach",
              "non_striker": "SJ Coyte",
              "runs": {
                "batter": 0,
                "extras": 0,
                "total": 0
              }
            }
          ]
        },
        {
          "over": 19,
          "deliveries": [
            {
              "batter": "SJ Coyte",
              "bowler": "DT Christian",
              "non_striker": "A Zampa",
              "runs": {
                "batter": 4,
                "extras": 0,
                "total": 4
              }
            },
            {
              "batter": "SJ Coyte",
              "bowler": "DT Christian",
              "non_striker": "A Zampa",
              "runs": {
                "batter": 1,
                "extras": 0,
                "total": 1
              }
            },
            {
              "batter": "A Zampa",
              "bowler": "DT Christian",
              "non_striker": "SJ Coyte",
              "runs": {
                "batter": 1,
                "extras": 0,
                "total": 1
              }
            },
            {
              "batter": "SJ Coyte",
              "bowler": "DT Christian",
              "non_striker": "A Zampa",
              "runs": {
                "batter": 0,
                "extras": 0,
                "total": 0
              },
              "wickets": [
                {
                  "kind": "caught",
                  "player_out": "SJ Coyte",
                  "fielders": [
                    {
                      "name": "NM Hauritz"
                    }
                  ]
                }
              ]
            },
            {
              "batter": "A Zampa",
              "bowler": "DT Christian",
              "non_striker": "DP Nannes",
              "runs": {
                "batter": 1,
                "extras": 0,
                "total": 1
              }
            },
            {
              "batter": "DP Nannes",
              "bowler": "DT Christian",
              "non_striker": "A Zampa",
              "runs": {
                "batter": 0,
                "extras": 0,
                "total": 0
              },
              "wickets": [
                {
                  "kind": "run out",
                  "player_out": "A Zampa",
                  "fielders": [
                    {
                      "name": "CD Hartley"
                    }
                  ]
                }
              ]
            }
          ]
        }
      ],
      "powerplays": [
        {
          "from": 0.1,
          "to": 5.6,
          "type": "mandatory"
        }
      ]
    },
    {
      "team": "Brisbane Heat",
      "overs": [
        {
          "over": 0,
          "deliveries": [
            {
              "batter": "JR Hopes",
              "bowler": "SA Abbott",
              "extras": {
                "legbyes": 1
              },
              "non_striker": "LA Pomersbach",
              "runs": {
                "batter": 0,
                "extras": 1,
                "total": 1
              }
            },
            {
              "batter": "LA Pomersbach",
              "bowler": "SA Abbott",
              "non_striker": "JR Hopes",
              "runs": {
                "batter": 0,
                "extras": 0,
                "total": 0
              }
            },
            {
              "batter": "LA Pomersbach",
              "bowler": "SA Abbott",
              "non_striker": "JR Hopes",
              "runs": {
                "batter": 6,
                "extras": 0,
                "total": 6
              }
            },
            {
              "batter": "LA Pomersbach",
              "bowler": "SA Abbott",
              "non_striker": "JR Hopes",
              "runs": {
                "batter": 0,
                "extras": 0,
                "total": 0
              }
            },
            {
              "batter": "LA Pomersbach",
              "bowler": "SA Abbott",
              "non_striker": "JR Hopes",
              "runs": {
                "batter": 1,
                "extras": 0,
                "total": 1
              }
            },
            {
              "batter": "JR Hopes",
              "bowler": "SA Abbott",
              "non_striker": "LA Pomersbach",
              "runs": {
                "batter": 0,
                "extras": 0,
                "total": 0
              }
            }
          ]
        },
        {
          "over": 1,
          "deliveries": [
            {
              "batter": "LA Pomersbach",
              "bowler": "DP Nannes",
              "non_striker": "JR Hopes",
              "runs": {
                "batter": 0,
                "extras": 0,
                "total": 0
              }
            },
            {
              "batter": "LA Pomersbach",
              "bowler": "DP Nannes",
              "non_striker": "JR Hopes",
              "runs": {
                "batter": 0,
                "extras": 0,
                "total": 0
              }
            },
            {
              "batter": "LA Pomersbach",
              "bowler": "DP Nannes",
              "non_striker": "JR Hopes",
              "runs": {
                "batter": 3,
                "extras": 0,
                "total": 3
              }
            },
            {
              "batter": "JR Hopes",
              "bowler": "DP Nannes",
              "non_striker": "LA Pomersbach",
              "runs": {
                "batter": 4,
                "extras": 0,
                "total": 4
              }
            },
            {
              "batter": "JR Hopes",
              "bowler": "DP Nannes",
              "non_striker": "LA Pomersbach",
              "runs": {
                "batter": 4,
                "extras": 0,
                "total": 4
              }
            },
            {
              "batter": "JR Hopes",
              "bowler": "DP Nannes",
              "non_striker": "LA Pomersbach",
              "runs": {
                "batter": 0,
                "extras": 0,
                "total": 0
              }
            }
          ]
        },
        {
          "over": 2,
          "deliveries": [
            {
              "batter": "LA Pomersbach",
              "bowler": "SJ Coyte",
              "non_striker": "JR Hopes",
              "runs": {
                "batter": 2,
                "extras": 0,
                "total": 2
              }
            },
            {
              "batter": "LA Pomersbach",
              "bowler": "SJ Coyte",
              "extras": {
                "wides": 1
              },
              "non_striker": "JR Hopes",
              "runs": {
                "batter": 0,
                "extras": 1,
                "total": 1
              }
            },
            {
              "batter": "LA Pomersbach",
              "bowler": "SJ Coyte",
              "non_striker": "JR Hopes",
              "runs": {
                "batter": 0,
                "extras": 0,
                "total": 0
              }
            },
            {
              "batter": "LA Pomersbach",
              "bowler": "SJ Coyte",
              "non_striker": "JR Hopes",
              "runs": {
                "batter": 4,
                "extras": 0,
                "total": 4
              }
            },
            {
              "batter": "LA Pomersbach",
              "bowler": "SJ Coyte",
              "non_striker": "JR Hopes",
              "runs": {
                "batter": 0,
                "extras": 0,
                "total": 0
              }
            },
            {
              "batter": "LA Pomersbach",
              "bowler": "SJ Coyte",
              "non_striker": "JR Hopes",
              "runs": {
                "batter": 0,
                "extras": 0,
                "total": 0
              }
            },
            {
              "batter": "LA Pomersbach",
              "bowler": "SJ Coyte",
              "non_striker": "JR Hopes",
              "runs": {
                "batter": 0,
                "extras": 0,
                "total": 0
              }
            }
          ]
        },
        {
          "over": 3,
          "deliveries": [
            {
              "batter": "JR Hopes",
              "bowler": "DP Nannes",
              "non_striker": "LA Pomersbach",
              "runs": {
                "batter": 0,
                "extras": 0,
                "total": 0
              }
            },
            {
              "batter": "JR Hopes",
              "bowler": "DP Nannes",
              "non_striker": "LA Pomersbach",
              "runs": {
                "batter": 0,
                "extras": 0,
                "total": 0
              },
              "wickets": [
                {
                  "kind": "caught",
                  "player_out": "JR Hopes",
                  "fielders": [
                    {
                      "name": "MJ Prior"
                    }
                  ]
                }
              ]
            },
            {
              "batter": "JA Burns",
              "bowler": "DP Nannes",
              "non_striker": "LA Pomersbach",
              "runs": {
                "batter": 0,
                "extras": 0,
                "total": 0
              }
            },
            {
              "batter": "JA Burns",
              "bowler": "DP Nannes",
              "non_striker": "LA Pomersbach",
              "runs": {
                "batter": 0,
                "extras": 0,
                "total": 0
              }
            },
            {
              "batter": "JA Burns",
              "bowler": "DP Nannes",
              "non_striker": "LA Pomersbach",
              "runs": {
                "batter": 0,
                "extras": 0,
                "total": 0
              }
            },
            {
              "batter": "JA Burns",
              "bowler": "DP Nannes",
              "non_striker": "LA Pomersbach",
              "runs": {
                "batter": 0,
                "extras": 0,
                "total": 0
              },
              "wickets": [
                {
                  "kind": "caught",
                  "player_out": "JA Burns",
                  "fielders": [
                    {
                      "name": "RGL Carters"
                    }
                  ]
                }
              ]
            }
          ]
        },
        {
          "over": 4,
          "deliveries": [
            {
              "batter": "LA Pomersbach",
              "bowler": "CP Tremain",
              "non_striker": "DT Christian",
              "runs": {
                "batter": 0,
                "extras": 0,
                "total": 0
              }
            },
            {
              "batter": "LA Pomersbach",
              "bowler": "CP Tremain",
              "non_striker": "DT Christian",
              "runs": {
                "batter": 0,
                "extras": 0,
                "total": 0
              }
            },
            {
              "batter": "LA Pomersbach",
              "bowler": "CP Tremain",
              "non_striker": "DT Christian",
              "runs": {
                "batter": 0,
                "extras": 0,
                "total": 0
              }
            },
            {
              "batter": "LA Pomersbach",
              "bowler": "CP Tremain",
              "non_striker": "DT Christian",
              "runs": {
                "batter": 4,
                "extras": 0,
                "total": 4
              }
            },
            {
              "batter": "LA Pomersbach",
              "bowler": "CP Tremain",
              "non_striker": "DT Christian",
              "runs": {
                "batter": 0,
                "extras": 0,
                "total": 0
              }
            },
            {
              "batter": "LA Pomersbach",
              "bowler": "CP Tremain",
              "non_striker": "DT Christian",
              "runs": {
                "batter": 4,
                "extras": 0,
                "total": 4
              }
            }
          ]
        },
        {
          "over": 5,
          "deliveries": [
            {
              "batter": "DT Christian",
              "bowler": "DP Nannes",
              "non_striker": "LA Pomersbach",
              "runs": {
                "batter": 0,
                "extras": 0,
                "total": 0
              }
            },
            {
              "batter": "DT Christian",
              "bowler": "DP Nannes",
              "non_striker": "LA Pomersbach",
              "runs": {
                "batter": 4,
                "extras": 0,
                "total": 4
              }
            },
            {
              "batter": "DT Christian",
              "bowler": "DP Nannes",
              "extras": {
                "wides": 1
              },
              "non_striker": "LA Pomersbach",
              "runs": {
                "batter": 0,
                "extras": 1,
                "total": 1
              }
            },
            {
              "batter": "DT Christian",
              "bowler": "DP Nannes",
              "non_striker": "LA Pomersbach",
              "runs": {
                "batter": 4,
                "extras": 0,
                "total": 4
              }
            },
            {
              "batter": "DT Christian",
              "bowler": "DP Nannes",
              "non_striker": "LA Pomersbach",
              "runs": {
                "batter": 0,
                "extras": 0,
                "total": 0
              }
            },
            {
              "batter": "DT Christian",
              "bowler": "DP Nannes",
              "non_striker": "LA Pomersbach",
              "runs": {
                "batter": 4,
                "extras": 0,
                "total": 4
              }
            },
            {
              "batter": "DT Christian",
              "bowler": "DP Nannes",
              "extras": {
                "legbyes": 1
              },
              "non_striker": "LA Pomersbach",
              "runs": {
                "batter": 0,
                "extras": 1,
                "total": 1
              }
            }
          ]
        },
        {
          "over": 6,
          "deliveries": [
            {
              "batter": "DT Christian",
              "bowler": "CP Tremain",
              "non_striker": "LA Pomersbach",
              "runs": {
                "batter": 0,
                "extras": 0,
                "total": 0
              },
              "wickets": [
                {
                  "kind": "caught",
                  "player_out": "DT Christian",
                  "fielders": [
                    {
                      "name": "RGL Carters"
                    }
                  ]
                }
              ]
            },
            {
              "batter": "CA Lynn",
              "bowler": "CP Tremain",
              "non_striker": "LA Pomersbach",
              "runs": {
                "batter": 1,
                "extras": 0,
                "total": 1
              }
            },
            {
              "batter": "LA Pomersbach",
              "bowler": "CP Tremain",
              "non_striker": "CA Lynn",
              "runs": {
                "batter": 1,
                "extras": 0,
                "total": 1
              }
            },
            {
              "batter": "CA Lynn",
              "bowler": "CP Tremain",
              "non_striker": "LA Pomersbach",
              "runs": {
                "batter": 0,
                "extras": 0,
                "total": 0
              }
            },
            {
              "batter": "CA Lynn",
              "bowler": "CP Tremain",
              "non_striker": "LA Pomersbach",
              "runs": {
                "batter": 1,
                "extras": 0,
                "total": 1
              }
            },
            {
              "batter": "LA Pomersbach",
              "bowler": "CP Tremain",
              "non_striker": "CA Lynn",
              "runs": {
                "batter": 2,
                "extras": 0,
                "total": 2
              }
            }
          ]
        },
        {
          "over": 7,
          "deliveries": [
            {
              "batter": "CA Lynn",
              "bowler": "A Zampa",
              "non_striker": "LA Pomersbach",
              "runs": {
                "batter": 1,
                "extras": 0,
                "total": 1
              }
            },
            {
              "batter": "LA Pomersbach",
              "bowler": "A Zampa",
              "non_striker": "CA Lynn",
              "runs": {
                "batter": 1,
                "extras": 0,
                "total": 1
              }
            },
            {
              "batter": "CA Lynn",
              "bowler": "A Zampa",
              "non_striker": "LA Pomersbach",
              "runs": {
                "batter": 0,
                "extras": 0,
                "total": 0
              }
            },
            {
              "batter": "CA Lynn",
              "bowler": "A Zampa",
              "non_striker": "LA Pomersbach",
              "runs": {
                "batter": 1,
                "extras": 0,
                "total": 1
              }
            },
            {
              "batter": "LA Pomersbach",
              "bowler": "A Zampa",
              "non_striker": "CA Lynn",
              "runs": {
                "batter": 0,
                "extras": 0,
                "total": 0
              }
            },
            {
              "batter": "LA Pomersbach",
              "bowler": "A Zampa",
              "non_striker": "CA Lynn",
              "runs": {
                "batter": 0,
                "extras": 0,
                "total": 0
              }
            }
          ]
        },
        {
          "over": 8,
          "deliveries": [
            {
              "batter": "CA Lynn",
              "bowler": "CP Tremain",
              "non_striker": "LA Pomersbach",
              "runs": {
                "batter": 1,
                "extras": 0,
                "total": 1
              }
            },
            {
              "batter": "LA Pomersbach",
              "bowler": "CP Tremain",
              "non_striker": "CA Lynn",
              "runs": {
                "batter": 0,
                "extras": 0,
                "total": 0
              },
              "wickets": [
                {
                  "kind": "bowled",
                  "player_out": "LA Pomersbach"
                }
              ]
            },
            {
              "batter": "NLTC Perera",
              "bowler": "CP Tremain",
              "non_striker": "CA Lynn",
              "runs": {
                "batter": 1,
                "extras": 0,
                "total": 1
              }
            },
            {
              "batter": "CA Lynn",
              "bowler": "CP Tremain",
              "non_striker": "NLTC Perera",
              "runs": {
                "batter": 1,
                "extras": 0,
                "total": 1
              }
            },
            {
              "batter": "NLTC Perera",
              "bowler": "CP Tremain",
              "non_striker": "CA Lynn",
              "runs": {
                "batter": 0,
                "extras": 0,
                "total": 0
              }
            },
            {
              "batter": "NLTC Perera",
              "bowler": "CP Tremain",
              "non_striker": "CA Lynn",
              "runs": {
                "batter": 1,
                "extras": 0,
                "total": 1
              }
            }
          ]
        },
        {
          "over": 9,
          "deliveries": [
            {
              "batter": "NLTC Perera",
              "bowler": "A Zampa",
              "non_striker": "CA Lynn",
              "runs": {
                "batter": 1,
                "extras": 0,
                "total": 1
              }
            },
            {
              "batter": "CA Lynn",
              "bowler": "A Zampa",
              "non_striker": "NLTC Perera",
              "runs": {
                "batter": 0,
                "extras": 0,
                "total": 0
              }
            },
            {
              "batter": "CA Lynn",
              "bowler": "A Zampa",
              "non_striker": "NLTC Perera",
              "runs": {
                "batter": 6,
                "extras": 0,
                "total": 6
              }
            },
            {
              "batter": "CA Lynn",
              "bowler": "A Zampa",
              "non_striker": "NLTC Perera",
              "runs": {
                "batter": 0,
                "extras": 0,
                "total": 0
              }
            },
            {
              "batter": "CA Lynn",
              "bowler": "A Zampa",
              "non_striker": "NLTC Perera",
              "runs": {
                "batter": 1,
                "extras": 0,
                "total": 1
              }
            },
            {
              "batter": "NLTC Perera",
              "bowler": "A Zampa",
              "non_striker": "CA Lynn",
              "runs": {
                "batter": 1,
                "extras": 0,
                "total": 1
              }
            }
          ]
        },
        {
          "over": 10,
          "deliveries": [
            {
              "batter": "NLTC Perera",
              "bowler": "CP Tremain",
              "non_striker": "CA Lynn",
              "runs": {
                "batter": 1,
                "extras": 0,
                "total": 1
              }
            },
            {
              "batter": "CA Lynn",
              "bowler": "CP Tremain",
              "non_striker": "NLTC Perera",
              "runs": {
                "batter": 0,
                "extras": 0,
                "total": 0
              }
            },
            {
              "batter": "CA Lynn",
              "bowler": "CP Tremain",
              "non_striker": "NLTC Perera",
              "runs": {
                "batter": 0,
                "extras": 0,
                "total": 0
              }
            },
            {
              "batter": "CA Lynn",
              "bowler": "CP Tremain",
              "non_striker": "NLTC Perera",
              "runs": {
                "batter": 6,
                "extras": 0,
                "total": 6
              }
            },
            {
              "batter": "CA Lynn",
              "bowler": "CP Tremain",
              "extras": {
                "wides": 1
              },
              "non_striker": "NLTC Perera",
              "runs": {
                "batter": 0,
                "extras": 1,
                "total": 1
              }
            },
            {
              "batter": "CA Lynn",
              "bowler": "CP Tremain",
              "non_striker": "NLTC Perera",
              "runs": {
                "batter": 1,
                "extras": 0,
                "total": 1
              }
            },
            {
              "batter": "NLTC Perera",
              "bowler": "CP Tremain",
              "non_striker": "CA Lynn",
              "runs": {
                "batter": 1,
                "extras": 0,
                "total": 1
              }
            }
          ]
        },
        {
          "over": 11,
          "deliveries": [
            {
              "batter": "NLTC Perera",
              "bowler": "A Zampa",
              "non_striker": "CA Lynn",
              "runs": {
                "batter": 1,
                "extras": 0,
                "total": 1
              }
            },
            {
              "batter": "CA Lynn",
              "bowler": "A Zampa",
              "non_striker": "NLTC Perera",
              "runs": {
                "batter": 6,
                "extras": 0,
                "total": 6
              }
            },
            {
              "batter": "CA Lynn",
              "bowler": "A Zampa",
              "non_striker": "NLTC Perera",
              "runs": {
                "batter": 1,
                "extras": 0,
                "total": 1
              }
            },
            {
              "batter": "NLTC Perera",
              "bowler": "A Zampa",
              "non_striker": "CA Lynn",
              "runs": {
                "batter": 0,
                "extras": 0,
                "total": 0
              },
              "wickets": [
                {
                  "kind": "caught",
                  "player_out": "NLTC Perera",
                  "fielders": [
                    {
                      "name": "SJ Coyte"
                    }
                  ]
                }
              ]
            },
            {
              "batter": "CA Lynn",
              "bowler": "A Zampa",
              "non_striker": "PJ Forrest",
              "runs": {
                "batter": 1,
                "extras": 0,
                "total": 1
              }
            },
            {
              "batter": "PJ Forrest",
              "bowler": "A Zampa",
              "non_striker": "CA Lynn",
              "runs": {
                "batter": 0,
                "extras": 0,
                "total": 0
              }
            }
          ]
        },
        {
          "over": 12,
          "deliveries": [
            {
              "batter": "CA Lynn",
              "bowler": "SJ Coyte",
              "non_striker": "PJ Forrest",
              "runs": {
                "batter": 0,
                "extras": 0,
                "total": 0
              }
            },
            {
              "batter": "CA Lynn",
              "bowler": "SJ Coyte",
              "non_striker": "PJ Forrest",
              "runs": {
                "batter": 1,
                "extras": 0,
                "total": 1
              }
            },
            {
              "batter": "PJ Forrest",
              "bowler": "SJ Coyte",
              "non_striker": "CA Lynn",
              "runs": {
                "batter": 0,
                "extras": 0,
                "total": 0
              }
            },
            {
              "batter": "PJ Forrest",
              "bowler": "SJ Coyte",
              "non_striker": "CA Lynn",
              "runs": {
                "batter": 1,
                "extras": 0,
                "total": 1
              }
            },
            {
              "batter": "CA Lynn",
              "bowler": "SJ Coyte",
              "non_striker": "PJ Forrest",
              "runs": {
                "batter": 0,
                "extras": 0,
                "total": 0
              }
            },
            {
              "batter": "CA Lynn",
              "bowler": "SJ Coyte",
              "non_striker": "PJ Forrest",
              "runs": {
                "batter": 1,
                "extras": 0,
                "total": 1
              }
            }
          ]
        },
        {
          "over": 13,
          "deliveries": [
            {
              "batter": "CA Lynn",
              "bowler": "A Zampa",
              "extras": {
                "byes": 4
              },
              "non_striker": "PJ Forrest",
              "runs": {
                "batter": 0,
                "extras": 4,
                "total": 4
              }
            },
            {
              "batter": "CA Lynn",
              "bowler": "A Zampa",
              "non_striker": "PJ Forrest",
              "runs": {
                "batter": 0,
                "extras": 0,
                "total": 0
              }
            },
            {
              "batter": "CA Lynn",
              "bowler": "A Zampa",
              "non_striker": "PJ Forrest",
              "runs": {
                "batter": 6,
                "extras": 0,
                "total": 6
              }
            },
            {
              "batter": "CA Lynn",
              "bowler": "A Zampa",
              "non_striker": "PJ Forrest",
              "runs": {
                "batter": 1,
                "extras": 0,
                "total": 1
              }
            },
            {
              "batter": "PJ Forrest",
              "bowler": "A Zampa",
              "non_striker": "CA Lynn",
              "runs": {
                "batter": 6,
                "extras": 0,
                "total": 6
              }
            },
            {
              "batter": "PJ Forrest",
              "bowler": "A Zampa",
              "non_striker": "CA Lynn",
              "runs": {
                "batter": 0,
                "extras": 0,
                "total": 0
              }
            }
          ]
        },
        {
          "over": 14,
          "deliveries": [
            {
              "batter": "CA Lynn",
              "bowler": "SJ Coyte",
              "non_striker": "PJ Forrest",
              "runs": {
                "batter": 2,
                "extras": 0,
                "total": 2
              }
            },
            {
              "batter": "CA Lynn",
              "bowler": "SJ Coyte",
              "non_striker": "PJ Forrest",
              "runs": {
                "batter": 0,
                "extras": 0,
                "total": 0
              }
            },
            {
              "batter": "CA Lynn",
              "bowler": "SJ Coyte",
              "non_striker": "PJ Forrest",
              "runs": {
                "batter": 1,
                "extras": 0,
                "total": 1
              }
            },
            {
              "batter": "PJ Forrest",
              "bowler": "SJ Coyte",
              "non_striker": "CA Lynn",
              "runs": {
                "batter": 0,
                "extras": 0,
                "total": 0
              }
            },
            {
              "batter": "PJ Forrest",
              "bowler": "SJ Coyte",
              "non_striker": "CA Lynn",
              "runs": {
                "batter": 0,
                "extras": 0,
                "total": 0
              }
            },
            {
              "batter": "PJ Forrest",
              "bowler": "SJ Coyte",
              "non_striker": "CA Lynn",
              "runs": {
                "batter": 0,
                "extras": 0,
                "total": 0
              }
            }
          ]
        },
        {
          "over": 15,
          "deliveries": [
            {
              "batter": "CA Lynn",
              "bowler": "DP Nannes",
              "non_striker": "PJ Forrest",
              "runs": {
                "batter": 0,
                "extras": 0,
                "total": 0
              }
            },
            {
              "batter": "CA Lynn",
              "bowler": "DP Nannes",
              "non_striker": "PJ Forrest",
              "runs": {
                "batter": 1,
                "extras": 0,
                "total": 1
              }
            },
            {
              "batter": "PJ Forrest",
              "bowler": "DP Nannes",
              "non_striker": "CA Lynn",
              "runs": {
                "batter": 0,
                "extras": 0,
                "total": 0
              }
            },
            {
              "batter": "PJ Forrest",
              "bowler": "DP Nannes",
              "non_striker": "CA Lynn",
              "runs": {
                "batter": 1,
                "extras": 0,
                "total": 1
              }
            },
            {
              "batter": "CA Lynn",
              "bowler": "DP Nannes",
              "non_striker": "PJ Forrest",
              "runs": {
                "batter": 4,
                "extras": 0,
                "total": 4
              }
            },
            {
              "batter": "CA Lynn",
              "bowler": "DP Nannes",
              "non_striker": "PJ Forrest",
              "runs": {
                "batter": 1,
                "extras": 0,
                "total": 1
              }
            }
          ]
        },
        {
          "over": 16,
          "deliveries": [
            {
              "batter": "CA Lynn",
              "bowler": "SA Abbott",
              "non_striker": "PJ Forrest",
              "runs": {
                "batter": 0,
                "extras": 0,
                "total": 0
              }
            },
            {
              "batter": "CA Lynn",
              "bowler": "SA Abbott",
              "non_striker": "PJ Forrest",
              "runs": {
                "batter": 4,
                "extras": 0,
                "total": 4
              }
            },
            {
              "batter": "CA Lynn",
              "bowler": "SA Abbott",
              "non_striker": "PJ Forrest",
              "runs": {
                "batter": 1,
                "extras": 0,
                "total": 1
              }
            },
            {
              "batter": "PJ Forrest",
              "bowler": "SA Abbott",
              "non_striker": "CA Lynn",
              "runs": {
                "batter": 4,
                "extras": 0,
                "total": 4
              }
            }
          ]
        }
      ],
      "powerplays": [
        {
          "from": 0.1,
          "to": 5.7,
          "type": "mandatory"
        }
      ],
      "target": {
        "overs": 20,
        "runs": 127
      }
    }
  ]
}