{
  "meta": {
    "data_version": "1.0.0",
    "created": "2017-04-20",
    "revision": 1
  },
  "info": {
    "balls_per_over": 6,
    "dates": [
      "2014-01-27"
    ],
    "event": {
      "name": "Big Bash League"
    },
    "gender": "male",
    "match_type": "T20",
    "officials": {
      "match_referees": [
        "DJ Harper"
      ],
      "reserve_umpires": [
        "PJ Gillespie"
      ],
      "tv_umpires": [
        "SJ Nogajski"
      ],
      "umpires": [
        "GA Abood",
        "GC Joshua"
      ]
    },
    "outcome": {
      "by": {
        "runs": 20
      },
      "winner": "Melbourne Stars"
    },
    "overs": 20,
    "player_of_match": [
      "JW Hastings"
    ],
    "players": {
      "Melbourne Stars": [
        "LJ Wright",
        "BJ Hodge",
        "Mohammad Hafeez",
        "DJ Hussey",
        "MP Stoinis",
        "PSP Handscomb",
        "AR Keath",
        "JW Hastings",
        "CA Rose",
        "SM Boland",
        "DJ Worrall"
      ],
      "Perth Scorchers": [
        "CJ Simmons",
        "MR Marsh",
        "SM Whiteman",
        "AC Voges",
        "SM Katich",
        "AJ Turner",
        "PJ Cummins",
        "JP Behrendorff",
        "AC Thomas",
        "GB Hogg",
        "MA Beer"
      ]
    },
    "registry": {
      "people": {
        "AC Thomas": "b552a935",
        "AC Voges": "864c199e",
        "AJ Turner": "ff1e12a0",
        "AR Keath": "439083c2",
        "BJ Hodge": "b57f8a9a",
        "CA Rose": "7517d134",
        "CJ Simmons": "0095ce38",
        "DJ Harper": "0ec08b27",
        "DJ Hussey": "fd835ab3",
        "DJ Worrall": "208f22ea",
        "GA Abood": "a4af5528",
        "GB Hogg": "f708a0bc",
        "GC Joshua": "4c47ebf2",
        "JP Behrendorff": "4933f499",
        "JW Hastings": "012829ff",
        "LJ Wright": "cca50cd6",
        "MA Beer": "f60dc2a5",
        "MP Stoinis": "d9273ee7",
        "MR Marsh": "3d8feaf8",
        "Mohammad Hafeez": "9ab63e7b",
        "PJ Cummins": "ded9240e",
        "PJ Gillespie": "3e253a50",
        "PSP Handscomb": "ada15e88",
        "SJ Nogajski": "9b3f9323",
        "SM Boland": "d167edd3",
        "SM Katich": "fdedb37c",
        "SM Whiteman": "f4427cc6"
      }
    },
    "season": "2013/14",
    "team_type": "club",
    "teams": [
      "Melbourne Stars",
      "Perth Scorchers"
    ],
    "toss": {
      "decision": "bat",
      "winner": "Melbourne Stars"
    },
    "venue": "Melbourne Cricket Ground"
  },
  "innings": [
    {
      "team": "Melbourne Stars",
      "overs": [
        {
          "over": 0,
          "deliveries": [
            {
              "batter": "LJ Wright",
              "bowler": "MA Beer",
              "non_striker": "BJ Hodge",
              "runs": {
                "batter": 0,
                "extras": 0,
                "total": 0
              }
            },
            {
              "batter": "LJ Wright",
              "bowler": "MA Beer",
              "non_striker": "BJ Hodge",
              "runs": {
                "batter": 0,
                "extras": 0,
                "total": 0
              }
            },
            {
              "batter": "LJ Wright",
              "bowler": "MA Beer",
              "non_striker": "BJ Hodge",
              "runs": {
                "batter": 0,
                "extras": 0,
                "total": 0
              }
            },
            {
              "batter": "LJ Wright",
              "bowler": "MA Beer",
              "non_striker": "BJ Hodge",
              "runs": {
                "batter": 1,
                "extras": 0,
                "total": 1
              }
            },
            {
              "batter": "BJ Hodge",
              "bowler": "MA Beer",
              "non_striker": "LJ Wright",
              "runs": {
                "batter": 1,
                "extras": 0,
                "total": 1
              }
            },
            {
              "batter": "LJ Wright",
              "bowler": "MA Beer",
              "non_striker": "BJ Hodge",
              "runs": {
                "batter": 1,
                "extras": 0,
                "total": 1
              }
            }
          ]
        },
        {
          "over": 1,
          "deliveries": [
            {
              "batter": "LJ Wright",
              "bowler": "JP Behrendorff",
              "non_striker": "BJ Hodge",
              "runs": {
                "batter": 0,
                "extras": 0,
                "total": 0
              }
            },
            {
              "batter": "LJ Wright",
              "bowler": "JP Behrendorff",
              "non_striker": "BJ Hodge",
              "runs": {
                "batter": 0,
                "extras": 0,
                "total": 0
              }
            },
            {
              "batter": "LJ Wright",
              "bowler": "JP Behrendorff",
              "non_striker": "BJ Hodge",
              "runs": {
                "batter": 4,
                "extras": 0,
                "total": 4
              }
            },
            {
              "batter": "LJ Wright",
              "bowler": "JP Behrendorff",
              "non_striker": "BJ Hodge",
              "runs": {
                "batter": 1,
                "extras": 0,
                "total": 1
              }
            },
            {
              "batter": "BJ Hodge",
              "bowler": "JP Behrendorff",
              "non_striker": "LJ Wright",
              "runs": {
                "batter": 0,
                "extras": 0,
                "total": 0
              }
            },
            {
              "batter": "BJ Hodge",
              "bowler": "JP Behrendorff",
              "non_striker": "LJ Wright",
              "runs": {
                "batter": 1,
                "extras": 0,
                "total": 1
              }
            }
          ]
        },
        {
          "over": 2,
          "deliveries": [
            {
              "batter": "BJ Hodge",
              "bowler": "MA Beer",
              "non_striker": "LJ Wright",
              "runs": {
                "batter": 4,
                "extras": 0,
                "total": 4
              }
            },
            {
              "batter": "BJ Hodge",
              "bowler": "MA Beer",
              "non_striker": "LJ Wright",
              "runs": {
                "batter": 1,
                "extras": 0,
                "total": 1
              }
            },
            {
              "batter": "LJ Wright",
              "bowler": "MA Beer",
              "non_striker": "BJ Hodge",
              "runs": {
                "batter": 2,
                "extras": 0,
                "total": 2
              }
            },
            {
              "batter": "LJ Wright",
              "bowler": "MA Beer",
              "non_striker": "BJ Hodge",
              "runs": {
                "batter": 4,
                "extras": 0,
                "total": 4
              }
            },
            {
              "batter": "LJ Wright",
              "bowler": "MA Beer",
              "non_striker": "BJ Hodge",
              "runs": {
                "batter": 0,
                "extras": 0,
                "total": 0
              },
              "wickets": [
                {
                  "kind": "stumped",
                  "player_out": "LJ Wright",
                  "fielders": [
                    {
                      "name": "SM Whiteman"
                    }
                  ]
                }
              ]
            },
            {
              "batter": "Mohammad Hafeez",
              "bowler": "MA Beer",
              "non_striker": "BJ Hodge",
              "runs": {
                "batter": 0,
                "extras": 0,
                "total": 0
              }
            }
          ]
        },
        {
          "over": 3,
          "deliveries": [
            {
              "batter": "BJ Hodge",
              "bowler": "JP Behrendorff",
              "non_striker": "Mohammad Hafeez",
              "runs": {
                "batter": 0,
                "extras": 0,
                "total": 0
              }
            },
            {
              "batter": "BJ Hodge",
              "bowler": "JP Behrendorff",
              "non_striker": "Mohammad Hafeez",
              "runs": {
                "batter": 2,
                "extras": 0,
                "total": 2
              }
            },
            {
              "batter": "BJ Hodge",
              "bowler": "JP Behrendorff",
              "non_striker": "Mohammad Hafeez",
              "runs": {
                "batter": 0,
                "extras": 0,
                "total": 0
              }
            },
            {
              "batter": "BJ Hodge",
              "bowler": "JP Behrendorff",
              "non_striker": "Mohammad Hafeez",
              "runs": {
                "batter": 0,
                "extras": 0,
                "total": 0
              }
            },
            {
              "batter": "BJ Hodge",
              "bowler": "JP Behrendorff",
              "non_striker": "Mohammad Hafeez",
              "runs": {
                "batter": 1,
                "extras": 0,
                "total": 1
              }
            },
            {
              "batter": "Mohammad Hafeez",
              "bowler": "JP Behrendorff",
              "non_striker": "BJ Hodge",
              "runs": {
                "batter": 0,
                "extras": 0,
                "total": 0
              }
            }
          ]
        },
        {
          "over": 4,
          "deliveries": [
            {
              "batter": "BJ Hodge",
              "bowler": "MA Beer",
              "non_striker": "Mohammad Hafeez",
              "runs": {
                "batter": 1,
                "extras": 0,
                "total": 1
              }
            },
            {
              "batter": "Mohammad Hafeez",
              "bowler": "MA Beer",
              "non_striker": "BJ Hodge",
              "runs": {
                "batter": 0,
                "extras": 0,
                "total": 0
              }
            },
            {
              "batter": "Mohammad Hafeez",
              "bowler": "MA Beer",
              "non_striker": "BJ Hodge",
              "runs": {
                "batter": 0,
                "extras": 0,
                "total": 0
              }
            },
            {
              "batter": "Mohammad Hafeez",
              "bowler": "MA Beer",
              "non_striker": "BJ Hodge",
              "runs": {
                "batter": 4,
                "extras": 0,
                "total": 4
              }
            },
            {
              "batter": "Mohammad Hafeez",
              "bowler": "MA Beer",
              "non_striker": "BJ Hodge",
              "runs": {
                "batter": 0,
                "extras": 0,
                "total": 0
              },
              "wickets": [
                {
                  "kind": "caught",
                  "player_out": "Mohammad Hafeez",
                  "fielders": [
                    {
                      "name": "AC Voges"
                    }
                  ]
                }
              ]
            },
            {
              "batter": "DJ Hussey",
              "bowler": "MA Beer",
              "non_striker": "BJ Hodge",
              "runs": {
                "batter": 0,
                "extras": 0,
                "total": 0
              }
            }
          ]
        },
        {
          "over": 5,
          "deliveries": [
            {
              "batter": "BJ Hodge",
              "bowler": "PJ Cummins",
              "non_striker": "DJ Hussey",
              "runs": {
                "batter": 2,
                "extras": 0,
                "total": 2
              }
            },
            {
              "batter": "BJ Hodge",
              "bowler": "PJ Cummins",
              "non_striker": "DJ Hussey",
              "runs": {
                "batter": 4,
                "extras": 0,
                "total": 4
              }
            },
            {
              "batter": "BJ Hodge",
              "bowler": "PJ Cummins",
              "non_striker": "DJ Hussey",
              "runs": {
                "batter": 0,
                "extras": 0,
                "total": 0
              }
            },
            {
              "batter": "BJ Hodge",
              "bowler": "PJ Cummins",
              "non_striker": "DJ Hussey",
              "runs": {
                "batter": 4,
                "extras": 0,
                "total": 4
              }
            },
            {
              "batter": "BJ Hodge",
              "bowler": "PJ Cummins",
              "non_striker": "DJ Hussey",
              "runs": {
                "batter": 4,
                "extras": 0,
                "total": 4
              }
            },
            {
              "batter": "BJ Hodge",
              "bowler": "PJ Cummins",
              "non_striker": "DJ Hussey",
              "runs": {
                "batter": 0,
                "extras": 0,
                "total": 0
              }
            }
          ]
        },
        {
          "over": 6,
          "deliveries": [
            {
              "batter": "DJ Hussey",
              "bowler": "MA Beer",
              "non_striker": "BJ Hodge",
              "runs": {
                "batter": 1,
                "extras": 0,
                "total": 1
              }
            },
            {
              "batter": "BJ Hodge",
              "bowler": "MA Beer",
              "non_striker": "DJ Hussey",
              "runs": {
                "batter": 1,
                "extras": 0,
                "total": 1
              }
            },
            {
              "batter": "DJ Hussey",
              "bowler": "MA Beer",
              "non_striker": "BJ Hodge",
              "runs": {
                "batter": 1,
                "extras": 0,
                "total": 1
              }
            },
            {
              "batter": "BJ Hodge",
              "bowler": "MA Beer",
              "non_striker": "DJ Hussey",
              "runs": {
                "batter": 0,
                "extras": 0,
                "total": 0
              }
            },
            {
              "batter": "BJ Hodge",
              "bowler": "MA Beer",
              "non_striker": "DJ Hussey",
              "runs": {
                "batter": 1,
                "extras": 0,
                "total": 1
              }
            },
            {
              "batter": "DJ Hussey",
              "bowler": "MA Beer",
              "non_striker": "BJ Hodge",
              "runs": {
                "batter": 4,
                "extras": 0,
                "total": 4
              }
            }
          ]
        },
        {
          "over": 7,
          "deliveries": [
            {
              "batter": "BJ Hodge",
              "bowler": "PJ Cummins",
              "non_striker": "DJ Hussey",
              "runs": {
                "batter": 0,
                "extras": 0,
                "total": 0
              }
            },
            {
              "batter": "BJ Hodge",
              "bowler": "PJ Cummins",
              "non_striker": "DJ Hussey",
              "runs": {
                "batter": 1,
                "extras": 0,
                "total": 1
              }
            },
            {
              "batter": "DJ Hussey",
              "bowler": "PJ Cummins",
              "non_striker": "BJ Hodge",
              "runs": {
                "batter": 0,
                "extras": 0,
                "total": 0
              },
              "wickets": [
                {
                  "kind": "run out",
                  "player_out": "DJ Hussey",
                  "fielders": [
                    {
                      "name": "SM Katich"
                    }
                  ]
                }
              ]
            },
            {
              "batter": "BJ Hodge",
              "bowler": "PJ Cummins",
              "non_striker": "MP Stoinis",
              "runs": {
                "batter": 1,
                "extras": 0,
                "total": 1
              }
            },
            {
              "batter": "MP Stoinis",
              "bowler": "PJ Cummins",
              "non_striker": "BJ Hodge",
              "runs": {
                "batter": 1,
                "extras": 0,
                "total": 1
              }
            },
            {
              "batter": "BJ Hodge",
              "bowler": "PJ Cummins",
              "non_striker": "MP Stoinis",
              "runs": {
                "batter": 4,
                "extras": 0,
                "total": 4
              }
            }
          ]
        },
        {
          "over": 8,
          "deliveries": [
            {
              "batter": "MP Stoinis",
              "bowler": "GB Hogg",
              "non_striker": "BJ Hodge",
              "runs": {
                "batter": 4,
                "extras": 0,
                "total": 4
              }
            },
            {
              "batter": "MP Stoinis",
              "bowler": "GB Hogg",
              "extras": {
                "wides": 1
              },
              "non_striker": "BJ Hodge",
              "runs": {
                "batter": 0,
                "extras": 1,
                "total": 1
              }
            },
            {
              "batter": "MP Stoinis",
              "bowler": "GB Hogg",
              "non_striker": "BJ Hodge",
              "runs": {
                "batter": 2,
                "extras": 0,
                "total": 2
              }
            },
            {
              "batter": "MP Stoinis",
              "bowler": "GB Hogg",
              "non_striker": "BJ Hodge",
              "runs": {
                "batter": 1,
                "extras": 0,
                "total": 1
              }
            },
            {
              "batter": "BJ Hodge",
              "bowler": "GB Hogg",
              "non_striker": "MP Stoinis",
              "runs": {
                "batter": 1,
                "extras": 0,
                "total": 1
              }
            },
            {
              "batter": "MP Stoinis",
              "bowler": "GB Hogg",
              "extras": {
                "wides": 1
              },
              "non_striker": "BJ Hodge",
              "runs": {
                "batter": 0,
                "extras": 1,
                "total": 1
              }
            },
            {
              "batter": "MP Stoinis",
              "bowler": "GB Hogg",
              "non_striker": "BJ Hodge",
              "runs": {
                "batter": 0,
                "extras": 0,
                "total": 0
              }
            },
            {
              "batter": "MP Stoinis",
              "bowler": "GB Hogg",
              "non_striker": "BJ Hodge",
              "runs": {
                "batter": 1,
                "extras": 0,
                "total": 1
              }
            }
          ]
        },
        {
          "over": 9,
          "deliveries": [
            {
              "batter": "MP Stoinis",
              "bowler": "PJ Cummins",
              "non_striker": "BJ Hodge",
              "runs": {
                "batter": 1,
                "extras": 0,
                "total": 1
              }
            },
            {
              "batter": "BJ Hodge",
              "bowler": "PJ Cummins",
              "non_striker": "MP Stoinis",
              "runs": {
                "batter": 0,
                "extras": 0,
                "total": 0
              }
            },
            {
              "batter": "BJ Hodge",
              "bowler": "PJ Cummins",
              "non_striker": "MP Stoinis",
              "runs": {
                "batter": 1,
                "extras": 0,
                "total": 1
              }
            },
            {
              "batter": "MP Stoinis",
              "bowler": "PJ Cummins",
              "non_striker": "BJ Hodge",
              "runs": {
                "batter": 0,
                "extras": 0,
                "total": 0
              }
            },
            {
              "batter": "MP Stoinis",
              "bowler": "PJ Cummins",
              "non_striker": "BJ Hodge",
              "runs": {
                "batter": 0,
                "extras": 0,
                "total": 0
              }
            },
            {
              "batter": "MP Stoinis",
              "bowler": "PJ Cummins",
              "extras": {
                "noballs": 1
              },
              "non_striker": "BJ Hodge",
              "runs": {
                "batter": 2,
                "extras": 1,
                "total": 3
              }
            },
            {
              "batter": "MP Stoinis",
              "bowler": "PJ Cummins",
              "non_striker": "BJ Hodge",
              "runs": {
                "batter": 4,
                "extras": 0,
                "total": 4
              }
            }
          ]
        },
        {
          "over": 10,
          "deliveries": [
            {
              "batter": "BJ Hodge",
              "bowler": "GB Hogg",
              "non_striker": "MP Stoinis",
              "runs": {
                "batter": 0,
                "extras": 0,
                "total": 0
              }
            },
            {
              "batter": "BJ Hodge",
              "bowler": "GB Hogg",
              "non_striker": "MP Stoinis",
              "runs": {
                "batter": 4,
                "extras": 0,
                "total": 4
              }
            },
            {
              "batter": "BJ Hodge",
              "bowler": "GB Hogg",
              "non_striker": "MP Stoinis",
              "runs": {
                "batter": 1,
                "extras": 0,
                "total": 1
              }
            },
            {
              "batter": "MP Stoinis",
              "bowler": "GB Hogg",
              "non_striker": "BJ Hodge",
              "runs": {
                "batter": 4,
                "extras": 0,
                "total": 4
              }
            },
            {
              "batter": "MP Stoinis",
              "bowler": "GB Hogg",
              "non_striker": "BJ Hodge",
              "runs": {
                "batter": 1,
                "extras": 0,
                "total": 1
              }
            },
            {
              "batter": "BJ Hodge",
              "bowler": "GB Hogg",
              "non_striker": "MP Stoinis",
              "runs": {
                "batter": 1,
                "extras": 0,
                "total": 1
              }
            }
          ]
        },
        {
          "over": 11,
          "deliveries": [
            {
              "batter": "BJ Hodge",
              "bowler": "JP Behrendorff",
              "non_striker": "MP Stoinis",
              "runs": {
                "batter": 0,
                "extras": 0,
                "total": 0
              }
            },
            {
              "batter": "BJ Hodge",
              "bowler": "JP Behrendorff",
              "non_striker": "MP Stoinis",
              "runs": {
                "batter": 1,
                "extras": 0,
                "total": 1
              }
            },
            {
              "batter": "MP Stoinis",
              "bowler": "JP Behrendorff",
              "non_striker": "BJ Hodge",
              "runs": {
                "batter": 1,
                "extras": 0,
                "total": 1
              }
            },
            {
              "batter": "BJ Hodge",
              "bowler": "JP Behrendorff",
              "non_striker": "MP Stoinis",
              "runs": {
                "batter": 4,
                "extras": 0,
                "total": 4
              }
            },
            {
              "batter": "BJ Hodge",
              "bowler": "JP Behrendorff",
              "non_striker": "MP Stoinis",
              "runs": {
                "batter": 1,
                "extras": 0,
                "total": 1
              }
            },
            {
              "batter": "MP Stoinis",
              "bowler": "JP Behrendorff",
              "non_striker": "BJ Hodge",
              "runs": {
                "batter": 1,
                "extras": 0,
                "total": 1
              }
            }
          ]
        },
        {
          "over": 12,
          "deliveries": [
            {
              "batter": "MP Stoinis",
              "bowler": "AC Thomas",
              "non_striker": "BJ Hodge",
              "runs": {
                "batter": 1,
                "extras": 0,
                "total": 1
              }
            },
            {
              "batter": "BJ Hodge",
              "bowler": "AC Thomas",
              "non_striker": "MP Stoinis",
              "runs": {
                "batter": 4,
                "extras": 0,
                "total": 4
              }
            },
            {
              "batter": "BJ Hodge",
              "bowler": "AC Thomas",
              "non_striker": "MP Stoinis",
              "runs": {
                "batter": 4,
                "extras": 0,
                "total": 4
              }
            },
            {
              "batter": "BJ Hodge",
              "bowler": "AC Thomas",
              "non_striker": "MP Stoinis",
              "runs": {
                "batter": 1,
                "extras": 0,
                "total": 1
              }
            },
            {
              "batter": "MP Stoinis",
              "bowler": "AC Thomas",
              "non_striker": "BJ Hodge",
              "runs": {
                "batter": 1,
                "extras": 0,
                "total": 1
              }
            },
            {
              "batter": "BJ Hodge",
              "bowler": "AC Thomas",
              "non_striker": "MP Stoinis",
              "runs": {
                "batter": 1,
                "extras": 0,
                "total": 1
              }
            }
          ]
        },
        {
          "over": 13,
          "deliveries": [
            {
              "batter": "BJ Hodge",
              "bowler": "AC Voges",
              "non_striker": "MP Stoinis",
              "runs": {
                "batter": 2,
                "extras": 0,
                "total": 2
              }
            },
            {
              "batter": "BJ Hodge",
              "bowler": "AC Voges",
              "non_striker": "MP Stoinis",
              "runs": {
                "batter": 1,
                "extras": 0,
                "total": 1
              }
            },
            {
              "batter": "MP Stoinis",
              "bowler": "AC Voges",
              "non_striker": "BJ Hodge",
              "runs": {
                "batter": 0,
                "extras": 0,
                "total": 0
              }
            },
            {
              "batter": "MP Stoinis",
              "bowler": "AC Voges",
              "non_striker": "BJ Hodge",
              "runs": {
                "batter": 0,
                "extras": 0,
                "total": 0
              },
              "wickets": [
                {
                  "kind": "lbw",
                  "player_out": "MP Stoinis"
                }
              ]
            },
            {
              "batter": "PSP Handscomb",
              "bowler": "AC Voges",
              "non_striker": "BJ Hodge",
              "runs": {
                "batter": 1,
                "extras": 0,
                "total": 1
              }
            },
            {
              "batter": "BJ Hodge",
              "bowler": "AC Voges",
              "extras": {
                "wides": 1
              },
              "non_striker": "PSP Handscomb",
              "runs": {
                "batter": 0,
                "extras": 1,
                "total": 1
              }
            },
            {
              "batter": "BJ Hodge",
              "bowler": "AC Voges",
              "non_striker": "PSP Handscomb",
              "runs": {
                "batter": 1,
                "extras": 0,
                "total": 1
              }
            }
          ]
        },
        {
          "over": 14,
          "deliveries": [
            {
              "batter": "BJ Hodge",
              "bowler": "AC Thomas",
              "non_striker": "PSP Handscomb",
              "runs": {
                "batter": 0,
                "extras": 0,
                "total": 0
              },
              "wickets": [
                {
                  "kind": "caught",
                  "player_out": "BJ Hodge",
                  "fielders": [
                    {
                      "name": "GB Hogg"
                    }
                  ]
                }
              ]
            },
            {
              "batter": "PSP Handscomb",
              "bowler": "AC Thomas",
              "non_striker": "AR Keath",
              "runs": {
                "batter": 1,
                "extras": 0,
                "total": 1
              }
            },
            {
              "batter": "AR Keath",
              "bowler": "AC Thomas",
              "non_striker": "PSP Handscomb",
              "runs": {
                "batter": 0,
                "extras": 0,
                "total": 0
              }
            },
            {
              "batter": "AR Keath",
              "bowler": "AC Thomas",
              "non_striker": "PSP Handscomb",
              "runs": {
                "batter": 1,
                "extras": 0,
                "total": 1
              }
            },
            {
              "batter": "PSP Handscomb",
              "bowler": "AC Thomas",
              "non_striker": "AR Keath",
              "runs": {
                "batter": 1,
                "extras": 0,
                "total": 1
              }
            },
            {
              "batter": "AR Keath",
              "bowler": "AC Thomas",
              "non_striker": "PSP Handscomb",
              "runs": {
                "batter": 0,
                "extras": 0,
                "total": 0
              }
            }
          ]
        },
        {
          "over": 15,
          "deliveries": [
            {
              "batter": "PSP Handscomb",
              "bowler": "AC Voges",
              "non_striker": "AR Keath",
              "runs": {
                "batter": 1,
                "extras": 0,
                "total": 1
              }
            },
            {
              "batter": "AR Keath",
              "bowler": "AC Voges",
              "non_striker": "PSP Handscomb",
              "runs": {
                "batter": 1,
                "extras": 0,
                "total": 1
              }
            },
            {
              "batter": "PSP Handscomb",
              "bowler": "AC Voges",
              "non_striker": "AR Keath",
              "runs": {
                "batter": 1,
                "extras": 0,
                "total": 1
              }
            },
            {
              "batter": "AR Keath",
              "bowler": "AC Voges",
              "non_striker": "PSP Handscomb",
              "runs": {
                "batter": 1,
                "extras": 0,
                "total": 1
              }
            },
            {
              "batter": "PSP Handscomb",
              "bowler": "AC Voges",
              "non_striker": "AR Keath",
              "runs": {
                "batter": 1,
                "extras": 0,
                "total": 1
              }
            },
            {
              "batter": "AR Keath",
              "bowler": "AC Voges",
              "non_striker": "PSP Handscomb",
              "runs": {
                "batter": 1,
                "extras": 0,
                "total": 1
              },
              "wickets": [
                {
                  "kind": "run out",
                  "player_out": "AR Keath",
                  "fielders": [
                    {
                      "name": "PJ Cummins"
                    },
                    {
                      "name": "SM Whiteman"
                    }
                  ]
                }
              ]
            }
          ]
        },
        {
          "over": 16,
          "deliveries": [
            {
              "batter": "PSP Handscomb",
              "bowler": "AC Thomas",
              "non_striker": "JW Hastings",
              "runs": {
                "batter": 1,
                "extras": 0,
                "total": 1
              }
            },
            {
              "batter": "JW Hastings",
              "bowler": "AC Thomas",
              "non_striker": "PSP Handscomb",
              "runs": {
                "batter": 1,
                "extras": 0,
                "total": 1
              }
            },
            {
              "batter": "PSP Handscomb",
              "bowler": "AC Thomas",
              "non_striker": "JW Hastings",
              "runs": {
                "batter": 1,
                "extras": 0,
                "total": 1
              }
            },
            {
              "batter": "JW Hastings",
              "bowler": "AC Thomas",
              "extras": {
                "wides": 1
              },
              "non_striker": "PSP Handscomb",
              "runs": {
                "batter": 0,
                "extras": 1,
                "total": 1
              }
            },
            {
              "batter": "JW Hastings",
              "bowler": "AC Thomas",
              "non_striker": "PSP Handscomb",
              "runs": {
                "batter": 0,
                "extras": 0,
                "total": 0
              }
            },
            {
              "batter": "JW Hastings",
              "bowler": "AC Thomas",
              "non_striker": "PSP Handscomb",
              "runs": {
                "batter": 0,
                "extras": 0,
                "total": 0
              }
            },
            {
              "batter": "JW Hastings",
              "bowler": "AC Thomas",
              "non_striker": "PSP Handscomb",
              "runs": {
                "batter": 1,
                "extras": 0,
                "total": 1
              }
            }
          ]
        },
        {
          "over": 17,
          "deliveries": [
            {
              "batter": "JW Hastings",
              "bowler": "GB Hogg",
              "extras": {
                "byes": 1
              },
              "non_striker": "PSP Handscomb",
              "runs": {
                "batter": 0,
                "extras": 1,
                "total": 1
              }
            },
            {
              "batter": "PSP Handscomb",
              "bowler": "GB Hogg",
              "non_striker": "JW Hastings",
              "runs": {
                "batter": 6,
                "extras": 0,
                "total": 6
              }
            },
            {
              "batter": "PSP Handscomb",
              "bowler": "GB Hogg",
              "non_striker": "JW Hastings",
              "runs": {
                "batter": 1,
                "extras": 0,
                "total": 1
              }
            },
            {
              "batter": "JW Hastings",
              "bowler": "GB Hogg",
              "non_striker": "PSP Handscomb",
              "runs": {
                "batter": 6,
                "extras": 0,
                "total": 6
              }
            },
            {
              "batter": "JW Hastings",
              "bowler": "GB Hogg",
              "non_striker": "PSP Handscomb",
              "runs": {
                "batter": 1,
                "extras": 0,
                "total": 1
              }
            },
            {
              "batter": "PSP Handscomb",
              "bowler": "GB Hogg",
              "non_striker": "JW Hastings",
              "runs": {
                "batter": 0,
                "extras": 0,
                "total": 0
              }
            }
          ]
        },
        {
          "over": 18,
          "deliveries": [
            {
              "batter": "JW Hastings",
              "bowler": "AC Thomas",
              "non_striker": "PSP Handscomb",
              "runs": {
                "batter": 1,
                "extras": 0,
                "total": 1
              }
            },
            {
              "batter": "PSP Handscomb",
              "bowler": "AC Thomas",
              "non_striker": "JW Hastings",
              "runs": {
                "batter": 1,
                "extras": 0,
                "total": 1
              }
            },
            {
              "batter": "JW Hastings",
              "bowler": "AC Thomas",
              "non_striker": "PSP Handscomb",
              "runs": {
                "batter": 2,
                "extras": 0,
                "total": 2
              }
            },
            {
              "batter": "JW Hastings",
              "bowler": "AC Thomas",
              "non_striker": "PSP Handscomb",
              "runs": {
                "batter": 1,
                "extras": 0,
                "total": 1
              }
            },
            {
              "batter": "PSP Handscomb",
              "bowler": "AC Thomas",
              "extras": {
                "legbyes": 2
              },
              "non_striker": "JW Hastings",
              "runs": {
                "batter": 0,
                "extras": 2,
                "total": 2
              }
            },
            {
              "batter": "PSP Handscomb",
              "bowler": "AC Thomas",
              "non_striker": "JW Hastings",
              "runs": {
                "batter": 1,
                "extras": 0,
                "total": 1
              }
            }
          ]
        },
        {
          "over": 19,
          "deliveries": [
            {
              "batter": "PSP Handscomb",
              "bowler": "PJ Cummins",
              "non_striker": "JW Hastings",
              "runs": {
                "batter": 6,
                "extras": 0,
                "total": 6
              }
            },
            {
              "batter": "PSP Handscomb",
              "bowler": "PJ Cummins",
              "non_striker": "JW Hastings",
              "runs": {
                "batter": 1,
                "extras": 0,
                "total": 1
              }
            },
            {
              "batter": "JW Hastings",
              "bowler": "PJ Cummins",
              "extras": {
                "byes": 1
              },
              "non_striker": "PSP Handscomb",
              "runs": {
                "batter": 0,
                "extras": 1,
                "total": 1
              }
            },
            {
              "batter": "PSP Handscomb",
              "bowler": "PJ Cummins",
              "non_striker": "JW Hastings",
              "runs": {
                "batter": 1,
                "extras": 0,
                "total": 1
              }
            },
            {
              "batter": "JW Hastings",
              "bowler": "PJ Cummins",
              "non_striker": "PSP Handscomb",
              "runs": {
                "batter": 0,
                "extras": 0,
                "total": 0
              }
            },
            {
              "batter": "JW Hastings",
              "bowler": "PJ Cummins",
              "extras": {
                "byes": 1
              },
              "non_striker": "PSP Handscomb",
              "runs": {
                "batter": 0,
                "extras": 1,
                "total": 1
              }
            }
          ]
        }
      ],
      "powerplays": [
        {
          "from": 0.1,
          "to": 5.6,
          "type": "mandatory"
        }
      ]
    },
    {
      "team": "Perth Scorchers",
      "overs": [
        {
          "over": 0,
          "deliveries": [
            {
              "batter": "CJ Simmons",
              "bowler": "DJ Worrall",
              "non_striker": "MR Marsh",
              "runs": {
                "batter": 0,
                "extras": 0,
                "total": 0
              }
            },
            {
              "batter": "CJ Simmons",
              "bowler": "DJ Worrall",
              "non_striker": "MR Marsh",
              "runs": {
                "batter": 0,
                "extras": 0,
                "total": 0
              }
            },
            {
              "batter": "CJ Simmons",
              "bowler": "DJ Worrall",
              "non_striker": "MR Marsh",
              "runs": {
                "batter": 0,
                "extras": 0,
                "total": 0
              }
            },
            {
              "batter": "CJ Simmons",
              "bowler": "DJ Worrall",
              "non_striker": "MR Marsh",
              "runs": {
                "batter": 2,
                "extras": 0,
                "total": 2
              }
            },
            {
              "batter": "CJ Simmons",
              "bowler": "DJ Worrall",
              "non_striker": "MR Marsh",
              "runs": {
                "batter": 0,
                "extras": 0,
                "total": 0
              }
            },
            {
              "batter": "CJ Simmons",
              "bowler": "DJ Worrall",
              "non_striker": "MR Marsh",
              "runs": {
                "batter": 0,
                "extras": 0,
                "total": 0
              },
              "wickets": [
                {
                  "kind": "caught",
                  "player_out": "CJ Simmons",
                  "fielders": [
                    {
                      "name": "CA Rose"
                    }
                  ]
                }
              ]
            }
          ]
        },
        {
          "over": 1,
          "deliveries": [
            {
              "batter": "SM Whiteman",
              "bowler": "SM Boland",
              "non_striker": "MR Marsh",
              "runs": {
                "batter": 0,
                "extras": 0,
                "total": 0
              }
            },
            {
              "batter": "SM Whiteman",
              "bowler": "SM Boland",
              "non_striker": "MR Marsh",
              "runs": {
                "batter": 0,
                "extras": 0,
                "total": 0
              }
            },
            {
              "batter": "SM Whiteman",
              "bowler": "SM Boland",
              "non_striker": "MR Marsh",
              "runs": {
                "batter": 0,
                "extras": 0,
                "total": 0
              }
            },
            {
              "batter": "SM Whiteman",
              "bowler": "SM Boland",
              "non_striker": "MR Marsh",
              "runs": {
                "batter": 1,
                "extras": 0,
                "total": 1
              }
            },
            {
              "batter": "MR Marsh",
              "bowler": "SM Boland",
              "non_striker": "SM Whiteman",
              "runs": {
                "batter": 0,
                "extras": 0,
                "total": 0
              }
            },
            {
              "batter": "MR Marsh",
              "bowler": "SM Boland",
              "non_striker": "SM Whiteman",
              "runs": {
                "batter": 4,
                "extras": 0,
                "total": 4
              }
            }
          ]
        },
        {
          "over": 2,
          "deliveries": [
            {
              "batter": "SM Whiteman",
              "bowler": "DJ Worrall",
              "non_striker": "MR Marsh",
              "runs": {
                "batter": 0,
                "extras": 0,
                "total": 0
              }
            },
            {
              "batter": "SM Whiteman",
              "bowler": "DJ Worrall",
              "non_striker": "MR Marsh",
              "runs": {
                "batter": 4,
                "extras": 0,
                "total": 4
              }
            },
            {
              "batter": "SM Whiteman",
              "bowler": "DJ Worrall",
              "non_striker": "MR Marsh",
              "runs": {
                "batter": 4,
                "extras": 0,
                "total": 4
              }
            },
            {
              "batter": "SM Whiteman",
              "bowler": "DJ Worrall",
              "non_striker": "MR Marsh",
              "runs": {
                "batter": 0,
                "extras": 0,
                "total": 0
              }
            },
            {
              "batter": "SM Whiteman",
              "bowler": "DJ Worrall",
              "non_striker": "MR Marsh",
              "runs": {
                "batter": 1,
                "extras": 0,
                "total": 1
              }
            },
            {
              "batter": "MR Marsh",
              "bowler": "DJ Worrall",
              "non_striker": "SM Whiteman",
              "runs": {
                "batter": 1,
                "extras": 0,
                "total": 1
              }
            }
          ]
        },
        {
          "over": 3,
          "deliveries": [
            {
              "batter": "MR Marsh",
              "bowler": "SM Boland",
              "non_striker": "SM Whiteman",
              "runs": {
                "batter": 0,
                "extras": 0,
                "total": 0
              }
            },
            {
              "batter": "MR Marsh",
              "bowler": "SM Boland",
              "non_striker": "SM Whiteman",
              "runs": {
                "batter": 0,
                "extras": 0,
                "total": 0
              }
            },
            {
              "batter": "MR Marsh",
              "bowler": "SM Boland",
              "non_striker": "SM Whiteman",
              "runs": {
                "batter": 4,
                "extras": 0,
                "total": 4
              }
            },
            {
              "batter": "MR Marsh",
              "bowler": "SM Boland",
              "non_striker": "SM Whiteman",
              "runs": {
                "batter": 0,
                "extras": 0,
                "total": 0
              }
            },
            {
              "batter": "MR Marsh",
              "bowler": "SM Boland",
              "non_striker": "SM Whiteman",
              "runs": {
                "batter": 1,
                "extras": 0,
                "total": 1
              }
            },
            {
              "batter": "SM Whiteman",
              "bowler": "SM Boland",
              "non_striker": "MR Marsh",
              "runs": {
                "batter": 0,
                "extras": 0,
                "total": 0
              }
            }
          ]
        },
        {
          "over": 4,
          "deliveries": [
            {
              "batter": "MR Marsh",
              "bowler": "CA Rose",
              "non_striker": "SM Whiteman",
              "runs": {
                "batter": 1,
                "extras": 0,
                "total": 1
              }
            },
            {
              "batter": "SM Whiteman",
              "bowler": "CA Rose",
              "non_striker": "MR Marsh",
              "runs": {
                "batter": 1,
                "extras": 0,
                "total": 1
              }
            },
            {
              "batter": "MR Marsh",
              "bowler": "CA Rose",
              "non_striker": "SM Whiteman",
              "runs": {
                "batter": 0,
                "extras": 0,
                "total": 0
              }
            },
            {
              "batter": "MR Marsh",
              "bowler": "CA Rose",
              "non_striker": "SM Whiteman",
              "runs": {
                "batter": 0,
                "extras": 0,
                "total": 0
              }
            },
            {
              "batter": "MR Marsh",
              "bowler": "CA Rose",
              "non_striker": "SM Whiteman",
              "runs": {
                "batter": 4,
                "extras": 0,
                "total": 4
              }
            },
            {
              "batter": "MR Marsh",
              "bowler": "CA Rose",
              "non_striker": "SM Whiteman",
              "runs": {
                "batter": 0,
                "extras": 0,
                "total": 0
              }
            }
          ]
        },
        {
          "over": 5,
          "deliveries": [
            {
              "batter": "SM Whiteman",
              "bowler": "JW Hastings",
              "non_striker": "MR Marsh",
              "runs": {
                "batter": 0,
                "extras": 0,
                "total": 0
              }
            },
            {
              "batter": "SM Whiteman",
              "bowler": "JW Hastings",
              "non_striker": "MR Marsh",
              "runs": {
                "batter": 1,
                "extras": 0,
                "total": 1
              }
            },
            {
              "batter": "MR Marsh",
              "bowler": "JW Hastings",
              "non_striker": "SM Whiteman",
              "runs": {
                "batter": 0,
                "extras": 0,
                "total": 0
              },
              "wickets": [
                {
                  "kind": "caught",
                  "player_out": "MR Marsh",
                  "fielders": [
                    {
                      "name": "LJ Wright"
                    }
                  ]
                }
              ]
            },
            {
              "batter": "AC Voges",
              "bowler": "JW Hastings",
              "non_striker": "SM Whiteman",
              "runs": {
                "batter": 0,
                "extras": 0,
                "total": 0
              }
            },
            {
              "batter": "AC Voges",
              "bowler": "JW Hastings",
              "non_striker": "SM Whiteman",
              "runs": {
                "batter": 1,
                "extras": 0,
                "total": 1
              }
            },
            {
              "batter": "SM Whiteman",
              "bowler": "JW Hastings",
              "non_striker": "AC Voges",
              "runs": {
                "batter": 1,
                "extras": 0,
                "total": 1
              }
            }
          ]
        },
        {
          "over": 6,
          "deliveries": [
            {
              "batter": "SM Whiteman",
              "bowler": "Mohammad Hafeez",
              "non_striker": "AC Voges",
              "runs": {
                "batter": 1,
                "extras": 0,
                "total": 1
              }
            },
            {
              "batter": "AC Voges",
              "bowler": "Mohammad Hafeez",
              "extras": {
                "wides": 2
              },
              "non_striker": "SM Whiteman",
              "runs": {
                "batter": 0,
                "extras": 2,
                "total": 2
              }
            },
            {
              "batter": "SM Whiteman",
              "bowler": "Mohammad Hafeez",
              "non_striker": "AC Voges",
              "runs": {
                "batter": 1,
                "extras": 0,
                "total": 1
              }
            },
            {
              "batter": "AC Voges",
              "bowler": "Mohammad Hafeez",
              "non_striker": "SM Whiteman",
              "runs": {
                "batter": 0,
                "extras": 0,
                "total": 0
              }
            },
            {
              "batter": "AC Voges",
              "bowler": "Mohammad Hafeez",
              "non_striker": "SM Whiteman",
              "runs": {
                "batter": 0,
                "extras": 0,
                "total": 0
              }
            },
            {
              "batter": "AC Voges",
              "bowler": "Mohammad Hafeez",
              "non_striker": "SM Whiteman",
              "runs": {
                "batter": 1,
                "extras": 0,
                "total": 1
              }
            },
            {
              "batter": "SM Whiteman",
              "bowler": "Mohammad Hafeez",
              "non_striker": "AC Voges",
              "runs": {
                "batter": 1,
                "extras": 0,
                "total": 1
              }
            }
          ]
        },
        {
          "over": 7,
          "deliveries": [
            {
              "batter": "SM Whiteman",
              "bowler": "JW Hastings",
              "non_striker": "AC Voges",
              "runs": {
                "batter": 1,
                "extras": 0,
                "total": 1
              }
            },
            {
              "batter": "AC Voges",
              "bowler": "JW Hastings",
              "non_striker": "SM Whiteman",
              "runs": {
                "batter": 0,
                "extras": 0,
                "total": 0
              }
            },
            {
              "batter": "AC Voges",
              "bowler": "JW Hastings",
              "non_striker": "SM Whiteman",
              "runs": {
                "batter": 0,
                "extras": 0,
                "total": 0
              },
              "wickets": [
                {
                  "kind": "run out",
                  "player_out": "SM Whiteman",
                  "fielders": [
                    {
                      "name": "LJ Wright"
                    }
                  ]
                }
              ]
            },
            {
              "batter": "SM Katich",
              "bowler": "JW Hastings",
              "non_striker": "AC Voges",
              "runs": {
                "batter": 1,
                "extras": 0,
                "total": 1
              }
            },
            {
              "batter": "AC Voges",
              "bowler": "JW Hastings",
              "non_striker": "SM Katich",
              "runs": {
                "batter": 0,
                "extras": 0,
                "total": 0
              }
            },
            {
              "batter": "AC Voges",
              "bowler": "JW Hastings",
              "non_striker": "SM Katich",
              "runs": {
                "batter": 1,
                "extras": 0,
                "total": 1
              }
            }
          ]
        },
        {
          "over": 8,
          "deliveries": [
            {
              "batter": "AC Voges",
              "bowler": "Mohammad Hafeez",
              "non_striker": "SM Katich",
              "runs": {
                "batter": 1,
                "extras": 0,
                "total": 1
              }
            },
            {
              "batter": "SM Katich",
              "bowler": "Mohammad Hafeez",
              "non_striker": "AC Voges",
              "runs": {
                "batter": 0,
                "extras": 0,
                "total": 0
              }
            },
            {
              "batter": "SM Katich",
              "bowler": "Mohammad Hafeez",
              "non_striker": "AC Voges",
              "runs": {
                "batter": 0,
                "extras": 0,
                "total": 0
              }
            },
            {
              "batter": "SM Katich",
              "bowler": "Mohammad Hafeez",
              "non_striker": "AC Voges",
              "runs": {
                "batter": 1,
                "extras": 0,
                "total": 1
              }
            },
            {
              "batter": "AC Voges",
              "bowler": "Mohammad Hafeez",
              "non_striker": "SM Katich",
              "runs": {
                "batter": 1,
                "extras": 0,
                "total": 1
              }
            },
            {
              "batter": "SM Katich",
              "bowler": "Mohammad Hafeez",
              "non_striker": "AC Voges",
              "runs": {
                "batter": 0,
                "extras": 0,
                "total": 0
              }
            }
          ]
        },
        {
          "over": 9,
          "deliveries": [
            {
              "batter": "AC Voges",
              "bowler": "SM Boland",
              "non_striker": "SM Katich",
              "runs": {
                "batter": 0,
                "extras": 0,
                "total": 0
              }
            },
            {
              "batter": "AC Voges",
              "bowler": "SM Boland",
              "non_striker": "SM Katich",
              "runs": {
                "batter": 4,
                "extras": 0,
                "total": 4
              }
            },
            {
              "batter": "AC Voges",
              "bowler": "SM Boland",
              "non_striker": "SM Katich",
              "runs": {
                "batter": 4,
                "extras": 0,
                "total": 4
              }
            },
            {
              "batter": "AC Voges",
              "bowler": "SM Boland",
              "non_striker": "SM Katich",
              "runs": {
                "batter": 0,
                "extras": 0,
                "total": 0
              }
            },
            {
              "batter": "AC Voges",
              "bowler": "SM Boland",
              "non_striker": "SM Katich",
              "runs": {
                "batter": 1,
                "extras": 0,
                "total": 1
              }
            },
            {
              "batter": "SM Katich",
              "bowler": "SM Boland",
              "non_striker": "AC Voges",
              "runs": {
                "batter": 4,
                "extras": 0,
                "total": 4
              }
            }
          ]
        },
        {
          "over": 10,
          "deliveries": [
            {
              "batter": "AC Voges",
              "bowler": "CA Rose",
              "non_striker": "SM Katich",
              "runs": {
                "batter": 0,
                "extras": 0,
                "total": 0
              }
            },
            {
              "batter": "AC Voges",
              "bowler": "CA Rose",
              "non_striker": "SM Katich",
              "runs": {
                "batter": 1,
                "extras": 0,
                "total": 1
              }
            },
            {
              "batter": "SM Katich",
              "bowler": "CA Rose",
              "non_striker": "AC Voges",
              "runs": {
                "batter": 1,
                "extras": 0,
                "total": 1
              }
            },
            {
              "batter": "AC Voges",
              "bowler": "CA Rose",
              "non_striker": "SM Katich",
              "runs": {
                "batter": 1,
                "extras": 0,
                "total": 1
              }
            },
            {
              "batter": "SM Katich",
              "bowler": "CA Rose",
              "non_striker": "AC Voges",
              "runs": {
                "batter": 2,
                "extras": 0,
                "total": 2
              }
            },
            {
              "batter": "SM Katich",
              "bowler": "CA Rose",
              "non_striker": "AC Voges",
              "runs": {
                "batter": 1,
                "extras": 0,
                "total": 1
              }
            }
          ]
        },
        {
          "over": 11,
          "deliveries": [
            {
              "batter": "SM Katich",
              "bowler": "Mohammad Hafeez",
              "non_striker": "AC Voges",
              "runs": {
                "batter": 4,
                "extras": 0,
                "total": 4
              }
            },
            {
              "batter": "SM Katich",
              "bowler": "Mohammad Hafeez",
              "non_striker": "AC Voges",
              "runs": {
                "batter": 1,
                "extras": 0,
                "total": 1
              }
            },
            {
              "batter": "AC Voges",
              "bowler": "Mohammad Hafeez",
              "non_striker": "SM Katich",
              "runs": {
                "batter": 1,
                "extras": 0,
                "total": 1
              }
            },
            {
              "batter": "SM Katich",
              "bowler": "Mohammad Hafeez",
              "non_striker": "AC Voges",
              "runs": {
                "batter": 4,
                "extras": 0,
                "total": 4
              }
            },
            {
              "batter": "SM Katich",
              "bowler": "Mohammad Hafeez",
              "non_striker": "AC Voges",
              "runs": {
                "batter": 2,
                "extras": 0,
                "total": 2
              }
            },
            {
              "batter": "SM Katich",
              "bowler": "Mohammad Hafeez",
              "non_striker": "AC Voges",
              "runs": {
                "batter": 1,
                "extras": 0,
                "total": 1
              }
            }
          ]
        },
        {
          "over": 12,
          "deliveries": [
            {
              "batter": "SM Katich",
              "bowler": "CA Rose",
              "non_striker": "AC Voges",
              "runs": {
                "batter": 1,
                "extras": 0,
                "total": 1
              }
            },
            {
              "batter": "AC Voges",
              "bowler": "CA Rose",
              "non_striker": "SM Katich",
              "runs": {
                "batter": 0,
                "extras": 0,
                "total": 0
              }
            },
            {
              "batter": "AC Voges",
              "bowler": "CA Rose",
              "non_striker": "SM Katich",
              "runs": {
                "batter": 1,
                "extras": 0,
                "total": 1
              }
            },
            {
              "batter": "SM Katich",
              "bowler": "CA Rose",
              "non_striker": "AC Voges",
              "runs": {
                "batter": 1,
                "extras": 0,
                "total": 1
              }
            },
            {
              "batter": "AC Voges",
              "bowler": "CA Rose",
              "non_striker": "SM Katich",
              "runs": {
                "batter": 1,
                "extras": 0,
                "total": 1
              }
            },
            {
              "batter": "SM Katich",
              "bowler": "CA Rose",
              "non_striker": "AC Voges",
              "runs": {
                "batter": 2,
                "extras": 0,
                "total": 2
              }
            }
          ]
        },
        {
          "over": 13,
          "deliveries": [
            {
              "batter": "AC Voges",
              "bowler": "MP Stoinis",
              "non_striker": "SM Katich",
              "runs": {
                "batter": 2,
                "extras": 0,
                "total": 2
              }
            },
            {
              "batter": "AC Voges",
              "bowler": "MP Stoinis",
              "non_striker": "SM Katich",
              "runs": {
                "batter": 1,
                "extras": 0,
                "total": 1
              }
            },
            {
              "batter": "SM Katich",
              "bowler": "MP Stoinis",
              "non_striker": "AC Voges",
              "runs": {
                "batter": 1,
                "extras": 0,
                "total": 1
              }
            },
            {
              "batter": "AC Voges",
              "bowler": "MP Stoinis",
              "non_striker": "SM Katich",
              "runs": {
                "batter": 2,
                "extras": 0,
                "total": 2
              }
            },
            {
              "batter": "AC Voges",
              "bowler": "MP Stoinis",
              "non_striker": "SM Katich",
              "runs": {
                "batter": 4,
                "extras": 0,
                "total": 4
              }
            },
            {
              "batter": "AC Voges",
              "bowler": "MP Stoinis",
              "non_striker": "SM Katich",
              "runs": {
                "batter": 1,
                "extras": 0,
                "total": 1
              }
            }
          ]
        },
        {
          "over": 14,
          "deliveries": [
            {
              "batter": "AC Voges",
              "bowler": "JW Hastings",
              "non_striker": "SM Katich",
              "runs": {
                "batter": 0,
                "extras": 0,
                "total": 0
              },
              "wickets": [
                {
                  "kind": "caught",
                  "player_out": "AC Voges",
                  "fielders": [
                    {
                      "name": "DJ Worrall"
                    }
                  ]
                }
              ]
            },
            {
              "batter": "AJ Turner",
              "bowler": "JW Hastings",
              "non_striker": "SM Katich",
              "runs": {
                "batter": 1,
                "extras": 0,
                "total": 1
              }
            },
            {
              "batter": "SM Katich",
              "bowler": "JW Hastings",
              "non_striker": "AJ Turner",
              "runs": {
                "batter": 0,
                "extras": 0,
                "total": 0
              }
            },
            {
              "batter": "SM Katich",
              "bowler": "JW Hastings",
              "non_striker": "AJ Turner",
              "runs": {
                "batter": 1,
                "extras": 0,
                "total": 1
              }
            },
            {
              "batter": "AJ Turner",
              "bowler": "JW Hastings",
              "non_striker": "SM Katich",
              "runs": {
                "batter": 0,
                "extras": 0,
                "total": 0
              }
            },
            {
              "batter": "AJ Turner",
              "bowler": "JW Hastings",
              "non_striker": "SM Katich",
              "runs": {
                "batter": 0,
                "extras": 0,
                "total": 0
              },
              "wickets": [
                {
                  "kind": "bowled",
                  "player_out": "AJ Turner"
                }
              ]
            }
          ]
        },
        {
          "over": 15,
          "deliveries": [
            {
              "batter": "SM Katich",
              "bowler": "DJ Worrall",
              "non_striker": "PJ Cummins",
              "runs": {
                "batter": 1,
                "extras": 0,
                "total": 1
              }
            },
            {
              "batter": "PJ Cummins",
              "bowler": "DJ Worrall",
              "non_striker": "SM Katich",
              "runs": {
                "batter": 1,
                "extras": 0,
                "total": 1
              }
            },
            {
              "batter": "SM Katich",
              "bowler": "DJ Worrall",
              "non_striker": "PJ Cummins",
              "runs": {
                "batter": 1,
                "extras": 0,
                "total": 1
              }
            },
            {
              "batter": "PJ Cummins",
              "bowler": "DJ Worrall",
              "non_striker": "SM Katich",
              "runs": {
                "batter": 2,
                "extras": 0,
                "total": 2
              }
            },
            {
              "batter": "PJ Cummins",
              "bowler": "DJ Worrall",
              "non_striker": "SM Katich",
              "runs": {
                "batter": 4,
                "extras": 0,
                "total": 4
              }
            },
            {
              "batter": "PJ Cummins",
              "bowler": "DJ Worrall",
              "non_striker": "SM Katich",
              "runs": {
                "batter": 0,
                "extras": 0,
                "total": 0
              },
              "wickets": [
                {
                  "kind": "caught",
                  "player_out": "PJ Cummins",
                  "fielders": [
                    {
                      "name": "LJ Wright"
                    }
                  ]
                }
              ]
            }
          ]
        },
        {
          "over": 16,
          "deliveries": [
            {
              "batter": "JP Behrendorff",
              "bowler": "CA Rose",
              "non_striker": "SM Katich",
              "runs": {
                "batter": 0,
                "extras": 0,
                "total": 0
              }
            },
            {
              "batter": "JP Behrendorff",
              "bowler": "CA Rose",
              "non_striker": "SM Katich",
              "runs": {
                "batter": 4,
                "extras": 0,
                "total": 4
              }
            },
            {
              "batter": "JP Behrendorff",
              "bowler": "CA Rose",
              "non_striker": "SM Katich",
              "runs": {
                "batter": 1,
                "extras": 0,
                "total": 1
              }
            },
            {
              "batter": "SM Katich",
              "bowler": "CA Rose",
              "non_striker": "JP Behrendorff",
              "runs": {
                "batter": 0,
                "extras": 0,
                "total": 0
              },
              "wickets": [
                {
                  "kind": "caught",
                  "player_out": "SM Katich",
                  "fielders": [
                    {
                      "name": "Mohammad Hafeez"
                    }
                  ]
                }
              ]
            },
            {
              "batter": "JP Behrendorff",
              "bowler": "CA Rose",
              "non_striker": "AC Thomas",
              "runs": {
                "batter": 1,
                "extras": 0,
                "total": 1
              }
            },
            {
              "batter": "AC Thomas",
              "bowler": "CA Rose",
              "non_striker": "JP Behrendorff",
              "runs": {
                "batter": 1,
                "extras": 0,
                "total": 1
              }
            }
          ]
        },
        {
          "over": 17,
          "deliveries": [
            {
              "batter": "AC Thomas",
              "bowler": "DJ Worrall",
              "non_striker": "JP Behrendorff",
              "runs": {
                "batter": 1,
                "extras": 0,
                "total": 1
              }
            },
            {
              "batter": "JP Behrendorff",
              "bowler": "DJ Worrall",
              "non_striker": "AC Thomas",
              "runs": {
                "batter": 0,
                "extras": 0,
                "total": 0
              }
            },
            {
              "batter": "JP Behrendorff",
              "bowler": "DJ Worrall",
              "non_striker": "AC Thomas",
              "runs": {
                "batter": 4,
                "extras": 0,
                "total": 4
              }
            },
            {
              "batter": "JP Behrendorff",
              "bowler": "DJ Worrall",
              "non_striker": "AC Thomas",
              "runs": {
                "batter": 1,
                "extras": 0,
                "total": 1
              }
            },
            {
              "batter": "AC Thomas",
              "bowler": "DJ Worrall",
              "non_striker": "JP Behrendorff",
              "runs": {
                "batter": 1,
                "extras": 0,
                "total": 1
              }
            },
            {
              "batter": "JP Behrendorff",
              "bowler": "DJ Worrall",
              "non_striker": "AC Thomas",
              "runs": {
                "batter": 1,
                "extras": 0,
                "total": 1
              }
            }
          ]
        },
        {
          "over": 18,
          "deliveries": [
            {
              "batter": "JP Behrendorff",
              "bowler": "JW Hastings",
              "non_striker": "AC Thomas",
              "runs": {
                "batter": 2,
                "extras": 0,
                "total": 2
              }
            },
            {
              "batter": "JP Behrendorff",
              "bowler": "JW Hastings",
              "non_striker": "AC Thomas",
              "runs": {
                "batter": 1,
                "extras": 0,
                "total": 1
              },
              "wickets": [
                {
                  "kind": "run out",
                  "player_out": "AC Thomas",
                  "fielders": [
                    {
                      "name": "CA Rose"
                    },
                    {
                      "name": "PSP Handscomb"
                    },
                    {
                      "name": "JW Hastings"
                    }
                  ]
                }
              ]
            },
            {
              "batter": "JP Behrendorff",
              "bowler": "JW Hastings",
              "non_striker": "GB Hogg",
              "runs": {
                "batter": 1,
                "extras": 0,
                "total": 1
              }
            },
            {
              "batter": "GB Hogg",
              "bowler": "JW Hastings",
              "non_striker": "JP Behrendorff",
              "runs": {
                "batter": 1,
                "extras": 0,
                "total": 1
              }
            },
            {
              "batter": "JP Behrendorff",
              "bowler": "JW Hastings",
              "non_striker": "GB Hogg",
              "runs": {
                "batter": 6,
                "extras": 0,
                "total": 6
              }
            },
            {
              "batter": "JP Behrendorff",
              "bowler": "JW Hastings",
              "non_striker": "GB Hogg",
              "runs": {
                "batter": 1,
                "extras": 0,
                "total": 1
              }
            }
          ]
        },
        {
          "over": 19,
          "deliveries": [
            {
              "batter": "JP Behrendorff",
              "bowler": "SM Boland",
              "extras": {
                "wides": 1
              },
              "non_striker": "GB Hogg",
              "runs": {
                "batter": 0,
                "extras": 1,
                "total": 1
              }
            },
            {
              "batter": "JP Behrendorff",
              "bowler": "SM Boland",
              "non_striker": "GB Hogg",
              "runs": {
                "batter": 2,
                "extras": 0,
                "total": 2
              }
            },
            {
              "batter": "JP Behrendorff",
              "bowler": "SM Boland",
              "non_striker": "GB Hogg",
              "runs": {
                "batter": 1,
                "extras": 0,
                "total": 1
              }
            },
            {
              "batter": "GB Hogg",
              "bowler": "SM Boland",
              "non_striker": "JP Behrendorff",
              "runs": {
                "batter": 1,
                "extras": 0,
                "total": 1
              }
            },
            {
              "batter": "JP Behrendorff",
              "bowler": "SM Boland",
              "non_striker": "GB Hogg",
              "runs": {
                "batter": 0,
                "extras": 0,
                "total": 0
              },
              "wickets": [
                {
                  "kind": "caught",
                  "player_out": "JP Behrendorff",
                  "fielders": [
                    {
                      "name": "CA Rose"
                    }
                  ]
                }
              ]
            },
            {
              "batter": "GB Hogg",
              "bowler": "SM Boland",
              "non_striker": "MA Beer",
              "runs": {
                "batter": 0,
                "extras": 0,
                "total": 0
              }
            },
            {
              "batter": "GB Hogg",
              "bowler": "SM Boland",
              "non_striker": "MA Beer",
              "runs": {
                "batter": 6,
                "extras": 0,
                "total": 6
              }
            }
          ]
        }
      ],
      "powerplays": [
        {
          "from": 0.1,
          "to": 5.6,
          "type": "mandatory"
        }
      ],
      "target": {
        "overs": 20,
        "runs": 162
      }
    }
  ]
}