{
  "meta": {
    "data_version": "1.0.0",
    "created": "2017-04-19",
    "revision": 1
  },
  "info": {
    "balls_per_over": 6,
    "city": "Hobart",
    "dates": [
      "2014-12-23"
    ],
    "event": {
      "name": "Big Bash League"
    },
    "gender": "male",
    "match_type": "T20",
    "officials": {
      "match_referees": [
        "SR Bernard"
      ],
      "reserve_umpires": [
        "H Wolff"
      ],
      "tv_umpires": [
        "SJ Nogajski"
      ],
      "umpires": [
        "MW Graham-Smith",
        "P Wilson"
      ]
    },
    "outcome": {
      "by": {
        "wickets": 7
      },
      "winner": "Sydney Sixers"
    },
    "overs": 20,
    "player_of_match": [
      "MC Henriques"
    ],
    "players": {
      "Hobart Hurricanes": [
        "BR Dunk",
        "AD Hales",
        "TD Paine",
        "GJ Bailey",
        "JW Wells",
        "DJG Sammy",
        "EP Gulbis",
        "JM Mennie",
        "BW Hilfenhaus",
        "CJ Boyce",
        "XJ Doherty"
      ],
      "Sydney Sixers": [
        "MJ Lumb",
        "NJ Maddinson",
        "MH Wessels",
        "MC Henriques",
        "JC Silk",
        "RGL Carters",
        "SA Abbott",
        "LA Doran",
        "BJ Dwarshuis",
        "B Lee",
        "DE Bollinger"
      ]
    },
    "registry": {
      "people": {
        "AD Hales": "92aeac25",
        "B Lee": "dd09ff8e",
        "BJ Dwarshuis": "e1b9f3a9",
        "BR Dunk": "272d796e",
        "BW Hilfenhaus": "f3171936",
        "CJ Boyce": "51a60c16",
        "DE Bollinger": "45c2196c",
        "DJG Sammy": "c03c6200",
        "EP Gulbis": "bbce4647",
        "GJ Bailey": "5056011d",
        "H Wolff": "e44c17f1",
        "JC Silk": "7a6dc294",
        "JM Mennie": "f048bb41",
        "JW Wells": "8bdac857",
        "LA Doran": "f201593c",
        "MC Henriques": "32198ae0",
        "MH Wessels": "90f47cf2",
        "MJ Lumb": "11df3dc8",
        "MW Graham-Smith": "18aca3ce",
        "NJ Maddinson": "44afbf2d",
        "P Wilson": "68304a36",
        "RGL Carters": "f54c8804",
        "SA Abbott": "1a2676c5",
        "SJ Nogajski": "9b3f9323",
        "SR Bernard": "800187dc",
        "TD Paine": "5748e866",
        "XJ Doherty": "502b2c81"
      }
    },
    "season": "2014/15",
    "team_type": "club",
    "teams": [
      "Hobart Hurricanes",
      "Sydney Sixers"
    ],
    "toss": {
      "decision": "bat",
      "winner": "Hobart Hurricanes"
    },
    "venue": "Bellerive Oval"
  },
  "innings": [
    {
      "team": "Hobart Hurricanes",
      "overs": [
        {
          "over": 0,
          "deliveries": [
            {
              "batter": "BR Dunk",
              "bowler": "B Lee",
              "non_striker": "AD Hales",
              "runs": {
                "batter": 1,
                "extras": 0,
                "total": 1
              }
            },
            {
              "batter": "AD Hales",
              "bowler": "B Lee",
              "non_striker": "BR Dunk",
              "runs": {
                "batter": 0,
                "extras": 0,
                "total": 0
              }
            },
            {
              "batter": "AD Hales",
              "bowler": "B Lee",
              "non_striker": "BR Dunk",
              "runs": {
                "batter": 0,
                "extras": 0,
                "total": 0
              }
            },
            {
              "batter": "AD Hales",
              "bowler": "B Lee",
              "non_striker": "BR Dunk",
              "runs": {
                "batter": 1,
                "extras": 0,
                "total": 1
              }
            },
            {
              "batter": "BR Dunk",
              "bowler": "B Lee",
              "non_striker": "AD Hales",
              "runs": {
                "batter": 1,
                "extras": 0,
                "total": 1
              }
            },
            {
              "batter": "AD Hales",
              "bowler": "B Lee",
              "non_striker": "BR Dunk",
              "runs": {
                "batter": 0,
                "extras": 0,
                "total": 0
              },
              "wickets": [
                {
                  "kind": "caught",
                  "player_out": "AD Hales",
                  "fielders": [
                    {
                      "name": "RGL Carters"
                    }
                  ]
                }
              ]
            }
          ]
        },
        {
          "over": 1,
          "deliveries": [
            {
              "batter": "TD Paine",
              "bowler": "DE Bollinger",
              "non_striker": "BR Dunk",
              "runs": {
                "batter": 0,
                "extras": 0,
                "total": 0
              }
            },
            {
              "batter": "TD Paine",
              "bowler": "DE Bollinger",
              "non_striker": "BR Dunk",
              "runs": {
                "batter": 0,
                "extras": 0,
                "total": 0
              }
            },
            {
              "batter": "TD Paine",
              "bowler": "DE Bollinger",
              "non_striker": "BR Dunk",
              "runs": {
                "batter": 4,
                "extras": 0,
                "total": 4
              }
            },
            {
              "batter": "TD Paine",
              "bowler": "DE Bollinger",
              "non_striker": "BR Dunk",
              "runs": {
                "batter": 0,
                "extras": 0,
                "total": 0
              }
            },
            {
              "batter": "TD Paine",
              "bowler": "DE Bollinger",
              "non_striker": "BR Dunk",
              "runs": {
                "batter": 0,
                "extras": 0,
                "total": 0
              }
            },
            {
              "batter": "TD Paine",
              "bowler": "DE Bollinger",
              "non_striker": "BR Dunk",
              "runs": {
                "batter": 0,
                "extras": 0,
                "total": 0
              }
            }
          ]
        },
        {
          "over": 2,
          "deliveries": [
            {
              "batter": "BR Dunk",
              "bowler": "B Lee",
              "non_striker": "TD Paine",
              "runs": {
                "batter": 0,
                "extras": 0,
                "total": 0
              }
            },
            {
              "batter": "BR Dunk",
              "bowler": "B Lee",
              "non_striker": "TD Paine",
              "runs": {
                "batter": 2,
                "extras": 0,
                "total": 2
              }
            },
            {
              "batter": "BR Dunk",
              "bowler": "B Lee",
              "non_striker": "TD Paine",
              "runs": {
                "batter": 1,
                "extras": 0,
                "total": 1
              }
            },
            {
              "batter": "TD Paine",
              "bowler": "B Lee",
              "non_striker": "BR Dunk",
              "runs": {
                "batter": 3,
                "extras": 0,
                "total": 3
              }
            },
            {
              "batter": "BR Dunk",
              "bowler": "B Lee",
              "extras": {
                "legbyes": 1
              },
              "non_striker": "TD Paine",
              "runs": {
                "batter": 0,
                "extras": 1,
                "total": 1
              }
            },
            {
              "batter": "TD Paine",
              "bowler": "B Lee",
              "non_striker": "BR Dunk",
              "runs": {
                "batter": 4,
                "extras": 0,
                "total": 4
              }
            }
          ]
        },
        {
          "over": 3,
          "deliveries": [
            {
              "batter": "BR Dunk",
              "bowler": "SA Abbott",
              "non_striker": "TD Paine",
              "runs": {
                "batter": 1,
                "extras": 0,
                "total": 1
              }
            },
            {
              "batter": "TD Paine",
              "bowler": "SA Abbott",
              "non_striker": "BR Dunk",
              "runs": {
                "batter": 0,
                "extras": 0,
                "total": 0
              }
            },
            {
              "batter": "TD Paine",
              "bowler": "SA Abbott",
              "non_striker": "BR Dunk",
              "runs": {
                "batter": 2,
                "extras": 0,
                "total": 2
              }
            },
            {
              "batter": "TD Paine",
              "bowler": "SA Abbott",
              "non_striker": "BR Dunk",
              "runs": {
                "batter": 0,
                "extras": 0,
                "total": 0
              }
            },
            {
              "batter": "TD Paine",
              "bowler": "SA Abbott",
              "non_striker": "BR Dunk",
              "runs": {
                "batter": 0,
                "extras": 0,
                "total": 0
              }
            },
            {
              "batter": "TD Paine",
              "bowler": "SA Abbott",
              "non_striker": "BR Dunk",
              "runs": {
                "batter": 4,
                "extras": 0,
                "total": 4
              }
            }
          ]
        },
        {
          "over": 4,
          "deliveries": [
            {
              "batter": "BR Dunk",
              "bowler": "BJ Dwarshuis",
              "non_striker": "TD Paine",
              "runs": {
                "batter": 4,
                "extras": 0,
                "total": 4
              }
            },
            {
              "batter": "BR Dunk",
              "bowler": "BJ Dwarshuis",
              "non_striker": "TD Paine",
              "runs": {
                "batter": 4,
                "extras": 0,
                "total": 4
              }
            },
            {
              "batter": "BR Dunk",
              "bowler": "BJ Dwarshuis",
              "non_striker": "TD Paine",
              "runs": {
                "batter": 0,
                "extras": 0,
                "total": 0
              }
            },
            {
              "batter": "BR Dunk",
              "bowler": "BJ Dwarshuis",
              "non_striker": "TD Paine",
              "runs": {
                "batter": 4,
                "extras": 0,
                "total": 4
              }
            },
            {
              "batter": "BR Dunk",
              "bowler": "BJ Dwarshuis",
              "non_striker": "TD Paine",
              "runs": {
                "batter": 1,
                "extras": 0,
                "total": 1
              }
            },
            {
              "batter": "TD Paine",
              "bowler": "BJ Dwarshuis",
              "non_striker": "BR Dunk",
              "runs": {
                "batter": 4,
                "extras": 0,
                "total": 4
              }
            }
          ]
        },
        {
          "over": 5,
          "deliveries": [
            {
              "batter": "BR Dunk",
              "bowler": "SA Abbott",
              "non_striker": "TD Paine",
              "runs": {
                "batter": 0,
                "extras": 0,
                "total": 0
              }
            },
            {
              "batter": "BR Dunk",
              "bowler": "SA Abbott",
              "non_striker": "TD Paine",
              "runs": {
                "batter": 0,
                "extras": 0,
                "total": 0
              }
            },
            {
              "batter": "BR Dunk",
              "bowler": "SA Abbott",
              "non_striker": "TD Paine",
              "runs": {
                "batter": 1,
                "extras": 0,
                "total": 1
              }
            },
            {
              "batter": "TD Paine",
              "bowler": "SA Abbott",
              "non_striker": "BR Dunk",
              "runs": {
                "batter": 4,
                "extras": 0,
                "total": 4
              }
            },
            {
              "batter": "TD Paine",
              "bowler": "SA Abbott",
              "non_striker": "BR Dunk",
              "runs": {
                "batter": 1,
                "extras": 0,
                "total": 1
              }
            },
            {
              "batter": "BR Dunk",
              "bowler": "SA Abbott",
              "non_striker": "TD Paine",
              "runs": {
                "batter": 1,
                "extras": 0,
                "total": 1
              }
            }
          ]
        },
        {
          "over": 6,
          "deliveries": [
            {
              "batter": "BR Dunk",
              "bowler": "MC Henriques",
              "non_striker": "TD Paine",
              "runs": {
                "batter": 2,
                "extras": 0,
                "total": 2
              }
            },
            {
              "batter": "BR Dunk",
              "bowler": "MC Henriques",
              "non_striker": "TD Paine",
              "runs": {
                "batter": 0,
                "extras": 0,
                "total": 0
              },
              "wickets": [
                {
                  "kind": "caught",
                  "player_out": "BR Dunk",
                  "fielders": [
                    {
                      "name": "B Lee"
                    }
                  ]
                }
              ]
            },
            {
              "batter": "TD Paine",
              "bowler": "MC Henriques",
              "non_striker": "GJ Bailey",
              "runs": {
                "batter": 0,
                "extras": 0,
                "total": 0
              }
            },
            {
              "batter": "TD Paine",
              "bowler": "MC Henriques",
              "non_striker": "GJ Bailey",
              "runs": {
                "batter": 1,
                "extras": 0,
                "total": 1
              }
            },
            {
              "batter": "GJ Bailey",
              "bowler": "MC Henriques",
              "non_striker": "TD Paine",
              "runs": {
                "batter": 0,
                "extras": 0,
                "total": 0
              }
            },
            {
              "batter": "GJ Bailey",
              "bowler": "MC Henriques",
              "non_striker": "TD Paine",
              "runs": {
                "batter": 1,
                "extras": 0,
                "total": 1
              }
            }
          ]
        },
        {
          "over": 7,
          "deliveries": [
            {
              "batter": "GJ Bailey",
              "bowler": "DE Bollinger",
              "non_striker": "TD Paine",
              "runs": {
                "batter": 1,
                "extras": 0,
                "total": 1
              }
            },
            {
              "batter": "TD Paine",
              "bowler": "DE Bollinger",
              "non_striker": "GJ Bailey",
              "runs": {
                "batter": 1,
                "extras": 0,
                "total": 1
              }
            },
            {
              "batter": "GJ Bailey",
              "bowler": "DE Bollinger",
              "non_striker": "TD Paine",
              "runs": {
                "batter": 1,
                "extras": 0,
                "total": 1
              }
            },
            {
              "batter": "TD Paine",
              "bowler": "DE Bollinger",
              "non_striker": "GJ Bailey",
              "runs": {
                "batter": 0,
                "extras": 0,
                "total": 0
              }
            },
            {
              "batter": "TD Paine",
              "bowler": "DE Bollinger",
              "non_striker": "GJ Bailey",
              "runs": {
                "batter": 1,
                "extras": 0,
                "total": 1
              }
            },
            {
              "batter": "GJ Bailey",
              "bowler": "DE Bollinger",
              "non_striker": "TD Paine",
              "runs": {
                "batter": 1,
                "extras": 0,
                "total": 1
              }
            }
          ]
        },
        {
          "over": 8,
          "deliveries": [
            {
              "batter": "GJ Bailey",
              "bowler": "MC Henriques",
              "non_striker": "TD Paine",
              "runs": {
                "batter": 1,
                "extras": 0,
                "total": 1
              }
            },
            {
              "batter": "TD Paine",
              "bowler": "MC Henriques",
              "non_striker": "GJ Bailey",
              "runs": {
                "batter": 1,
                "extras": 0,
                "total": 1
              }
            },
            {
              "batter": "GJ Bailey",
              "bowler": "MC Henriques",
              "non_striker": "TD Paine",
              "runs": {
                "batter": 1,
                "extras": 0,
                "total": 1
              }
            },
            {
              "batter": "TD Paine",
              "bowler": "MC Henriques",
              "non_striker": "GJ Bailey",
              "runs": {
                "batter": 1,
                "extras": 0,
                "total": 1
              }
            },
            {
              "batter": "GJ Bailey",
              "bowler": "MC Henriques",
              "non_striker": "TD Paine",
              "runs": {
                "batter": 0,
                "extras": 0,
                "total": 0
              }
            },
            {
              "batter": "GJ Bailey",
              "bowler": "MC Henriques",
              "non_striker": "TD Paine",
              "runs": {
                "batter": 2,
                "extras": 0,
                "total": 2
              }
            }
          ]
        },
        {
          "over": 9,
          "deliveries": [
            {
              "batter": "TD Paine",
              "bowler": "DE Bollinger",
              "non_striker": "GJ Bailey",
              "runs": {
                "batter": 0,
                "extras": 0,
                "total": 0
              }
            },
            {
              "batter": "TD Paine",
              "bowler": "DE Bollinger",
              "non_striker": "GJ Bailey",
              "runs": {
                "batter": 4,
                "extras": 0,
                "total": 4
              }
            },
            {
              "batter": "TD Paine",
              "bowler": "DE Bollinger",
              "non_striker": "GJ Bailey",
              "runs": {
                "batter": 1,
                "extras": 0,
                "total": 1
              }
            },
            {
              "batter": "GJ Bailey",
              "bowler": "DE Bollinger",
              "extras": {
                "wides": 1
              },
              "non_striker": "TD Paine",
              "runs": {
                "batter": 0,
                "extras": 1,
                "total": 1
              }
            },
            {
              "batter": "GJ Bailey",
              "bowler": "DE Bollinger",
              "non_striker": "TD Paine",
              "runs": {
                "batter": 1,
                "extras": 0,
                "total": 1
              }
            },
            {
              "batter": "TD Paine",
              "bowler": "DE Bollinger",
              "non_striker": "GJ Bailey",
              "runs": {
                "batter": 0,
                "extras": 0,
                "total": 0
              },
              "wickets": [
                {
                  "kind": "caught",
                  "player_out": "TD Paine",
                  "fielders": [
                    {
                      "name": "RGL Carters"
                    }
                  ]
                }
              ]
            },
            {
              "batter": "JW Wells",
              "bowler": "DE Bollinger",
              "non_striker": "GJ Bailey",
              "runs": {
                "batter": 0,
                "extras": 0,
                "total": 0
              }
            }
          ]
        },
        {
          "over": 10,
          "deliveries": [
            {
              "batter": "GJ Bailey",
              "bowler": "MC Henriques",
              "non_striker": "JW Wells",
              "runs": {
                "batter": 1,
                "extras": 0,
                "total": 1
              }
            },
            {
              "batter": "JW Wells",
              "bowler": "MC Henriques",
              "non_striker": "GJ Bailey",
              "runs": {
                "batter": 0,
                "extras": 0,
                "total": 0
              }
            },
            {
              "batter": "JW Wells",
              "bowler": "MC Henriques",
              "non_striker": "GJ Bailey",
              "runs": {
                "batter": 1,
                "extras": 0,
                "total": 1
              }
            },
            {
              "batter": "GJ Bailey",
              "bowler": "MC Henriques",
              "non_striker": "JW Wells",
              "runs": {
                "batter": 1,
                "extras": 0,
                "total": 1
              }
            },
            {
              "batter": "JW Wells",
              "bowler": "MC Henriques",
              "non_striker": "GJ Bailey",
              "runs": {
                "batter": 1,
                "extras": 0,
                "total": 1
              }
            },
            {
              "batter": "GJ Bailey",
              "bowler": "MC Henriques",
              "non_striker": "JW Wells",
              "runs": {
                "batter": 1,
                "extras": 0,
                "total": 1
              }
            }
          ]
        },
        {
          "over": 11,
          "deliveries": [
            {
              "batter": "GJ Bailey",
              "bowler": "BJ Dwarshuis",
              "non_striker": "JW Wells",
              "runs": {
                "batter": 0,
                "extras": 0,
                "total": 0
              }
            },
            {
              "batter": "GJ Bailey",
              "bowler": "BJ Dwarshuis",
              "non_striker": "JW Wells",
              "runs": {
                "batter": 4,
                "extras": 0,
                "total": 4
              }
            },
            {
              "batter": "GJ Bailey",
              "bowler": "BJ Dwarshuis",
              "non_striker": "JW Wells",
              "runs": {
                "batter": 0,
                "extras": 0,
                "total": 0
              }
            },
            {
              "batter": "GJ Bailey",
              "bowler": "BJ Dwarshuis",
              "non_striker": "JW Wells",
              "runs": {
                "batter": 4,
                "extras": 0,
                "total": 4
              }
            },
            {
              "batter": "GJ Bailey",
              "bowler": "BJ Dwarshuis",
              "non_striker": "JW Wells",
              "runs": {
                "batter": 1,
                "extras": 0,
                "total": 1
              }
            },
            {
              "batter": "JW Wells",
              "bowler": "BJ Dwarshuis",
              "non_striker": "GJ Bailey",
              "runs": {
                "batter": 0,
                "extras": 0,
                "total": 0
              }
            }
          ]
        },
        {
          "over": 12,
          "deliveries": [
            {
              "batter": "GJ Bailey",
              "bowler": "LA Doran",
              "non_striker": "JW Wells",
              "runs": {
                "batter": 1,
                "extras": 0,
                "total": 1
              }
            },
            {
              "batter": "JW Wells",
              "bowler": "LA Doran",
              "non_striker": "GJ Bailey",
              "runs": {
                "batter": 1,
                "extras": 0,
                "total": 1
              }
            },
            {
              "batter": "GJ Bailey",
              "bowler": "LA Doran",
              "non_striker": "JW Wells",
              "runs": {
                "batter": 6,
                "extras": 0,
                "total": 6
              }
            },
            {
              "batter": "GJ Bailey",
              "bowler": "LA Doran",
              "non_striker": "JW Wells",
              "runs": {
                "batter": 6,
                "extras": 0,
                "total": 6
              }
            },
            {
              "batter": "GJ Bailey",
              "bowler": "LA Doran",
              "non_striker": "JW Wells",
              "runs": {
                "batter": 1,
                "extras": 0,
                "total": 1
              }
            },
            {
              "batter": "JW Wells",
              "bowler": "LA Doran",
              "non_striker": "GJ Bailey",
              "runs": {
                "batter": 0,
                "extras": 0,
                "total": 0
              },
              "wickets": [
                {
                  "kind": "bowled",
                  "player_out": "JW Wells"
                }
              ]
            }
          ]
        },
        {
          "over": 13,
          "deliveries": [
            {
              "batter": "GJ Bailey",
              "bowler": "SA Abbott",
              "non_striker": "DJG Sammy",
              "runs": {
                "batter": 0,
                "extras": 0,
                "total": 0
              }
            },
            {
              "batter": "GJ Bailey",
              "bowler": "SA Abbott",
              "non_striker": "DJG Sammy",
              "runs": {
                "batter": 0,
                "extras": 0,
                "total": 0
              }
            },
            {
              "batter": "GJ Bailey",
              "bowler": "SA Abbott",
              "non_striker": "DJG Sammy",
              "runs": {
                "batter": 0,
                "extras": 0,
                "total": 0
              }
            },
            {
              "batter": "GJ Bailey",
              "bowler": "SA Abbott",
              "non_striker": "DJG Sammy",
              "runs": {
                "batter": 1,
                "extras": 0,
                "total": 1
              }
            },
            {
              "batter": "DJG Sammy",
              "bowler": "SA Abbott",
              "non_striker": "GJ Bailey",
              "runs": {
                "batter": 1,
                "extras": 0,
                "total": 1
              }
            },
            {
              "batter": "GJ Bailey",
              "bowler": "SA Abbott",
              "non_striker": "DJG Sammy",
              "runs": {
                "batter": 0,
                "extras": 0,
                "total": 0
              }
            }
          ]
        },
        {
          "over": 14,
          "deliveries": [
            {
              "batter": "DJG Sammy",
              "bowler": "MC Henriques",
              "non_striker": "GJ Bailey",
              "runs": {
                "batter": 1,
                "extras": 0,
                "total": 1
              }
            },
            {
              "batter": "GJ Bailey",
              "bowler": "MC Henriques",
              "non_striker": "DJG Sammy",
              "runs": {
                "batter": 1,
                "extras": 0,
                "total": 1
              }
            },
            {
              "batter": "DJG Sammy",
              "bowler": "MC Henriques",
              "non_striker": "GJ Bailey",
              "runs": {
                "batter": 0,
                "extras": 0,
                "total": 0
              },
              "wickets": [
                {
                  "kind": "caught",
                  "player_out": "DJG Sammy",
                  "fielders": [
                    {
                      "name": "NJ Maddinson"
                    }
                  ]
                }
              ]
            },
            {
              "batter": "GJ Bailey",
              "bowler": "MC Henriques",
              "extras": {
                "wides": 1
              },
              "non_striker": "EP Gulbis",
              "runs": {
                "batter": 0,
                "extras": 1,
                "total": 1
              }
            },
            {
              "batter": "GJ Bailey",
              "bowler": "MC Henriques",
              "non_striker": "EP Gulbis",
              "runs": {
                "batter": 2,
                "extras": 0,
                "total": 2
              }
            },
            {
              "batter": "GJ Bailey",
              "bowler": "MC Henriques",
              "non_striker": "EP Gulbis",
              "runs": {
                "batter": 2,
                "extras": 0,
                "total": 2
              }
            },
            {
              "batter": "GJ Bailey",
              "bowler": "MC Henriques",
              "non_striker": "EP Gulbis",
              "runs": {
                "batter": 0,
                "extras": 0,
                "total": 0
              }
            }
          ]
        },
        {
          "over": 15,
          "deliveries": [
            {
              "batter": "EP Gulbis",
              "bowler": "SA Abbott",
              "non_striker": "GJ Bailey",
              "runs": {
                "batter": 1,
                "extras": 0,
                "total": 1
              }
            },
            {
              "batter": "GJ Bailey",
              "bowler": "SA Abbott",
              "non_striker": "EP Gulbis",
              "runs": {
                "batter": 4,
                "extras": 0,
                "total": 4
              }
            },
            {
              "batter": "GJ Bailey",
              "bowler": "SA Abbott",
              "non_striker": "EP Gulbis",
              "runs": {
                "batter": 4,
                "extras": 0,
                "total": 4
              }
            },
            {
              "batter": "GJ Bailey",
              "bowler": "SA Abbott",
              "non_striker": "EP Gulbis",
              "runs": {
                "batter": 2,
                "extras": 0,
                "total": 2
              }
            },
            {
              "batter": "GJ Bailey",
              "bowler": "SA Abbott",
              "non_striker": "EP Gulbis",
              "runs": {
                "batter": 1,
                "extras": 0,
                "total": 1
              }
            },
            {
              "batter": "EP Gulbis",
              "bowler": "SA Abbott",
              "non_striker": "GJ Bailey",
              "runs": {
                "batter": 1,
                "extras": 0,
                "total": 1
              }
            }
          ]
        },
        {
          "over": 16,
          "deliveries": [
            {
              "batter": "EP Gulbis",
              "bowler": "B Lee",
              "non_striker": "GJ Bailey",
              "runs": {
                "batter": 0,
                "extras": 0,
                "total": 0
              }
            },
            {
              "batter": "EP Gulbis",
              "bowler": "B Lee",
              "non_striker": "GJ Bailey",
              "runs": {
                "batter": 1,
                "extras": 0,
                "total": 1
              }
            },
            {
              "batter": "GJ Bailey",
              "bowler": "B Lee",
              "non_striker": "EP Gulbis",
              "runs": {
                "batter": 4,
                "extras": 0,
                "total": 4
              }
            },
            {
              "batter": "GJ Bailey",
              "bowler": "B Lee",
              "non_striker": "EP Gulbis",
              "runs": {
                "batter": 0,
                "extras": 0,
                "total": 0
              }
            },
            {
              "batter": "GJ Bailey",
              "bowler": "B Lee",
              "non_striker": "EP Gulbis",
              "runs": {
                "batter": 2,
                "extras": 0,
                "total": 2
              }
            },
            {
              "batter": "GJ Bailey",
              "bowler": "B Lee",
              "non_striker": "EP Gulbis",
              "runs": {
                "batter": 4,
                "extras": 0,
                "total": 4
              }
            }
          ]
        },
        {
          "over": 17,
          "deliveries": [
            {
              "batter": "EP Gulbis",
              "bowler": "DE Bollinger",
              "non_striker": "GJ Bailey",
              "runs": {
                "batter": 2,
                "extras": 0,
                "total": 2
              }
            },
            {
              "batter": "EP Gulbis",
              "bowler": "DE Bollinger",
              "non_striker": "GJ Bailey",
              "runs": {
                "batter": 6,
                "extras": 0,
                "total": 6
              }
            },
            {
              "batter": "EP Gulbis",
              "bowler": "DE Bollinger",
              "non_striker": "GJ Bailey",
              "runs": {
                "batter": 1,
                "extras": 0,
                "total": 1
              }
            },
            {
              "batter": "GJ Bailey",
              "bowler": "DE Bollinger",
              "non_striker": "EP Gulbis",
              "runs": {
                "batter": 1,
                "extras": 0,
                "total": 1
              }
            },
            {
              "batter": "EP Gulbis",
              "bowler": "DE Bollinger",
              "non_striker": "GJ Bailey",
              "runs": {
                "batter": 1,
                "extras": 0,
                "total": 1
              }
            },
            {
              "batter": "GJ Bailey",
              "bowler": "DE Bollinger",
              "non_striker": "EP Gulbis",
              "runs": {
                "batter": 0,
                "extras": 0,
                "total": 0
              }
            }
          ]
        },
        {
          "over": 18,
          "deliveries": [
            {
              "batter": "EP Gulbis",
              "bowler": "B Lee",
              "non_striker": "GJ Bailey",
              "runs": {
                "batter": 1,
                "extras": 0,
                "total": 1
              }
            },
            {
              "batter": "GJ Bailey",
              "bowler": "B Lee",
              "non_striker": "EP Gulbis",
              "runs": {
                "batter": 2,
                "extras": 0,
                "total": 2
              }
            },
            {
              "batter": "GJ Bailey",
              "bowler": "B Lee",
              "non_striker": "EP Gulbis",
              "runs": {
                "batter": 6,
                "extras": 0,
                "total": 6
              }
            },
            {
              "batter": "GJ Bailey",
              "bowler": "B Lee",
              "non_striker": "EP Gulbis",
              "runs": {
                "batter": 0,
                "extras": 0,
                "total": 0
              },
              "wickets": [
                {
                  "kind": "caught",
                  "player_out": "GJ Bailey",
                  "fielders": [
                    {
                      "name": "JC Silk"
                    }
                  ]
                }
              ]
            },
            {
              "batter": "EP Gulbis",
              "bowler": "B Lee",
              "non_striker": "JM Mennie",
              "runs": {
                "batter": 1,
                "extras": 0,
                "total": 1
              },
              "wickets": [
                {
                  "kind": "run out",
                  "player_out": "JM Mennie",
                  "fielders": [
                    {
                      "name": "JC Silk"
                    }
                  ]
                }
              ]
            },
            {
              "batter": "EP Gulbis",
              "bowler": "B Lee",
              "non_striker": "BW Hilfenhaus",
              "runs": {
                "batter": 0,
                "extras": 0,
                "total": 0
              },
              "wickets": [
                {
                  "kind": "caught",
                  "player_out": "EP Gulbis",
                  "fielders": [
                    {
                      "name": "BJ Dwarshuis"
                    }
                  ]
                }
              ]
            }
          ]
        }
      ],
      "powerplays": [
        {
          "from": 0.1,
          "to": 5.6,
          "type": "mandatory"
        }
      ]
    },
    {
      "team": "Sydney Sixers",
      "overs": [
        {
          "over": 0,
          "deliveries": [
            {
              "batter": "MJ Lumb",
              "bowler": "BW Hilfenhaus",
              "non_striker": "NJ Maddinson",
              "runs": {
                "batter": 1,
                "extras": 0,
                "total": 1
              }
            },
            {
              "batter": "NJ Maddinson",
              "bowler": "BW Hilfenhaus",
              "non_striker": "MJ Lumb",
              "runs": {
                "batter": 0,
                "extras": 0,
                "total": 0
              }
            },
            {
              "batter": "NJ Maddinson",
              "bowler": "BW Hilfenhaus",
              "non_striker": "MJ Lumb",
              "runs": {
                "batter": 4,
                "extras": 0,
                "total": 4
              }
            },
            {
              "batter": "NJ Maddinson",
              "bowler": "BW Hilfenhaus",
              "non_striker": "MJ Lumb",
              "runs": {
                "batter": 4,
                "extras": 0,
                "total": 4
              }
            },
            {
              "batter": "NJ Maddinson",
              "bowler": "BW Hilfenhaus",
              "non_striker": "MJ Lumb",
              "runs": {
                "batter": 4,
                "extras": 0,
                "total": 4
              }
            },
            {
              "batter": "NJ Maddinson",
              "bowler": "BW Hilfenhaus",
              "non_striker": "MJ Lumb",
              "runs": {
                "batter": 1,
                "extras": 0,
                "total": 1
              }
            }
          ]
        },
        {
          "over": 1,
          "deliveries": [
            {
              "batter": "NJ Maddinson",
              "bowler": "JM Mennie",
              "non_striker": "MJ Lumb",
              "runs": {
                "batter": 4,
                "extras": 0,
                "total": 4
              }
            },
            {
              "batter": "NJ Maddinson",
              "bowler": "JM Mennie",
              "non_striker": "MJ Lumb",
              "runs": {
                "batter": 0,
                "extras": 0,
                "total": 0
              }
            },
            {
              "batter": "NJ Maddinson",
              "bowler": "JM Mennie",
              "non_striker": "MJ Lumb",
              "runs": {
                "batter": 6,
                "extras": 0,
                "total": 6
              }
            },
            {
              "batter": "NJ Maddinson",
              "bowler": "JM Mennie",
              "non_striker": "MJ Lumb",
              "runs": {
                "batter": 0,
                "extras": 0,
                "total": 0
              }
            },
            {
              "batter": "NJ Maddinson",
              "bowler": "JM Mennie",
              "non_striker": "MJ Lumb",
              "runs": {
                "batter": 2,
                "extras": 0,
                "total": 2
              }
            },
            {
              "batter": "NJ Maddinson",
              "bowler": "JM Mennie",
              "non_striker": "MJ Lumb",
              "runs": {
                "batter": 4,
                "extras": 0,
                "total": 4
              }
            }
          ]
        },
        {
          "over": 2,
          "deliveries": [
            {
              "batter": "MJ Lumb",
              "bowler": "XJ Doherty",
              "non_striker": "NJ Maddinson",
              "runs": {
                "batter": 0,
                "extras": 0,
                "total": 0
              }
            },
            {
              "batter": "MJ Lumb",
              "bowler": "XJ Doherty",
              "non_striker": "NJ Maddinson",
              "runs": {
                "batter": 1,
                "extras": 0,
                "total": 1
              }
            },
            {
              "batter": "NJ Maddinson",
              "bowler": "XJ Doherty",
              "non_striker": "MJ Lumb",
              "runs": {
                "batter": 0,
                "extras": 0,
                "total": 0
              },
              "wickets": [
                {
                  "kind": "caught",
                  "player_out": "NJ Maddinson",
                  "fielders": [
                    {
                      "name": "BR Dunk"
                    }
                  ]
                }
              ]
            },
            {
              "batter": "MJ Lumb",
              "bowler": "XJ Doherty",
              "non_striker": "MH Wessels",
              "runs": {
                "batter": 1,
                "extras": 0,
                "total": 1
              }
            },
            {
              "batter": "MH Wessels",
              "bowler": "XJ Doherty",
              "non_striker": "MJ Lumb",
              "runs": {
                "batter": 1,
                "extras": 0,
                "total": 1
              }
            },
            {
              "batter": "MJ Lumb",
              "bowler": "XJ Doherty",
              "non_striker": "MH Wessels",
              "runs": {
                "batter": 1,
                "extras": 0,
                "total": 1
              }
            }
          ]
        },
        {
          "over": 3,
          "deliveries": [
            {
              "batter": "MJ Lumb",
              "bowler": "JM Mennie",
              "non_striker": "MH Wessels",
              "runs": {
                "batter": 0,
                "extras": 0,
                "total": 0
              }
            },
            {
              "batter": "MJ Lumb",
              "bowler": "JM Mennie",
              "non_striker": "MH Wessels",
              "runs": {
                "batter": 1,
                "extras": 0,
                "total": 1
              }
            },
            {
              "batter": "MH Wessels",
              "bowler": "JM Mennie",
              "non_striker": "MJ Lumb",
              "runs": {
                "batter": 0,
                "extras": 0,
                "total": 0
              }
            },
            {
              "batter": "MH Wessels",
              "bowler": "JM Mennie",
              "non_striker": "MJ Lumb",
              "runs": {
                "batter": 0,
                "extras": 0,
                "total": 0
              }
            },
            {
              "batter": "MH Wessels",
              "bowler": "JM Mennie",
              "non_striker": "MJ Lumb",
              "runs": {
                "batter": 1,
                "extras": 0,
                "total": 1
              }
            },
            {
              "batter": "MJ Lumb",
              "bowler": "JM Mennie",
              "extras": {
                "legbyes": 1
              },
              "non_striker": "MH Wessels",
              "runs": {
                "batter": 0,
                "extras": 1,
                "total": 1
              }
            }
          ]
        },
        {
          "over": 4,
          "deliveries": [
            {
              "batter": "MJ Lumb",
              "bowler": "XJ Doherty",
              "non_striker": "MH Wessels",
              "runs": {
                "batter": 2,
                "extras": 0,
                "total": 2
              }
            },
            {
              "batter": "MJ Lumb",
              "bowler": "XJ Doherty",
              "non_striker": "MH Wessels",
              "runs": {
                "batter": 0,
                "extras": 0,
                "total": 0
              }
            },
            {
              "batter": "MJ Lumb",
              "bowler": "XJ Doherty",
              "non_striker": "MH Wessels",
              "runs": {
                "batter": 4,
                "extras": 0,
                "total": 4
              }
            },
            {
              "batter": "MJ Lumb",
              "bowler": "XJ Doherty",
              "non_striker": "MH Wessels",
              "runs": {
                "batter": 4,
                "extras": 0,
                "total": 4
              }
            },
            {
              "batter": "MJ Lumb",
              "bowler": "XJ Doherty",
              "non_striker": "MH Wessels",
              "runs": {
                "batter": 0,
                "extras": 0,
                "total": 0
              }
            },
            {
              "batter": "MJ Lumb",
              "bowler": "XJ Doherty",
              "non_striker": "MH Wessels",
              "runs": {
                "batter": 6,
                "extras": 0,
                "total": 6
              }
            }
          ]
        },
        {
          "over": 5,
          "deliveries": [
            {
              "batter": "MH Wessels",
              "bowler": "BW Hilfenhaus",
              "non_striker": "MJ Lumb",
              "runs": {
                "batter": 1,
                "extras": 0,
                "total": 1
              }
            },
            {
              "batter": "MJ Lumb",
              "bowler": "BW Hilfenhaus",
              "non_striker": "MH Wessels",
              "runs": {
                "batter": 1,
                "extras": 0,
                "total": 1
              }
            },
            {
              "batter": "MH Wessels",
              "bowler": "BW Hilfenhaus",
              "non_striker": "MJ Lumb",
              "runs": {
                "batter": 1,
                "extras": 0,
                "total": 1
              }
            },
            {
              "batter": "MJ Lumb",
              "bowler": "BW Hilfenhaus",
              "non_striker": "MH Wessels",
              "runs": {
                "batter": 0,
                "extras": 0,
                "total": 0
              }
            },
            {
              "batter": "MJ Lumb",
              "bowler": "BW Hilfenhaus",
              "non_striker": "MH Wessels",
              "runs": {
                "batter": 1,
                "extras": 0,
                "total": 1
              }
            },
            {
              "batter": "MH Wessels",
              "bowler": "BW Hilfenhaus",
              "non_striker": "MJ Lumb",
              "runs": {
                "batter": 4,
                "extras": 0,
                "total": 4
              }
            }
          ]
        },
        {
          "over": 6,
          "deliveries": [
            {
              "batter": "MJ Lumb",
              "bowler": "CJ Boyce",
              "non_striker": "MH Wessels",
              "runs": {
                "batter": 1,
                "extras": 0,
                "total": 1
              }
            },
            {
              "batter": "MH Wessels",
              "bowler": "CJ Boyce",
              "non_striker": "MJ Lumb",
              "runs": {
                "batter": 0,
                "extras": 0,
                "total": 0
              }
            },
            {
              "batter": "MH Wessels",
              "bowler": "CJ Boyce",
              "non_striker": "MJ Lumb",
              "runs": {
                "batter": 1,
                "extras": 0,
                "total": 1
              }
            },
            {
              "batter": "MJ Lumb",
              "bowler": "CJ Boyce",
              "non_striker": "MH Wessels",
              "runs": {
                "batter": 1,
                "extras": 0,
                "total": 1
              }
            },
            {
              "batter": "MH Wessels",
              "bowler": "CJ Boyce",
              "non_striker": "MJ Lumb",
              "runs": {
                "batter": 2,
                "extras": 0,
                "total": 2
              }
            },
            {
              "batter": "MH Wessels",
              "bowler": "CJ Boyce",
              "non_striker": "MJ Lumb",
              "runs": {
                "batter": 1,
                "extras": 0,
                "total": 1
              }
            }
          ]
        },
        {
          "over": 7,
          "deliveries": [
            {
              "batter": "MH Wessels",
              "bowler": "DJG Sammy",
              "non_striker": "MJ Lumb",
              "runs": {
                "batter": 1,
                "extras": 0,
                "total": 1
              }
            },
            {
              "batter": "MJ Lumb",
              "bowler": "DJG Sammy",
              "non_striker": "MH Wessels",
              "runs": {
                "batter": 4,
                "extras": 0,
                "total": 4
              }
            },
            {
              "batter": "MJ Lumb",
              "bowler": "DJG Sammy",
              "non_striker": "MH Wessels",
              "runs": {
                "batter": 1,
                "extras": 0,
                "total": 1
              }
            },
            {
              "batter": "MH Wessels",
              "bowler": "DJG Sammy",
              "non_striker": "MJ Lumb",
              "runs": {
                "batter": 1,
                "extras": 0,
                "total": 1
              }
            },
            {
              "batter": "MJ Lumb",
              "bowler": "DJG Sammy",
              "non_striker": "MH Wessels",
              "runs": {
                "batter": 1,
                "extras": 0,
                "total": 1
              }
            },
            {
              "batter": "MH Wessels",
              "bowler": "DJG Sammy",
              "non_striker": "MJ Lumb",
              "runs": {
                "batter": 4,
                "extras": 0,
                "total": 4
              }
            }
          ]
        },
        {
          "over": 8,
          "deliveries": [
            {
              "batter": "MJ Lumb",
              "bowler": "CJ Boyce",
              "non_striker": "MH Wessels",
              "runs": {
                "batter": 1,
                "extras": 0,
                "total": 1
              }
            },
            {
              "batter": "MH Wessels",
              "bowler": "CJ Boyce",
              "non_striker": "MJ Lumb",
              "runs": {
                "batter": 1,
                "extras": 0,
                "total": 1
              }
            },
            {
              "batter": "MJ Lumb",
              "bowler": "CJ Boyce",
              "non_striker": "MH Wessels",
              "runs": {
                "batter": 1,
                "extras": 0,
                "total": 1
              }
            },
            {
              "batter": "MH Wessels",
              "bowler": "CJ Boyce",
              "non_striker": "MJ Lumb",
              "runs": {
                "batter": 1,
                "extras": 0,
                "total": 1
              }
            },
            {
              "batter": "MJ Lumb",
              "bowler": "CJ Boyce",
              "non_striker": "MH Wessels",
              "runs": {
                "batter": 2,
                "extras": 0,
                "total": 2
              }
            },
            {
              "batter": "MJ Lumb",
              "bowler": "CJ Boyce",
              "extras": {
                "byes": 1
              },
              "non_striker": "MH Wessels",
              "runs": {
                "batter": 0,
                "extras": 1,
                "total": 1
              }
            }
          ]
        },
        {
          "over": 9,
          "deliveries": [
            {
              "batter": "MJ Lumb",
              "bowler": "JM Mennie",
              "non_striker": "MH Wessels",
              "runs": {
                "batter": 6,
                "extras": 0,
                "total": 6
              }
            },
            {
              "batter": "MJ Lumb",
              "bowler": "JM Mennie",
              "non_striker": "MH Wessels",
              "runs": {
                "batter": 1,
                "extras": 0,
                "total": 1
              }
            },
            {
              "batter": "MH Wessels",
              "bowler": "JM Mennie",
              "non_striker": "MJ Lumb",
              "runs": {
                "batter": 2,
                "extras": 0,
                "total": 2
              }
            },
            {
              "batter": "MH Wessels",
              "bowler": "JM Mennie",
              "non_striker": "MJ Lumb",
              "runs": {
                "batter": 0,
                "extras": 0,
                "total": 0
              },
              "wickets": [
                {
                  "kind": "caught",
                  "player_out": "MH Wessels",
                  "fielders": [
                    {
                      "name": "BR Dunk"
                    }
                  ]
                }
              ]
            },
            {
              "batter": "MJ Lumb",
              "bowler": "JM Mennie",
              "non_striker": "MC Henriques",
              "runs": {
                "batter": 1,
                "extras": 0,
                "total": 1
              }
            },
            {
              "batter": "MC Henriques",
              "bowler": "JM Mennie",
              "non_striker": "MJ Lumb",
              "runs": {
                "batter": 0,
                "extras": 0,
                "total": 0
              }
            }
          ]
        },
        {
          "over": 10,
          "deliveries": [
            {
              "batter": "MJ Lumb",
              "bowler": "CJ Boyce",
              "non_striker": "MC Henriques",
              "runs": {
                "batter": 1,
                "extras": 0,
                "total": 1
              }
            },
            {
              "batter": "MC Henriques",
              "bowler": "CJ Boyce",
              "non_striker": "MJ Lumb",
              "runs": {
                "batter": 0,
                "extras": 0,
                "total": 0
              }
            },
            {
              "batter": "MC Henriques",
              "bowler": "CJ Boyce",
              "non_striker": "MJ Lumb",
              "runs": {
                "batter": 1,
                "extras": 0,
                "total": 1
              }
            },
            {
              "batter": "MJ Lumb",
              "bowler": "CJ Boyce",
              "non_striker": "MC Henriques",
              "runs": {
                "batter": 0,
                "extras": 0,
                "total": 0
              },
              "wickets": [
                {
                  "kind": "caught",
                  "player_out": "MJ Lumb",
                  "fielders": [
                    {
                      "name": "EP Gulbis"
                    }
                  ]
                }
              ]
            },
            {
              "batter": "MC Henriques",
              "bowler": "CJ Boyce",
              "non_striker": "JC Silk",
              "runs": {
                "batter": 1,
                "extras": 0,
                "total": 1
              }
            },
            {
              "batter": "JC Silk",
              "bowler": "CJ Boyce",
              "non_striker": "MC Henriques",
              "runs": {
                "batter": 1,
                "extras": 0,
                "total": 1
              }
            }
          ]
        },
        {
          "over": 11,
          "deliveries": [
            {
              "batter": "JC Silk",
              "bowler": "XJ Doherty",
              "non_striker": "MC Henriques",
              "runs": {
                "batter": 1,
                "extras": 0,
                "total": 1
              }
            },
            {
              "batter": "MC Henriques",
              "bowler": "XJ Doherty",
              "non_striker": "JC Silk",
              "runs": {
                "batter": 1,
                "extras": 0,
                "total": 1
              }
            },
            {
              "batter": "JC Silk",
              "bowler": "XJ Doherty",
              "non_striker": "MC Henriques",
              "runs": {
                "batter": 1,
                "extras": 0,
                "total": 1
              }
            },
            {
              "batter": "MC Henriques",
              "bowler": "XJ Doherty",
              "non_striker": "JC Silk",
              "runs": {
                "batter": 1,
                "extras": 0,
                "total": 1
              }
            },
            {
              "batter": "JC Silk",
              "bowler": "XJ Doherty",
              "non_striker": "MC Henriques",
              "runs": {
                "batter": 2,
                "extras": 0,
                "total": 2
              }
            },
            {
              "batter": "JC Silk",
              "bowler": "XJ Doherty",
              "non_striker": "MC Henriques",
              "runs": {
                "batter": 0,
                "extras": 0,
                "total": 0
              }
            }
          ]
        },
        {
          "over": 12,
          "deliveries": [
            {
              "batter": "MC Henriques",
              "bowler": "BW Hilfenhaus",
              "non_striker": "JC Silk",
              "runs": {
                "batter": 0,
                "extras": 0,
                "total": 0
              }
            },
            {
              "batter": "MC Henriques",
              "bowler": "BW Hilfenhaus",
              "extras": {
                "legbyes": 1
              },
              "non_striker": "JC Silk",
              "runs": {
                "batter": 0,
                "extras": 1,
                "total": 1
              }
            },
            {
              "batter": "JC Silk",
              "bowler": "BW Hilfenhaus",
              "non_striker": "MC Henriques",
              "runs": {
                "batter": 1,
                "extras": 0,
                "total": 1
              }
            },
            {
              "batter": "MC Henriques",
              "bowler": "BW Hilfenhaus",
              "non_striker": "JC Silk",
              "runs": {
                "batter": 1,
                "extras": 0,
                "total": 1
              }
            },
            {
              "batter": "JC Silk",
              "bowler": "BW Hilfenhaus",
              "non_striker": "MC Henriques",
              "runs": {
                "batter": 2,
                "extras": 0,
                "total": 2
              }
            },
            {
              "batter": "JC Silk",
              "bowler": "BW Hilfenhaus",
              "non_striker": "MC Henriques",
              "runs": {
                "batter": 2,
                "extras": 0,
                "total": 2
              }
            }
          ]
        },
        {
          "over": 13,
          "deliveries": [
            {
              "batter": "MC Henriques",
              "bowler": "XJ Doherty",
              "non_striker": "JC Silk",
              "runs": {
                "batter": 1,
                "extras": 0,
                "total": 1
              }
            },
            {
              "batter": "JC Silk",
              "bowler": "XJ Doherty",
              "non_striker": "MC Henriques",
              "runs": {
                "batter": 0,
                "extras": 0,
                "total": 0
              }
            },
            {
              "batter": "JC Silk",
              "bowler": "XJ Doherty",
              "non_striker": "MC Henriques",
              "runs": {
                "batter": 2,
                "extras": 0,
                "total": 2
              }
            },
            {
              "batter": "JC Silk",
              "bowler": "XJ Doherty",
              "non_striker": "MC Henriques",
              "runs": {
                "batter": 1,
                "extras": 0,
                "total": 1
              }
            },
            {
              "batter": "MC Henriques",
              "bowler": "XJ Doherty",
              "non_striker": "JC Silk",
              "runs": {
                "batter": 1,
                "extras": 0,
                "total": 1
              }
            },
            {
              "batter": "JC Silk",
              "bowler": "XJ Doherty",
              "non_striker": "MC Henriques",
              "runs": {
                "batter": 1,
                "extras": 0,
                "total": 1
              }
            }
          ]
        },
        {
          "over": 14,
          "deliveries": [
            {
              "batter": "JC Silk",
              "bowler": "CJ Boyce",
              "non_striker": "MC Henriques",
              "runs": {
                "batter": 1,
                "extras": 0,
                "total": 1
              }
            },
            {
              "batter": "MC Henriques",
              "bowler": "CJ Boyce",
              "non_striker": "JC Silk",
              "runs": {
                "batter": 2,
                "extras": 0,
                "total": 2
              }
            },
            {
              "batter": "MC Henriques",
              "bowler": "CJ Boyce",
              "non_striker": "JC Silk",
              "runs": {
                "batter": 2,
                "extras": 0,
                "total": 2
              }
            },
            {
              "batter": "MC Henriques",
              "bowler": "CJ Boyce",
              "non_striker": "JC Silk",
              "runs": {
                "batter": 2,
                "extras": 0,
                "total": 2
              }
            },
            {
              "batter": "MC Henriques",
              "bowler": "CJ Boyce",
              "non_striker": "JC Silk",
              "runs": {
                "batter": 1,
                "extras": 0,
                "total": 1
              }
            },
            {
              "batter": "JC Silk",
              "bowler": "CJ Boyce",
              "non_striker": "MC Henriques",
              "runs": {
                "batter": 0,
                "extras": 0,
                "total": 0
              }
            }
          ]
        },
        {
          "over": 15,
          "deliveries": [
            {
              "batter": "MC Henriques",
              "bowler": "JM Mennie",
              "non_striker": "JC Silk",
              "runs": {
                "batter": 0,
                "extras": 0,
                "total": 0
              }
            },
            {
              "batter": "MC Henriques",
              "bowler": "JM Mennie",
              "non_striker": "JC Silk",
              "runs": {
                "batter": 0,
                "extras": 0,
                "total": 0
              }
            },
            {
              "batter": "MC Henriques",
              "bowler": "JM Mennie",
              "non_striker": "JC Silk",
              "runs": {
                "batter": 1,
                "extras": 0,
                "total": 1
              }
            },
            {
              "batter": "JC Silk",
              "bowler": "JM Mennie",
              "non_striker": "MC Henriques",
              "runs": {
                "batter": 4,
                "extras": 0,
                "total": 4
              }
            },
            {
              "batter": "JC Silk",
              "bowler": "JM Mennie",
              "non_striker": "MC Henriques",
              "runs": {
                "batter": 1,
                "extras": 0,
                "total": 1
              }
            },
            {
              "batter": "MC Henriques",
              "bowler": "JM Mennie",
              "non_striker": "JC Silk",
              "runs": {
                "batter": 1,
                "extras": 0,
                "total": 1
              }
            }
          ]
        },
        {
          "over": 16,
          "deliveries": [
            {
              "batter": "MC Henriques",
              "bowler": "BW Hilfenhaus",
              "non_striker": "JC Silk",
              "runs": {
                "batter": 6,
                "extras": 0,
                "total": 6
              }
            },
            {
              "batter": "MC Henriques",
              "bowler": "BW Hilfenhaus",
              "non_striker": "JC Silk",
              "runs": {
                "batter": 0,
                "extras": 0,
                "total": 0
              }
            },
            {
              "batter": "MC Henriques",
              "bowler": "BW Hilfenhaus",
              "non_striker": "JC Silk",
              "runs": {
                "batter": 1,
                "extras": 0,
                "total": 1
              }
            },
            {
              "batter": "JC Silk",
              "bowler": "BW Hilfenhaus",
              "non_striker": "MC Henriques",
              "runs": {
                "batter": 4,
                "extras": 0,
                "total": 4
              }
            },
            {
              "batter": "JC Silk",
              "bowler": "BW Hilfenhaus",
              "non_striker": "MC Henriques",
              "runs": {
                "batter": 0,
                "extras": 0,
                "total": 0
              }
            },
            {
              "batter": "JC Silk",
              "bowler": "BW Hilfenhaus",
              "non_striker": "MC Henriques",
              "runs": {
                "batter": 1,
                "extras": 0,
                "total": 1
              }
            }
          ]
        },
        {
          "over": 17,
          "deliveries": [
            {
              "batter": "JC Silk",
              "bowler": "DJG Sammy",
              "non_striker": "MC Henriques",
              "runs": {
                "batter": 1,
                "extras": 0,
                "total": 1
              }
            },
            {
              "batter": "MC Henriques",
              "bowler": "DJG Sammy",
              "non_striker": "JC Silk",
              "runs": {
                "batter": 1,
                "extras": 0,
                "total": 1
              }
            },
            {
              "batter": "JC Silk",
              "bowler": "DJG Sammy",
              "non_striker": "MC Henriques",
              "runs": {
                "batter": 2,
                "extras": 0,
                "total": 2
              }
            },
            {
              "batter": "JC Silk",
              "bowler": "DJG Sammy",
              "non_striker": "MC Henriques",
              "runs": {
                "batter": 1,
                "extras": 0,
                "total": 1
              }
            },
            {
              "batter": "MC Henriques",
              "bowler": "DJG Sammy",
              "non_striker": "JC Silk",
              "runs": {
                "batter": 1,
                "extras": 0,
                "total": 1
              }
            },
            {
              "batter": "JC Silk",
              "bowler": "DJG Sammy",
              "non_striker": "MC Henriques",
              "runs": {
                "batter": 2,
                "extras": 0,
                "total": 2
              }
            }
          ]
        },
        {
          "over": 18,
          "deliveries": [
            {
              "batter": "MC Henriques",
              "bowler": "EP Gulbis",
              "non_striker": "JC Silk",
              "runs": {
                "batter": 4,
                "extras": 0,
                "total": 4
              }
            }
          ]
        }
      ],
      "powerplays": [
        {
          "from": 0.1,
          "to": 5.6,
          "type": "mandatory"
        }
      ],
      "target": {
        "overs": 19,
        "runs": 155
      }
    }
  ]
}