{
  "meta": {
    "data_version": "1.0.0",
    "created": "2017-04-19",
    "revision": 1
  },
  "info": {
    "balls_per_over": 6,
    "city": "Hobart",
    "dates": [
      "2015-01-02"
    ],
    "event": {
      "name": "Big Bash League"
    },
    "gender": "male",
    "match_type": "T20",
    "officials": {
      "match_referees": [
        "DJ Harper"
      ],
      "tv_umpires": [
        "SD Fry"
      ],
      "umpires": [
        "AJ Barrow",
        "JD Ward"
      ]
    },
    "outcome": {
      "by": {
        "wickets": 6
      },
      "winner": "Hobart Hurricanes"
    },
    "overs": 20,
    "player_of_match": [
      "TD Paine"
    ],
    "players": {
      "Brisbane Heat": [
        "JJ Peirson",
        "PJ Forrest",
        "CA Lynn",
        "DT Christian",
        "NJ Reardon",
        "BCJ Cutting",
        "JS Floros",
        "A Flintoff",
        "JR Hopes",
        "DL Vettori",
        "RM Duffield"
      ],
      "Hobart Hurricanes": [
        "BR Dunk",
        "TD Paine",
        "AD Hales",
        "TR Birt",
        "GJ Bailey",
        "DJG Sammy",
        "JW Wells",
        "JM Mennie",
        "CJ Boyce",
        "XJ Doherty",
        "JK Reed"
      ]
    },
    "registry": {
      "people": {
        "A Flintoff": "ddc0828d",
        "AD Hales": "92aeac25",
        "AJ Barrow": "a67aa9df",
        "BCJ Cutting": "2e11c706",
        "BR Dunk": "272d796e",
        "CA Lynn": "45eda7c8",
        "CJ Boyce": "51a60c16",
        "DJ Harper": "0ec08b27",
        "DJG Sammy": "c03c6200",
        "DL Vettori": "d7c6af50",
        "DT Christian": "2a2e6343",
        "GJ Bailey": "5056011d",
        "JD Ward": "511299c1",
        "JJ Peirson": "2b55c3b4",
        "JK Reed": "a8ad6e80",
        "JM Mennie": "f048bb41",
        "JR Hopes": "2498e163",
        "JS Floros": "79765f6f",
        "JW Wells": "8bdac857",
        "NJ Reardon": "c7bdb5b5",
        "PJ Forrest": "56c205b7",
        "RM Duffield": "7da44536",
        "SD Fry": "6b725ed1",
        "TD Paine": "5748e866",
        "TR Birt": "d2d4bb0a",
        "XJ Doherty": "502b2c81"
      }
    },
    "season": "2014/15",
    "team_type": "club",
    "teams": [
      "Hobart Hurricanes",
      "Brisbane Heat"
    ],
    "toss": {
      "decision": "field",
      "winner": "Hobart Hurricanes"
    },
    "venue": "Bellerive Oval"
  },
  "innings": [
    {
      "team": "Brisbane Heat",
      "overs": [
        {
          "over": 0,
          "deliveries": [
            {
              "batter": "JJ Peirson",
              "bowler": "XJ Doherty",
              "non_striker": "PJ Forrest",
              "runs": {
                "batter": 2,
                "extras": 0,
                "total": 2
              }
            },
            {
              "batter": "JJ Peirson",
              "bowler": "XJ Doherty",
              "non_striker": "PJ Forrest",
              "runs": {
                "batter": 1,
                "extras": 0,
                "total": 1
              }
            },
            {
              "batter": "PJ Forrest",
              "bowler": "XJ Doherty",
              "non_striker": "JJ Peirson",
              "runs": {
                "batter": 4,
                "extras": 0,
                "total": 4
              }
            },
            {
              "batter": "PJ Forrest",
              "bowler": "XJ Doherty",
              "non_striker": "JJ Peirson",
              "runs": {
                "batter": 1,
                "extras": 0,
                "total": 1
              }
            },
            {
              "batter": "JJ Peirson",
              "bowler": "XJ Doherty",
              "non_striker": "PJ Forrest",
              "runs": {
                "batter": 0,
                "extras": 0,
                "total": 0
              }
            },
            {
              "batter": "JJ Peirson",
              "bowler": "XJ Doherty",
              "non_striker": "PJ Forrest",
              "runs": {
                "batter": 0,
                "extras": 0,
                "total": 0
              }
            }
          ]
        },
        {
          "over": 1,
          "deliveries": [
            {
              "batter": "PJ Forrest",
              "bowler": "JM Mennie",
              "non_striker": "JJ Peirson",
              "runs": {
                "batter": 1,
                "extras": 0,
                "total": 1
              }
            },
            {
              "batter": "JJ Peirson",
              "bowler": "JM Mennie",
              "non_striker": "PJ Forrest",
              "runs": {
                "batter": 0,
                "extras": 0,
                "total": 0
              }
            },
            {
              "batter": "JJ Peirson",
              "bowler": "JM Mennie",
              "non_striker": "PJ Forrest",
              "runs": {
                "batter": 0,
                "extras": 0,
                "total": 0
              }
            },
            {
              "batter": "JJ Peirson",
              "bowler": "JM Mennie",
              "non_striker": "PJ Forrest",
              "runs": {
                "batter": 6,
                "extras": 0,
                "total": 6
              }
            },
            {
              "batter": "JJ Peirson",
              "bowler": "JM Mennie",
              "non_striker": "PJ Forrest",
              "runs": {
                "batter": 4,
                "extras": 0,
                "total": 4
              }
            },
            {
              "batter": "JJ Peirson",
              "bowler": "JM Mennie",
              "non_striker": "PJ Forrest",
              "runs": {
                "batter": 0,
                "extras": 0,
                "total": 0
              }
            }
          ]
        },
        {
          "over": 2,
          "deliveries": [
            {
              "batter": "PJ Forrest",
              "bowler": "XJ Doherty",
              "non_striker": "JJ Peirson",
              "runs": {
                "batter": 0,
                "extras": 0,
                "total": 0
              }
            },
            {
              "batter": "PJ Forrest",
              "bowler": "XJ Doherty",
              "non_striker": "JJ Peirson",
              "runs": {
                "batter": 1,
                "extras": 0,
                "total": 1
              }
            },
            {
              "batter": "JJ Peirson",
              "bowler": "XJ Doherty",
              "non_striker": "PJ Forrest",
              "runs": {
                "batter": 0,
                "extras": 0,
                "total": 0
              }
            },
            {
              "batter": "JJ Peirson",
              "bowler": "XJ Doherty",
              "non_striker": "PJ Forrest",
              "runs": {
                "batter": 1,
                "extras": 0,
                "total": 1
              }
            },
            {
              "batter": "PJ Forrest",
              "bowler": "XJ Doherty",
              "non_striker": "JJ Peirson",
              "runs": {
                "batter": 1,
                "extras": 0,
                "total": 1
              }
            },
            {
              "batter": "JJ Peirson",
              "bowler": "XJ Doherty",
              "non_striker": "PJ Forrest",
              "runs": {
                "batter": 2,
                "extras": 0,
                "total": 2
              }
            }
          ]
        },
        {
          "over": 3,
          "deliveries": [
            {
              "batter": "PJ Forrest",
              "bowler": "JM Mennie",
              "non_striker": "JJ Peirson",
              "runs": {
                "batter": 2,
                "extras": 0,
                "total": 2
              }
            },
            {
              "batter": "PJ Forrest",
              "bowler": "JM Mennie",
              "non_striker": "JJ Peirson",
              "runs": {
                "batter": 0,
                "extras": 0,
                "total": 0
              }
            },
            {
              "batter": "PJ Forrest",
              "bowler": "JM Mennie",
              "non_striker": "JJ Peirson",
              "runs": {
                "batter": 2,
                "extras": 0,
                "total": 2
              }
            },
            {
              "batter": "PJ Forrest",
              "bowler": "JM Mennie",
              "non_striker": "JJ Peirson",
              "runs": {
                "batter": 0,
                "extras": 0,
                "total": 0
              }
            },
            {
              "batter": "PJ Forrest",
              "bowler": "JM Mennie",
              "non_striker": "JJ Peirson",
              "runs": {
                "batter": 4,
                "extras": 0,
                "total": 4
              }
            },
            {
              "batter": "PJ Forrest",
              "bowler": "JM Mennie",
              "non_striker": "JJ Peirson",
              "runs": {
                "batter": 1,
                "extras": 0,
                "total": 1
              }
            }
          ]
        },
        {
          "over": 4,
          "deliveries": [
            {
              "batter": "PJ Forrest",
              "bowler": "JK Reed",
              "non_striker": "JJ Peirson",
              "runs": {
                "batter": 2,
                "extras": 0,
                "total": 2
              }
            },
            {
              "batter": "PJ Forrest",
              "bowler": "JK Reed",
              "non_striker": "JJ Peirson",
              "runs": {
                "batter": 0,
                "extras": 0,
                "total": 0
              }
            },
            {
              "batter": "PJ Forrest",
              "bowler": "JK Reed",
              "non_striker": "JJ Peirson",
              "runs": {
                "batter": 0,
                "extras": 0,
                "total": 0
              }
            },
            {
              "batter": "PJ Forrest",
              "bowler": "JK Reed",
              "non_striker": "JJ Peirson",
              "runs": {
                "batter": 0,
                "extras": 0,
                "total": 0
              }
            },
            {
              "batter": "PJ Forrest",
              "bowler": "JK Reed",
              "non_striker": "JJ Peirson",
              "runs": {
                "batter": 0,
                "extras": 0,
                "total": 0
              }
            },
            {
              "batter": "PJ Forrest",
              "bowler": "JK Reed",
              "non_striker": "JJ Peirson",
              "runs": {
                "batter": 4,
                "extras": 0,
                "total": 4
              }
            }
          ]
        },
        {
          "over": 5,
          "deliveries": [
            {
              "batter": "JJ Peirson",
              "bowler": "DJG Sammy",
              "non_striker": "PJ Forrest",
              "runs": {
                "batter": 4,
                "extras": 0,
                "total": 4
              }
            },
            {
              "batter": "JJ Peirson",
              "bowler": "DJG Sammy",
              "non_striker": "PJ Forrest",
              "runs": {
                "batter": 1,
                "extras": 0,
                "total": 1
              }
            },
            {
              "batter": "PJ Forrest",
              "bowler": "DJG Sammy",
              "non_striker": "JJ Peirson",
              "runs": {
                "batter": 0,
                "extras": 0,
                "total": 0
              }
            },
            {
              "batter": "PJ Forrest",
              "bowler": "DJG Sammy",
              "non_striker": "JJ Peirson",
              "runs": {
                "batter": 0,
                "extras": 0,
                "total": 0
              }
            },
            {
              "batter": "PJ Forrest",
              "bowler": "DJG Sammy",
              "non_striker": "JJ Peirson",
              "runs": {
                "batter": 1,
                "extras": 0,
                "total": 1
              }
            },
            {
              "batter": "JJ Peirson",
              "bowler": "DJG Sammy",
              "extras": {
                "wides": 1
              },
              "non_striker": "PJ Forrest",
              "runs": {
                "batter": 0,
                "extras": 1,
                "total": 1
              }
            },
            {
              "batter": "JJ Peirson",
              "bowler": "DJG Sammy",
              "non_striker": "PJ Forrest",
              "runs": {
                "batter": 4,
                "extras": 0,
                "total": 4
              }
            }
          ]
        },
        {
          "over": 6,
          "deliveries": [
            {
              "batter": "PJ Forrest",
              "bowler": "CJ Boyce",
              "non_striker": "JJ Peirson",
              "runs": {
                "batter": 0,
                "extras": 0,
                "total": 0
              }
            },
            {
              "batter": "PJ Forrest",
              "bowler": "CJ Boyce",
              "non_striker": "JJ Peirson",
              "runs": {
                "batter": 1,
                "extras": 0,
                "total": 1
              }
            },
            {
              "batter": "JJ Peirson",
              "bowler": "CJ Boyce",
              "non_striker": "PJ Forrest",
              "runs": {
                "batter": 1,
                "extras": 0,
                "total": 1
              }
            },
            {
              "batter": "PJ Forrest",
              "bowler": "CJ Boyce",
              "non_striker": "JJ Peirson",
              "runs": {
                "batter": 1,
                "extras": 0,
                "total": 1
              }
            },
            {
              "batter": "JJ Peirson",
              "bowler": "CJ Boyce",
              "non_striker": "PJ Forrest",
              "runs": {
                "batter": 1,
                "extras": 0,
                "total": 1
              }
            },
            {
              "batter": "PJ Forrest",
              "bowler": "CJ Boyce",
              "non_striker": "JJ Peirson",
              "runs": {
                "batter": 1,
                "extras": 0,
                "total": 1
              }
            }
          ]
        },
        {
          "over": 7,
          "deliveries": [
            {
              "batter": "PJ Forrest",
              "bowler": "DJG Sammy",
              "non_striker": "JJ Peirson",
              "runs": {
                "batter": 4,
                "extras": 0,
                "total": 4
              }
            },
            {
              "batter": "PJ Forrest",
              "bowler": "DJG Sammy",
              "non_striker": "JJ Peirson",
              "runs": {
                "batter": 1,
                "extras": 0,
                "total": 1
              }
            },
            {
              "batter": "JJ Peirson",
              "bowler": "DJG Sammy",
              "non_striker": "PJ Forrest",
              "runs": {
                "batter": 1,
                "extras": 0,
                "total": 1
              }
            },
            {
              "batter": "PJ Forrest",
              "bowler": "DJG Sammy",
              "non_striker": "JJ Peirson",
              "runs": {
                "batter": 4,
                "extras": 0,
                "total": 4
              }
            },
            {
              "batter": "PJ Forrest",
              "bowler": "DJG Sammy",
              "non_striker": "JJ Peirson",
              "runs": {
                "batter": 1,
                "extras": 0,
                "total": 1
              }
            },
            {
              "batter": "JJ Peirson",
              "bowler": "DJG Sammy",
              "non_striker": "PJ Forrest",
              "runs": {
                "batter": 4,
                "extras": 0,
                "total": 4
              }
            }
          ]
        },
        {
          "over": 8,
          "deliveries": [
            {
              "batter": "PJ Forrest",
              "bowler": "XJ Doherty",
              "non_striker": "JJ Peirson",
              "runs": {
                "batter": 1,
                "extras": 0,
                "total": 1
              }
            },
            {
              "batter": "JJ Peirson",
              "bowler": "XJ Doherty",
              "non_striker": "PJ Forrest",
              "runs": {
                "batter": 0,
                "extras": 0,
                "total": 0
              }
            },
            {
              "batter": "JJ Peirson",
              "bowler": "XJ Doherty",
              "non_striker": "PJ Forrest",
              "runs": {
                "batter": 0,
                "extras": 0,
                "total": 0
              }
            },
            {
              "batter": "JJ Peirson",
              "bowler": "XJ Doherty",
              "non_striker": "PJ Forrest",
              "runs": {
                "batter": 1,
                "extras": 0,
                "total": 1
              }
            },
            {
              "batter": "PJ Forrest",
              "bowler": "XJ Doherty",
              "non_striker": "JJ Peirson",
              "runs": {
                "batter": 2,
                "extras": 0,
                "total": 2
              }
            },
            {
              "batter": "PJ Forrest",
              "bowler": "XJ Doherty",
              "non_striker": "JJ Peirson",
              "runs": {
                "batter": 1,
                "extras": 0,
                "total": 1
              }
            }
          ]
        },
        {
          "over": 9,
          "deliveries": [
            {
              "batter": "PJ Forrest",
              "bowler": "CJ Boyce",
              "non_striker": "JJ Peirson",
              "runs": {
                "batter": 4,
                "extras": 0,
                "total": 4
              }
            },
            {
              "batter": "PJ Forrest",
              "bowler": "CJ Boyce",
              "non_striker": "JJ Peirson",
              "runs": {
                "batter": 1,
                "extras": 0,
                "total": 1
              }
            },
            {
              "batter": "JJ Peirson",
              "bowler": "CJ Boyce",
              "non_striker": "PJ Forrest",
              "runs": {
                "batter": 2,
                "extras": 0,
                "total": 2
              }
            },
            {
              "batter": "JJ Peirson",
              "bowler": "CJ Boyce",
              "non_striker": "PJ Forrest",
              "runs": {
                "batter": 4,
                "extras": 0,
                "total": 4
              }
            },
            {
              "batter": "JJ Peirson",
              "bowler": "CJ Boyce",
              "non_striker": "PJ Forrest",
              "runs": {
                "batter": 1,
                "extras": 0,
                "total": 1
              }
            },
            {
              "batter": "PJ Forrest",
              "bowler": "CJ Boyce",
              "non_striker": "JJ Peirson",
              "runs": {
                "batter": 1,
                "extras": 0,
                "total": 1
              }
            }
          ]
        },
        {
          "over": 10,
          "deliveries": [
            {
              "batter": "PJ Forrest",
              "bowler": "JK Reed",
              "non_striker": "JJ Peirson",
              "runs": {
                "batter": 1,
                "extras": 0,
                "total": 1
              }
            },
            {
              "batter": "JJ Peirson",
              "bowler": "JK Reed",
              "non_striker": "PJ Forrest",
              "runs": {
                "batter": 0,
                "extras": 0,
                "total": 0
              }
            },
            {
              "batter": "JJ Peirson",
              "bowler": "JK Reed",
              "non_striker": "PJ Forrest",
              "runs": {
                "batter": 2,
                "extras": 0,
                "total": 2
              }
            },
            {
              "batter": "JJ Peirson",
              "bowler": "JK Reed",
              "non_striker": "PJ Forrest",
              "runs": {
                "batter": 4,
                "extras": 0,
                "total": 4
              }
            },
            {
              "batter": "JJ Peirson",
              "bowler": "JK Reed",
              "non_striker": "PJ Forrest",
              "runs": {
                "batter": 0,
                "extras": 0,
                "total": 0
              }
            },
            {
              "batter": "JJ Peirson",
              "bowler": "JK Reed",
              "non_striker": "PJ Forrest",
              "runs": {
                "batter": 6,
                "extras": 0,
                "total": 6
              }
            }
          ]
        },
        {
          "over": 11,
          "deliveries": [
            {
              "batter": "PJ Forrest",
              "bowler": "XJ Doherty",
              "non_striker": "JJ Peirson",
              "runs": {
                "batter": 2,
                "extras": 0,
                "total": 2
              }
            },
            {
              "batter": "PJ Forrest",
              "bowler": "XJ Doherty",
              "non_striker": "JJ Peirson",
              "runs": {
                "batter": 0,
                "extras": 0,
                "total": 0
              }
            },
            {
              "batter": "PJ Forrest",
              "bowler": "XJ Doherty",
              "non_striker": "JJ Peirson",
              "runs": {
                "batter": 6,
                "extras": 0,
                "total": 6
              }
            },
            {
              "batter": "PJ Forrest",
              "bowler": "XJ Doherty",
              "non_striker": "JJ Peirson",
              "runs": {
                "batter": 1,
                "extras": 0,
                "total": 1
              }
            },
            {
              "batter": "JJ Peirson",
              "bowler": "XJ Doherty",
              "non_striker": "PJ Forrest",
              "runs": {
                "batter": 1,
                "extras": 0,
                "total": 1
              }
            },
            {
              "batter": "PJ Forrest",
              "bowler": "XJ Doherty",
              "non_striker": "JJ Peirson",
              "runs": {
                "batter": 4,
                "extras": 0,
                "total": 4
              }
            }
          ]
        },
        {
          "over": 12,
          "deliveries": [
            {
              "batter": "JJ Peirson",
              "bowler": "DJG Sammy",
              "non_striker": "PJ Forrest",
              "runs": {
                "batter": 2,
                "extras": 0,
                "total": 2
              }
            },
            {
              "batter": "JJ Peirson",
              "bowler": "DJG Sammy",
              "non_striker": "PJ Forrest",
              "runs": {
                "batter": 2,
                "extras": 0,
                "total": 2
              }
            },
            {
              "batter": "JJ Peirson",
              "bowler": "DJG Sammy",
              "non_striker": "PJ Forrest",
              "runs": {
                "batter": 0,
                "extras": 0,
                "total": 0
              }
            },
            {
              "batter": "JJ Peirson",
              "bowler": "DJG Sammy",
              "non_striker": "PJ Forrest",
              "runs": {
                "batter": 0,
                "extras": 0,
                "total": 0
              },
              "wickets": [
                {
                  "kind": "bowled",
                  "player_out": "JJ Peirson"
                }
              ]
            },
            {
              "batter": "CA Lynn",
              "bowler": "DJG Sammy",
              "non_striker": "PJ Forrest",
              "runs": {
                "batter": 1,
                "extras": 0,
                "total": 1
              }
            },
            {
              "batter": "PJ Forrest",
              "bowler": "DJG Sammy",
              "non_striker": "CA Lynn",
              "runs": {
                "batter": 1,
                "extras": 0,
                "total": 1
              }
            }
          ]
        },
        {
          "over": 13,
          "deliveries": [
            {
              "batter": "PJ Forrest",
              "bowler": "JK Reed",
              "non_striker": "CA Lynn",
              "runs": {
                "batter": 0,
                "extras": 0,
                "total": 0
              },
              "wickets": [
                {
                  "kind": "caught",
                  "player_out": "PJ Forrest",
                  "fielders": [
                    {
                      "name": "XJ Doherty"
                    }
                  ]
                }
              ]
            },
            {
              "batter": "CA Lynn",
              "bowler": "JK Reed",
              "non_striker": "DT Christian",
              "runs": {
                "batter": 0,
                "extras": 0,
                "total": 0
              }
            },
            {
              "batter": "CA Lynn",
              "bowler": "JK Reed",
              "non_striker": "DT Christian",
              "runs": {
                "batter": 0,
                "extras": 0,
                "total": 0
              }
            },
            {
              "batter": "CA Lynn",
              "bowler": "JK Reed",
              "non_striker": "DT Christian",
              "runs": {
                "batter": 1,
                "extras": 0,
                "total": 1
              }
            },
            {
              "batter": "DT Christian",
              "bowler": "JK Reed",
              "non_striker": "CA Lynn",
              "runs": {
                "batter": 4,
                "extras": 0,
                "total": 4
              }
            },
            {
              "batter": "DT Christian",
              "bowler": "JK Reed",
              "non_striker": "CA Lynn",
              "runs": {
                "batter": 6,
                "extras": 0,
                "total": 6
              }
            }
          ]
        },
        {
          "over": 14,
          "deliveries": [
            {
              "batter": "CA Lynn",
              "bowler": "DJG Sammy",
              "non_striker": "DT Christian",
              "runs": {
                "batter": 1,
                "extras": 0,
                "total": 1
              }
            },
            {
              "batter": "DT Christian",
              "bowler": "DJG Sammy",
              "non_striker": "CA Lynn",
              "runs": {
                "batter": 4,
                "extras": 0,
                "total": 4
              }
            },
            {
              "batter": "DT Christian",
              "bowler": "DJG Sammy",
              "non_striker": "CA Lynn",
              "runs": {
                "batter": 1,
                "extras": 0,
                "total": 1
              }
            },
            {
              "batter": "CA Lynn",
              "bowler": "DJG Sammy",
              "non_striker": "DT Christian",
              "runs": {
                "batter": 1,
                "extras": 0,
                "total": 1
              }
            },
            {
              "batter": "DT Christian",
              "bowler": "DJG Sammy",
              "non_striker": "CA Lynn",
              "runs": {
                "batter": 6,
                "extras": 0,
                "total": 6
              }
            },
            {
              "batter": "DT Christian",
              "bowler": "DJG Sammy",
              "non_striker": "CA Lynn",
              "runs": {
                "batter": 6,
                "extras": 0,
                "total": 6
              }
            }
          ]
        },
        {
          "over": 15,
          "deliveries": [
            {
              "batter": "CA Lynn",
              "bowler": "JM Mennie",
              "non_striker": "DT Christian",
              "runs": {
                "batter": 2,
                "extras": 0,
                "total": 2
              }
            },
            {
              "batter": "CA Lynn",
              "bowler": "JM Mennie",
              "non_striker": "DT Christian",
              "runs": {
                "batter": 1,
                "extras": 0,
                "total": 1
              }
            },
            {
              "batter": "DT Christian",
              "bowler": "JM Mennie",
              "non_striker": "CA Lynn",
              "runs": {
                "batter": 1,
                "extras": 0,
                "total": 1
              }
            },
            {
              "batter": "CA Lynn",
              "bowler": "JM Mennie",
              "non_striker": "DT Christian",
              "runs": {
                "batter": 2,
                "extras": 0,
                "total": 2
              }
            },
            {
              "batter": "CA Lynn",
              "bowler": "JM Mennie",
              "non_striker": "DT Christian",
              "runs": {
                "batter": 1,
                "extras": 0,
                "total": 1
              }
            },
            {
              "batter": "DT Christian",
              "bowler": "JM Mennie",
              "non_striker": "CA Lynn",
              "runs": {
                "batter": 6,
                "extras": 0,
                "total": 6
              }
            }
          ]
        },
        {
          "over": 16,
          "deliveries": [
            {
              "batter": "CA Lynn",
              "bowler": "CJ Boyce",
              "non_striker": "DT Christian",
              "runs": {
                "batter": 1,
                "extras": 0,
                "total": 1
              }
            },
            {
              "batter": "DT Christian",
              "bowler": "CJ Boyce",
              "non_striker": "CA Lynn",
              "runs": {
                "batter": 0,
                "extras": 0,
                "total": 0
              },
              "wickets": [
                {
                  "kind": "stumped",
                  "player_out": "DT Christian",
                  "fielders": [
                    {
                      "name": "TD Paine"
                    }
                  ]
                }
              ]
            },
            {
              "batter": "NJ Reardon",
              "bowler": "CJ Boyce",
              "non_striker": "CA Lynn",
              "runs": {
                "batter": 1,
                "extras": 0,
                "total": 1
              }
            },
            {
              "batter": "CA Lynn",
              "bowler": "CJ Boyce",
              "non_striker": "NJ Reardon",
              "runs": {
                "batter": 0,
                "extras": 0,
                "total": 0
              }
            },
            {
              "batter": "CA Lynn",
              "bowler": "CJ Boyce",
              "non_striker": "NJ Reardon",
              "runs": {
                "batter": 4,
                "extras": 0,
                "total": 4
              }
            },
            {
              "batter": "CA Lynn",
              "bowler": "CJ Boyce",
              "non_striker": "NJ Reardon",
              "runs": {
                "batter": 1,
                "extras": 0,
                "total": 1
              }
            }
          ]
        },
        {
          "over": 17,
          "deliveries": [
            {
              "batter": "CA Lynn",
              "bowler": "JK Reed",
              "non_striker": "NJ Reardon",
              "runs": {
                "batter": 0,
                "extras": 0,
                "total": 0
              }
            },
            {
              "batter": "CA Lynn",
              "bowler": "JK Reed",
              "non_striker": "NJ Reardon",
              "runs": {
                "batter": 2,
                "extras": 0,
                "total": 2
              }
            },
            {
              "batter": "CA Lynn",
              "bowler": "JK Reed",
              "non_striker": "NJ Reardon",
              "runs": {
                "batter": 2,
                "extras": 0,
                "total": 2
              }
            },
            {
              "batter": "CA Lynn",
              "bowler": "JK Reed",
              "non_striker": "NJ Reardon",
              "runs": {
                "batter": 2,
                "extras": 0,
                "total": 2
              }
            },
            {
              "batter": "CA Lynn",
              "bowler": "JK Reed",
              "non_striker": "NJ Reardon",
              "runs": {
                "batter": 4,
                "extras": 0,
                "total": 4
              }
            },
            {
              "batter": "CA Lynn",
              "bowler": "JK Reed",
              "non_striker": "NJ Reardon",
              "runs": {
                "batter": 1,
                "extras": 0,
                "total": 1
              }
            }
          ]
        },
        {
          "over": 18,
          "deliveries": [
            {
              "batter": "CA Lynn",
              "bowler": "CJ Boyce",
              "non_striker": "NJ Reardon",
              "runs": {
                "batter": 0,
                "extras": 0,
                "total": 0
              },
              "wickets": [
                {
                  "kind": "caught",
                  "player_out": "CA Lynn",
                  "fielders": [
                    {
                      "name": "JW Wells"
                    }
                  ]
                }
              ]
            },
            {
              "batter": "NJ Reardon",
              "bowler": "CJ Boyce",
              "non_striker": "BCJ Cutting",
              "runs": {
                "batter": 0,
                "extras": 0,
                "total": 0
              },
              "wickets": [
                {
                  "kind": "caught",
                  "player_out": "NJ Reardon",
                  "fielders": [
                    {
                      "name": "DJG Sammy"
                    }
                  ]
                }
              ]
            },
            {
              "batter": "BCJ Cutting",
              "bowler": "CJ Boyce",
              "non_striker": "JS Floros",
              "runs": {
                "batter": 1,
                "extras": 0,
                "total": 1
              }
            },
            {
              "batter": "JS Floros",
              "bowler": "CJ Boyce",
              "non_striker": "BCJ Cutting",
              "runs": {
                "batter": 1,
                "extras": 0,
                "total": 1
              }
            },
            {
              "batter": "BCJ Cutting",
              "bowler": "CJ Boyce",
              "non_striker": "JS Floros",
              "runs": {
                "batter": 6,
                "extras": 0,
                "total": 6
              }
            },
            {
              "batter": "BCJ Cutting",
              "bowler": "CJ Boyce",
              "extras": {
                "wides": 1
              },
              "non_striker": "JS Floros",
              "runs": {
                "batter": 0,
                "extras": 1,
                "total": 1
              }
            },
            {
              "batter": "BCJ Cutting",
              "bowler": "CJ Boyce",
              "non_striker": "JS Floros",
              "runs": {
                "batter": 6,
                "extras": 0,
                "total": 6
              }
            }
          ]
        },
        {
          "over": 19,
          "deliveries": [
            {
              "batter": "JS Floros",
              "bowler": "JM Mennie",
              "non_striker": "BCJ Cutting",
              "runs": {
                "batter": 1,
                "extras": 0,
                "total": 1
              }
            },
            {
              "batter": "BCJ Cutting",
              "bowler": "JM Mennie",
              "non_striker": "JS Floros",
              "runs": {
                "batter": 6,
                "extras": 0,
                "total": 6
              }
            },
            {
              "batter": "BCJ Cutting",
              "bowler": "JM Mennie",
              "non_striker": "JS Floros",
              "runs": {
                "batter": 0,
                "extras": 0,
                "total": 0
              },
              "wickets": [
                {
                  "kind": "caught",
                  "player_out": "BCJ Cutting",
                  "fielders": [
                    {
                      "name": "CJ Boyce"
                    }
                  ]
                }
              ]
            },
            {
              "batter": "JS Floros",
              "bowler": "JM Mennie",
              "non_striker": "A Flintoff",
              "runs": {
                "batter": 2,
                "extras": 0,
                "total": 2
              }
            },
            {
              "batter": "JS Floros",
              "bowler": "JM Mennie",
              "non_striker": "A Flintoff",
              "runs": {
                "batter": 0,
                "extras": 0,
                "total": 0
              }
            },
            {
              "batter": "JS Floros",
              "bowler": "JM Mennie",
              "non_striker": "A Flintoff",
              "runs": {
                "batter": 2,
                "extras": 0,
                "total": 2
              }
            }
          ]
        }
      ],
      "powerplays": [
        {
          "from": 0.1,
          "to": 5.7,
          "type": "mandatory"
        }
      ]
    },
    {
      "team": "Hobart Hurricanes",
      "overs": [
        {
          "over": 0,
          "deliveries": [
            {
              "batter": "BR Dunk",
              "bowler": "DL Vettori",
              "non_striker": "TD Paine",
              "runs": {
                "batter": 1,
                "extras": 0,
                "total": 1
              }
            },
            {
              "batter": "TD Paine",
              "bowler": "DL Vettori",
              "non_striker": "BR Dunk",
              "runs": {
                "batter": 4,
                "extras": 0,
                "total": 4
              }
            },
            {
              "batter": "TD Paine",
              "bowler": "DL Vettori",
              "non_striker": "BR Dunk",
              "runs": {
                "batter": 2,
                "extras": 0,
                "total": 2
              }
            },
            {
              "batter": "TD Paine",
              "bowler": "DL Vettori",
              "non_striker": "BR Dunk",
              "runs": {
                "batter": 1,
                "extras": 0,
                "total": 1
              }
            },
            {
              "batter": "BR Dunk",
              "bowler": "DL Vettori",
              "non_striker": "TD Paine",
              "runs": {
                "batter": 4,
                "extras": 0,
                "total": 4
              }
            },
            {
              "batter": "BR Dunk",
              "bowler": "DL Vettori",
              "non_striker": "TD Paine",
              "runs": {
                "batter": 2,
                "extras": 0,
                "total": 2
              }
            }
          ]
        },
        {
          "over": 1,
          "deliveries": [
            {
              "batter": "TD Paine",
              "bowler": "RM Duffield",
              "non_striker": "BR Dunk",
              "runs": {
                "batter": 1,
                "extras": 0,
                "total": 1
              }
            },
            {
              "batter": "BR Dunk",
              "bowler": "RM Duffield",
              "non_striker": "TD Paine",
              "runs": {
                "batter": 0,
                "extras": 0,
                "total": 0
              }
            },
            {
              "batter": "BR Dunk",
              "bowler": "RM Duffield",
              "non_striker": "TD Paine",
              "runs": {
                "batter": 0,
                "extras": 0,
                "total": 0
              }
            },
            {
              "batter": "BR Dunk",
              "bowler": "RM Duffield",
              "non_striker": "TD Paine",
              "runs": {
                "batter": 1,
                "extras": 0,
                "total": 1
              }
            },
            {
              "batter": "TD Paine",
              "bowler": "RM Duffield",
              "non_striker": "BR Dunk",
              "runs": {
                "batter": 4,
                "extras": 0,
                "total": 4
              }
            },
            {
              "batter": "TD Paine",
              "bowler": "RM Duffield",
              "non_striker": "BR Dunk",
              "runs": {
                "batter": 4,
                "extras": 0,
                "total": 4
              }
            }
          ]
        },
        {
          "over": 2,
          "deliveries": [
            {
              "batter": "BR Dunk",
              "bowler": "DT Christian",
              "non_striker": "TD Paine",
              "runs": {
                "batter": 6,
                "extras": 0,
                "total": 6
              }
            },
            {
              "batter": "BR Dunk",
              "bowler": "DT Christian",
              "non_striker": "TD Paine",
              "runs": {
                "batter": 0,
                "extras": 0,
                "total": 0
              }
            },
            {
              "batter": "BR Dunk",
              "bowler": "DT Christian",
              "non_striker": "TD Paine",
              "runs": {
                "batter": 0,
                "extras": 0,
                "total": 0
              }
            },
            {
              "batter": "BR Dunk",
              "bowler": "DT Christian",
              "non_striker": "TD Paine",
              "runs": {
                "batter": 0,
                "extras": 0,
                "total": 0
              }
            },
            {
              "batter": "BR Dunk",
              "bowler": "DT Christian",
              "non_striker": "TD Paine",
              "runs": {
                "batter": 4,
                "extras": 0,
                "total": 4
              }
            },
            {
              "batter": "BR Dunk",
              "bowler": "DT Christian",
              "non_striker": "TD Paine",
              "runs": {
                "batter": 4,
                "extras": 0,
                "total": 4
              }
            }
          ]
        },
        {
          "over": 3,
          "deliveries": [
            {
              "batter": "TD Paine",
              "bowler": "JR Hopes",
              "non_striker": "BR Dunk",
              "runs": {
                "batter": 0,
                "extras": 0,
                "total": 0
              }
            },
            {
              "batter": "TD Paine",
              "bowler": "JR Hopes",
              "non_striker": "BR Dunk",
              "runs": {
                "batter": 1,
                "extras": 0,
                "total": 1
              }
            },
            {
              "batter": "BR Dunk",
              "bowler": "JR Hopes",
              "extras": {
                "legbyes": 1
              },
              "non_striker": "TD Paine",
              "runs": {
                "batter": 0,
                "extras": 1,
                "total": 1
              }
            },
            {
              "batter": "TD Paine",
              "bowler": "JR Hopes",
              "non_striker": "BR Dunk",
              "runs": {
                "batter": 1,
                "extras": 0,
                "total": 1
              }
            },
            {
              "batter": "BR Dunk",
              "bowler": "JR Hopes",
              "non_striker": "TD Paine",
              "runs": {
                "batter": 0,
                "extras": 0,
                "total": 0
              }
            },
            {
              "batter": "BR Dunk",
              "bowler": "JR Hopes",
              "non_striker": "TD Paine",
              "runs": {
                "batter": 1,
                "extras": 0,
                "total": 1
              }
            }
          ]
        },
        {
          "over": 4,
          "deliveries": [
            {
              "batter": "BR Dunk",
              "bowler": "A Flintoff",
              "non_striker": "TD Paine",
              "runs": {
                "batter": 1,
                "extras": 0,
                "total": 1
              }
            },
            {
              "batter": "TD Paine",
              "bowler": "A Flintoff",
              "non_striker": "BR Dunk",
              "runs": {
                "batter": 1,
                "extras": 0,
                "total": 1
              }
            },
            {
              "batter": "BR Dunk",
              "bowler": "A Flintoff",
              "non_striker": "TD Paine",
              "runs": {
                "batter": 4,
                "extras": 0,
                "total": 4
              }
            },
            {
              "batter": "BR Dunk",
              "bowler": "A Flintoff",
              "non_striker": "TD Paine",
              "runs": {
                "batter": 2,
                "extras": 0,
                "total": 2
              }
            },
            {
              "batter": "BR Dunk",
              "bowler": "A Flintoff",
              "non_striker": "TD Paine",
              "runs": {
                "batter": 6,
                "extras": 0,
                "total": 6
              }
            },
            {
              "batter": "BR Dunk",
              "bowler": "A Flintoff",
              "non_striker": "TD Paine",
              "runs": {
                "batter": 4,
                "extras": 0,
                "total": 4
              }
            }
          ]
        },
        {
          "over": 5,
          "deliveries": [
            {
              "batter": "TD Paine",
              "bowler": "JR Hopes",
              "non_striker": "BR Dunk",
              "runs": {
                "batter": 1,
                "extras": 0,
                "total": 1
              }
            },
            {
              "batter": "BR Dunk",
              "bowler": "JR Hopes",
              "non_striker": "TD Paine",
              "runs": {
                "batter": 1,
                "extras": 0,
                "total": 1
              }
            },
            {
              "batter": "TD Paine",
              "bowler": "JR Hopes",
              "non_striker": "BR Dunk",
              "runs": {
                "batter": 1,
                "extras": 0,
                "total": 1
              }
            },
            {
              "batter": "BR Dunk",
              "bowler": "JR Hopes",
              "non_striker": "TD Paine",
              "runs": {
                "batter": 4,
                "extras": 0,
                "total": 4
              }
            },
            {
              "batter": "BR Dunk",
              "bowler": "JR Hopes",
              "non_striker": "TD Paine",
              "runs": {
                "batter": 1,
                "extras": 0,
                "total": 1
              }
            },
            {
              "batter": "TD Paine",
              "bowler": "JR Hopes",
              "non_striker": "BR Dunk",
              "runs": {
                "batter": 6,
                "extras": 0,
                "total": 6
              }
            }
          ]
        },
        {
          "over": 6,
          "deliveries": [
            {
              "batter": "BR Dunk",
              "bowler": "BCJ Cutting",
              "non_striker": "TD Paine",
              "runs": {
                "batter": 1,
                "extras": 0,
                "total": 1
              }
            },
            {
              "batter": "TD Paine",
              "bowler": "BCJ Cutting",
              "non_striker": "BR Dunk",
              "runs": {
                "batter": 1,
                "extras": 0,
                "total": 1
              }
            },
            {
              "batter": "BR Dunk",
              "bowler": "BCJ Cutting",
              "extras": {
                "wides": 1
              },
              "non_striker": "TD Paine",
              "runs": {
                "batter": 0,
                "extras": 1,
                "total": 1
              }
            },
            {
              "batter": "BR Dunk",
              "bowler": "BCJ Cutting",
              "non_striker": "TD Paine",
              "runs": {
                "batter": 2,
                "extras": 0,
                "total": 2
              }
            },
            {
              "batter": "BR Dunk",
              "bowler": "BCJ Cutting",
              "non_striker": "TD Paine",
              "runs": {
                "batter": 1,
                "extras": 0,
                "total": 1
              }
            },
            {
              "batter": "TD Paine",
              "bowler": "BCJ Cutting",
              "non_striker": "BR Dunk",
              "runs": {
                "batter": 4,
                "extras": 0,
                "total": 4
              }
            },
            {
              "batter": "TD Paine",
              "bowler": "BCJ Cutting",
              "extras": {
                "wides": 1
              },
              "non_striker": "BR Dunk",
              "runs": {
                "batter": 0,
                "extras": 1,
                "total": 1
              }
            },
            {
              "batter": "TD Paine",
              "bowler": "BCJ Cutting",
              "extras": {
                "wides": 1
              },
              "non_striker": "BR Dunk",
              "runs": {
                "batter": 0,
                "extras": 1,
                "total": 1
              }
            },
            {
              "batter": "TD Paine",
              "bowler": "BCJ Cutting",
              "extras": {
                "wides": 1
              },
              "non_striker": "BR Dunk",
              "runs": {
                "batter": 0,
                "extras": 1,
                "total": 1
              }
            },
            {
              "batter": "TD Paine",
              "bowler": "BCJ Cutting",
              "non_striker": "BR Dunk",
              "runs": {
                "batter": 1,
                "extras": 0,
                "total": 1
              }
            }
          ]
        },
        {
          "over": 7,
          "deliveries": [
            {
              "batter": "TD Paine",
              "bowler": "DL Vettori",
              "non_striker": "BR Dunk",
              "runs": {
                "batter": 1,
                "extras": 0,
                "total": 1
              }
            },
            {
              "batter": "BR Dunk",
              "bowler": "DL Vettori",
              "non_striker": "TD Paine",
              "runs": {
                "batter": 4,
                "extras": 0,
                "total": 4
              }
            },
            {
              "batter": "BR Dunk",
              "bowler": "DL Vettori",
              "non_striker": "TD Paine",
              "runs": {
                "batter": 4,
                "extras": 0,
                "total": 4
              }
            },
            {
              "batter": "BR Dunk",
              "bowler": "DL Vettori",
              "non_striker": "TD Paine",
              "runs": {
                "batter": 1,
                "extras": 0,
                "total": 1
              }
            },
            {
              "batter": "TD Paine",
              "bowler": "DL Vettori",
              "non_striker": "BR Dunk",
              "runs": {
                "batter": 4,
                "extras": 0,
                "total": 4
              }
            },
            {
              "batter": "TD Paine",
              "bowler": "DL Vettori",
              "non_striker": "BR Dunk",
              "runs": {
                "batter": 1,
                "extras": 0,
                "total": 1
              }
            }
          ]
        },
        {
          "over": 8,
          "deliveries": [
            {
              "batter": "TD Paine",
              "bowler": "JS Floros",
              "non_striker": "BR Dunk",
              "runs": {
                "batter": 6,
                "extras": 0,
                "total": 6
              }
            },
            {
              "batter": "TD Paine",
              "bowler": "JS Floros",
              "non_striker": "BR Dunk",
              "runs": {
                "batter": 0,
                "extras": 0,
                "total": 0
              }
            },
            {
              "batter": "TD Paine",
              "bowler": "JS Floros",
              "extras": {
                "wides": 1
              },
              "non_striker": "BR Dunk",
              "runs": {
                "batter": 0,
                "extras": 1,
                "total": 1
              }
            },
            {
              "batter": "TD Paine",
              "bowler": "JS Floros",
              "non_striker": "BR Dunk",
              "runs": {
                "batter": 4,
                "extras": 0,
                "total": 4
              }
            },
            {
              "batter": "TD Paine",
              "bowler": "JS Floros",
              "non_striker": "BR Dunk",
              "runs": {
                "batter": 6,
                "extras": 0,
                "total": 6
              }
            },
            {
              "batter": "TD Paine",
              "bowler": "JS Floros",
              "non_striker": "BR Dunk",
              "runs": {
                "batter": 0,
                "extras": 0,
                "total": 0
              }
            },
            {
              "batter": "TD Paine",
              "bowler": "JS Floros",
              "non_striker": "BR Dunk",
              "runs": {
                "batter": 0,
                "extras": 0,
                "total": 0
              },
              "wickets": [
                {
                  "kind": "caught",
                  "player_out": "TD Paine",
                  "fielders": [
                    {
                      "name": "DL Vettori"
                    }
                  ]
                }
              ]
            }
          ]
        },
        {
          "over": 9,
          "deliveries": [
            {
              "batter": "BR Dunk",
              "bowler": "JR Hopes",
              "non_striker": "AD Hales",
              "runs": {
                "batter": 0,
                "extras": 0,
                "total": 0
              }
            },
            {
              "batter": "BR Dunk",
              "bowler": "JR Hopes",
              "non_striker": "AD Hales",
              "runs": {
                "batter": 1,
                "extras": 0,
                "total": 1
              }
            },
            {
              "batter": "AD Hales",
              "bowler": "JR Hopes",
              "non_striker": "BR Dunk",
              "runs": {
                "batter": 1,
                "extras": 0,
                "total": 1
              }
            },
            {
              "batter": "BR Dunk",
              "bowler": "JR Hopes",
              "non_striker": "AD Hales",
              "runs": {
                "batter": 1,
                "extras": 0,
                "total": 1
              }
            },
            {
              "batter": "AD Hales",
              "bowler": "JR Hopes",
              "non_striker": "BR Dunk",
              "runs": {
                "batter": 4,
                "extras": 0,
                "total": 4
              }
            },
            {
              "batter": "AD Hales",
              "bowler": "JR Hopes",
              "non_striker": "BR Dunk",
              "runs": {
                "batter": 1,
                "extras": 0,
                "total": 1
              }
            }
          ]
        },
        {
          "over": 10,
          "deliveries": [
            {
              "batter": "AD Hales",
              "bowler": "JS Floros",
              "non_striker": "BR Dunk",
              "runs": {
                "batter": 1,
                "extras": 0,
                "total": 1
              }
            },
            {
              "batter": "BR Dunk",
              "bowler": "JS Floros",
              "non_striker": "AD Hales",
              "runs": {
                "batter": 1,
                "extras": 0,
                "total": 1
              }
            },
            {
              "batter": "AD Hales",
              "bowler": "JS Floros",
              "non_striker": "BR Dunk",
              "runs": {
                "batter": 1,
                "extras": 0,
                "total": 1
              }
            },
            {
              "batter": "BR Dunk",
              "bowler": "JS Floros",
              "non_striker": "AD Hales",
              "runs": {
                "batter": 0,
                "extras": 0,
                "total": 0
              }
            },
            {
              "batter": "BR Dunk",
              "bowler": "JS Floros",
              "non_striker": "AD Hales",
              "runs": {
                "batter": 1,
                "extras": 0,
                "total": 1
              }
            },
            {
              "batter": "AD Hales",
              "bowler": "JS Floros",
              "non_striker": "BR Dunk",
              "runs": {
                "batter": 1,
                "extras": 0,
                "total": 1
              }
            }
          ]
        },
        {
          "over": 11,
          "deliveries": [
            {
              "batter": "AD Hales",
              "bowler": "DL Vettori",
              "non_striker": "BR Dunk",
              "runs": {
                "batter": 1,
                "extras": 0,
                "total": 1
              }
            },
            {
              "batter": "BR Dunk",
              "bowler": "DL Vettori",
              "non_striker": "AD Hales",
              "runs": {
                "batter": 1,
                "extras": 0,
                "total": 1
              }
            },
            {
              "batter": "AD Hales",
              "bowler": "DL Vettori",
              "non_striker": "BR Dunk",
              "runs": {
                "batter": 1,
                "extras": 0,
                "total": 1
              }
            },
            {
              "batter": "BR Dunk",
              "bowler": "DL Vettori",
              "non_striker": "AD Hales",
              "runs": {
                "batter": 1,
                "extras": 0,
                "total": 1
              }
            },
            {
              "batter": "AD Hales",
              "bowler": "DL Vettori",
              "non_striker": "BR Dunk",
              "runs": {
                "batter": 1,
                "extras": 0,
                "total": 1
              }
            },
            {
              "batter": "BR Dunk",
              "bowler": "DL Vettori",
              "non_striker": "AD Hales",
              "runs": {
                "batter": 0,
                "extras": 0,
                "total": 0
              }
            }
          ]
        },
        {
          "over": 12,
          "deliveries": [
            {
              "batter": "AD Hales",
              "bowler": "JS Floros",
              "non_striker": "BR Dunk",
              "runs": {
                "batter": 1,
                "extras": 0,
                "total": 1
              }
            },
            {
              "batter": "BR Dunk",
              "bowler": "JS Floros",
              "non_striker": "AD Hales",
              "runs": {
                "batter": 2,
                "extras": 0,
                "total": 2
              }
            },
            {
              "batter": "BR Dunk",
              "bowler": "JS Floros",
              "non_striker": "AD Hales",
              "runs": {
                "batter": 0,
                "extras": 0,
                "total": 0
              },
              "wickets": [
                {
                  "kind": "caught",
                  "player_out": "BR Dunk",
                  "fielders": [
                    {
                      "name": "BCJ Cutting"
                    }
                  ]
                }
              ]
            },
            {
              "batter": "TR Birt",
              "bowler": "JS Floros",
              "non_striker": "AD Hales",
              "runs": {
                "batter": 1,
                "extras": 0,
                "total": 1
              }
            },
            {
              "batter": "AD Hales",
              "bowler": "JS Floros",
              "non_striker": "TR Birt",
              "runs": {
                "batter": 1,
                "extras": 0,
                "total": 1
              }
            },
            {
              "batter": "TR Birt",
              "bowler": "JS Floros",
              "non_striker": "AD Hales",
              "runs": {
                "batter": 1,
                "extras": 0,
                "total": 1
              }
            }
          ]
        },
        {
          "over": 13,
          "deliveries": [
            {
              "batter": "TR Birt",
              "bowler": "DL Vettori",
              "non_striker": "AD Hales",
              "runs": {
                "batter": 1,
                "extras": 0,
                "total": 1
              }
            },
            {
              "batter": "AD Hales",
              "bowler": "DL Vettori",
              "non_striker": "TR Birt",
              "runs": {
                "batter": 1,
                "extras": 0,
                "total": 1
              }
            },
            {
              "batter": "TR Birt",
              "bowler": "DL Vettori",
              "non_striker": "AD Hales",
              "runs": {
                "batter": 2,
                "extras": 0,
                "total": 2
              }
            },
            {
              "batter": "TR Birt",
              "bowler": "DL Vettori",
              "non_striker": "AD Hales",
              "runs": {
                "batter": 1,
                "extras": 0,
                "total": 1
              }
            },
            {
              "batter": "AD Hales",
              "bowler": "DL Vettori",
              "non_striker": "TR Birt",
              "runs": {
                "batter": 6,
                "extras": 0,
                "total": 6
              }
            },
            {
              "batter": "AD Hales",
              "bowler": "DL Vettori",
              "non_striker": "TR Birt",
              "runs": {
                "batter": 1,
                "extras": 0,
                "total": 1
              }
            }
          ]
        },
        {
          "over": 14,
          "deliveries": [
            {
              "batter": "AD Hales",
              "bowler": "JS Floros",
              "non_striker": "TR Birt",
              "runs": {
                "batter": 1,
                "extras": 0,
                "total": 1
              }
            },
            {
              "batter": "TR Birt",
              "bowler": "JS Floros",
              "extras": {
                "wides": 1
              },
              "non_striker": "AD Hales",
              "runs": {
                "batter": 0,
                "extras": 1,
                "total": 1
              }
            },
            {
              "batter": "TR Birt",
              "bowler": "JS Floros",
              "extras": {
                "wides": 1
              },
              "non_striker": "AD Hales",
              "runs": {
                "batter": 0,
                "extras": 1,
                "total": 1
              }
            },
            {
              "batter": "TR Birt",
              "bowler": "JS Floros",
              "non_striker": "AD Hales",
              "runs": {
                "batter": 0,
                "extras": 0,
                "total": 0
              }
            },
            {
              "batter": "TR Birt",
              "bowler": "JS Floros",
              "non_striker": "AD Hales",
              "runs": {
                "batter": 2,
                "extras": 0,
                "total": 2
              }
            },
            {
              "batter": "TR Birt",
              "bowler": "JS Floros",
              "non_striker": "AD Hales",
              "runs": {
                "batter": 0,
                "extras": 0,
                "total": 0
              }
            },
            {
              "batter": "TR Birt",
              "bowler": "JS Floros",
              "non_striker": "AD Hales",
              "runs": {
                "batter": 1,
                "extras": 0,
                "total": 1
              }
            },
            {
              "batter": "AD Hales",
              "bowler": "JS Floros",
              "non_striker": "TR Birt",
              "runs": {
                "batter": 1,
                "extras": 0,
                "total": 1
              }
            }
          ]
        },
        {
          "over": 15,
          "deliveries": [
            {
              "batter": "AD Hales",
              "bowler": "JR Hopes",
              "non_striker": "TR Birt",
              "runs": {
                "batter": 2,
                "extras": 0,
                "total": 2
              }
            },
            {
              "batter": "AD Hales",
              "bowler": "JR Hopes",
              "non_striker": "TR Birt",
              "runs": {
                "batter": 1,
                "extras": 0,
                "total": 1
              }
            },
            {
              "batter": "TR Birt",
              "bowler": "JR Hopes",
              "non_striker": "AD Hales",
              "runs": {
                "batter": 0,
                "extras": 0,
                "total": 0
              }
            },
            {
              "batter": "TR Birt",
              "bowler": "JR Hopes",
              "non_striker": "AD Hales",
              "runs": {
                "batter": 1,
                "extras": 0,
                "total": 1
              }
            },
            {
              "batter": "AD Hales",
              "bowler": "JR Hopes",
              "non_striker": "TR Birt",
              "runs": {
                "batter": 1,
                "extras": 0,
                "total": 1
              }
            },
            {
              "batter": "TR Birt",
              "bowler": "JR Hopes",
              "non_striker": "AD Hales",
              "runs": {
                "batter": 1,
                "extras": 0,
                "total": 1
              }
            }
          ]
        },
        {
          "over": 16,
          "deliveries": [
            {
              "batter": "TR Birt",
              "bowler": "RM Duffield",
              "non_striker": "AD Hales",
              "runs": {
                "batter": 0,
                "extras": 0,
                "total": 0
              },
              "wickets": [
                {
                  "kind": "caught",
                  "player_out": "TR Birt",
                  "fielders": [
                    {
                      "name": "DT Christian"
                    }
                  ]
                }
              ]
            },
            {
              "batter": "GJ Bailey",
              "bowler": "RM Duffield",
              "non_striker": "AD Hales",
              "runs": {
                "batter": 1,
                "extras": 0,
                "total": 1
              }
            },
            {
              "batter": "AD Hales",
              "bowler": "RM Duffield",
              "non_striker": "GJ Bailey",
              "runs": {
                "batter": 1,
                "extras": 0,
                "total": 1
              }
            },
            {
              "batter": "GJ Bailey",
              "bowler": "RM Duffield",
              "non_striker": "AD Hales",
              "runs": {
                "batter": 2,
                "extras": 0,
                "total": 2
              }
            },
            {
              "batter": "GJ Bailey",
              "bowler": "RM Duffield",
              "non_striker": "AD Hales",
              "runs": {
                "batter": 1,
                "extras": 0,
                "total": 1
              }
            },
            {
              "batter": "AD Hales",
              "bowler": "RM Duffield",
              "non_striker": "GJ Bailey",
              "runs": {
                "batter": 1,
                "extras": 0,
                "total": 1
              }
            }
          ]
        },
        {
          "over": 17,
          "deliveries": [
            {
              "batter": "AD Hales",
              "bowler": "A Flintoff",
              "non_striker": "GJ Bailey",
              "runs": {
                "batter": 4,
                "extras": 0,
                "total": 4
              }
            },
            {
              "batter": "AD Hales",
              "bowler": "A Flintoff",
              "non_striker": "GJ Bailey",
              "runs": {
                "batter": 0,
                "extras": 0,
                "total": 0
              },
              "wickets": [
                {
                  "kind": "caught",
                  "player_out": "AD Hales",
                  "fielders": [
                    {
                      "name": "DT Christian"
                    }
                  ]
                }
              ]
            },
            {
              "batter": "GJ Bailey",
              "bowler": "A Flintoff",
              "non_striker": "DJG Sammy",
              "runs": {
                "batter": 2,
                "extras": 0,
                "total": 2
              }
            },
            {
              "batter": "GJ Bailey",
              "bowler": "A Flintoff",
              "non_striker": "DJG Sammy",
              "runs": {
                "batter": 0,
                "extras": 0,
                "total": 0
              }
            },
            {
              "batter": "GJ Bailey",
              "bowler": "A Flintoff",
              "extras": {
                "legbyes": 4
              },
              "non_striker": "DJG Sammy",
              "runs": {
                "batter": 0,
                "extras": 4,
                "total": 4
              }
            },
            {
              "batter": "GJ Bailey",
              "bowler": "A Flintoff",
              "non_striker": "DJG Sammy",
              "runs": {
                "batter": 4,
                "extras": 0,
                "total": 4
              }
            }
          ]
        },
        {
          "over": 18,
          "deliveries": [
            {
              "batter": "DJG Sammy",
              "bowler": "RM Duffield",
              "non_striker": "GJ Bailey",
              "runs": {
                "batter": 1,
                "extras": 0,
                "total": 1
              }
            },
            {
              "batter": "GJ Bailey",
              "bowler": "RM Duffield",
              "non_striker": "DJG Sammy",
              "runs": {
                "batter": 4,
                "extras": 0,
                "total": 4
              }
            },
            {
              "batter": "GJ Bailey",
              "bowler": "RM Duffield",
              "non_striker": "DJG Sammy",
              "runs": {
                "batter": 6,
                "extras": 0,
                "total": 6
              }
            },
            {
              "batter": "GJ Bailey",
              "bowler": "RM Duffield",
              "non_striker": "DJG Sammy",
              "runs": {
                "batter": 4,
                "extras": 0,
                "total": 4
              }
            },
            {
              "batter": "GJ Bailey",
              "bowler": "RM Duffield",
              "extras": {
                "wides": 1
              },
              "non_striker": "DJG Sammy",
              "runs": {
                "batter": 0,
                "extras": 1,
                "total": 1
              }
            },
            {
              "batter": "GJ Bailey",
              "bowler": "RM Duffield",
              "non_striker": "DJG Sammy",
              "runs": {
                "batter": 2,
                "extras": 0,
                "total": 2
              }
            },
            {
              "batter": "GJ Bailey",
              "bowler": "RM Duffield",
              "non_striker": "DJG Sammy",
              "runs": {
                "batter": 2,
                "extras": 0,
                "total": 2
              }
            }
          ]
        }
      ],
      "powerplays": [
        {
          "from": 0.1,
          "to": 5.6,
          "type": "mandatory"
        }
      ],
      "target": {
        "overs": 20,
        "runs": 209
      }
    }
  ]
}