{
  "meta": {
    "data_version": "1.0.0",
    "created": "2017-04-02",
    "revision": 1
  },
  "info": {
    "balls_per_over": 6,
    "dates": [
      "2016-01-14"
    ],
    "event": {
      "match_number": 29,
      "name": "Big Bash League"
    },
    "gender": "male",
    "match_type": "T20",
    "officials": {
      "match_referees": [
        "D Talalla"
      ],
      "reserve_umpires": [
        "AJ Sammartino"
      ],
      "tv_umpires": [
        "AJ Barrow"
      ],
      "umpires": [
        "GJ Davidson",
        "SJ Nogajski"
      ]
    },
    "outcome": {
      "by": {
        "runs": 56
      },
      "winner": "Brisbane Heat"
    },
    "overs": 20,
    "player_of_match": [
      "S Badree"
    ],
    "players": {
      "Brisbane Heat": [
        "LMP Simmons",
        "JJ Peirson",
        "CA Lynn",
        "JA Burns",
        "NJ Reardon",
        "BCJ Cutting",
        "JR Hopes",
        "JK Lalor",
        "AL Fekete",
        "MJ Swepson",
        "S Badree"
      ],
      "Melbourne Stars": [
        "MP Stoinis",
        "LJ Wright",
        "KP Pietersen",
        "PSP Handscomb",
        "DJ Hussey",
        "RJ Quiney",
        "EP Gulbis",
        "A Zampa",
        "BW Hilfenhaus",
        "DJ Worrall",
        "MA Beer"
      ]
    },
    "registry": {
      "people": {
        "A Zampa": "14f96089",
        "AJ Barrow": "a67aa9df",
        "AJ Sammartino": "284d6015",
        "AL Fekete": "029c4618",
        "BCJ Cutting": "2e11c706",
        "BW Hilfenhaus": "f3171936",
        "CA Lynn": "45eda7c8",
        "D Talalla": "dcfe6cdd",
        "DJ Hussey": "fd835ab3",
        "DJ Worrall": "208f22ea",
        "EP Gulbis": "bbce4647",
        "GJ Davidson": "31ad5973",
        "JA Burns": "7a5f232a",
        "JJ Peirson": "2b55c3b4",
        "JK Lalor": "88209c84",
        "JR Hopes": "2498e163",
        "KP Pietersen": "39f01cdb",
        "LJ Wright": "cca50cd6",
        "LMP Simmons": "89f64c19",
        "MA Beer": "f60dc2a5",
        "MJ Swepson": "86b4bf88",
        "MP Stoinis": "d9273ee7",
        "NJ Reardon": "c7bdb5b5",
        "PSP Handscomb": "ada15e88",
        "RJ Quiney": "23ac69e6",
        "S Badree": "76388dc8",
        "SJ Nogajski": "9b3f9323"
      }
    },
    "season": "2015/16",
    "team_type": "club",
    "teams": [
      "Melbourne Stars",
      "Brisbane Heat"
    ],
    "toss": {
      "decision": "field",
      "winner": "Melbourne Stars"
    },
    "venue": "Melbourne Cricket Ground"
  },
  "innings": [
    {
      "team": "Brisbane Heat",
      "overs": [
        {
          "over": 0,
          "deliveries": [
            {
              "batter": "LMP Simmons",
              "bowler": "MA Beer",
              "non_striker": "JJ Peirson",
              "runs": {
                "batter": 4,
                "extras": 0,
                "total": 4
              }
            },
            {
              "batter": "LMP Simmons",
              "bowler": "MA Beer",
              "non_striker": "JJ Peirson",
              "runs": {
                "batter": 0,
                "extras": 0,
                "total": 0
              }
            },
            {
              "batter": "LMP Simmons",
              "bowler": "MA Beer",
              "non_striker": "JJ Peirson",
              "runs": {
                "batter": 0,
                "extras": 0,
                "total": 0
              }
            },
            {
              "batter": "LMP Simmons",
              "bowler": "MA Beer",
              "non_striker": "JJ Peirson",
              "runs": {
                "batter": 1,
                "extras": 0,
                "total": 1
              }
            },
            {
              "batter": "JJ Peirson",
              "bowler": "MA Beer",
              "non_striker": "LMP Simmons",
              "runs": {
                "batter": 0,
                "extras": 0,
                "total": 0
              },
              "wickets": [
                {
                  "kind": "bowled",
                  "player_out": "JJ Peirson"
                }
              ]
            },
            {
              "batter": "CA Lynn",
              "bowler": "MA Beer",
              "non_striker": "LMP Simmons",
              "runs": {
                "batter": 0,
                "extras": 0,
                "total": 0
              }
            }
          ]
        },
        {
          "over": 1,
          "deliveries": [
            {
              "batter": "LMP Simmons",
              "bowler": "DJ Worrall",
              "non_striker": "CA Lynn",
              "runs": {
                "batter": 0,
                "extras": 0,
                "total": 0
              }
            },
            {
              "batter": "LMP Simmons",
              "bowler": "DJ Worrall",
              "non_striker": "CA Lynn",
              "runs": {
                "batter": 0,
                "extras": 0,
                "total": 0
              }
            },
            {
              "batter": "LMP Simmons",
              "bowler": "DJ Worrall",
              "non_striker": "CA Lynn",
              "runs": {
                "batter": 1,
                "extras": 0,
                "total": 1
              }
            },
            {
              "batter": "CA Lynn",
              "bowler": "DJ Worrall",
              "non_striker": "LMP Simmons",
              "runs": {
                "batter": 0,
                "extras": 0,
                "total": 0
              }
            },
            {
              "batter": "CA Lynn",
              "bowler": "DJ Worrall",
              "non_striker": "LMP Simmons",
              "runs": {
                "batter": 4,
                "extras": 0,
                "total": 4
              }
            },
            {
              "batter": "CA Lynn",
              "bowler": "DJ Worrall",
              "non_striker": "LMP Simmons",
              "runs": {
                "batter": 0,
                "extras": 0,
                "total": 0
              }
            }
          ]
        },
        {
          "over": 2,
          "deliveries": [
            {
              "batter": "LMP Simmons",
              "bowler": "MA Beer",
              "non_striker": "CA Lynn",
              "runs": {
                "batter": 4,
                "extras": 0,
                "total": 4
              }
            },
            {
              "batter": "LMP Simmons",
              "bowler": "MA Beer",
              "non_striker": "CA Lynn",
              "runs": {
                "batter": 4,
                "extras": 0,
                "total": 4
              }
            },
            {
              "batter": "LMP Simmons",
              "bowler": "MA Beer",
              "non_striker": "CA Lynn",
              "runs": {
                "batter": 4,
                "extras": 0,
                "total": 4
              }
            },
            {
              "batter": "LMP Simmons",
              "bowler": "MA Beer",
              "non_striker": "CA Lynn",
              "runs": {
                "batter": 0,
                "extras": 0,
                "total": 0
              }
            },
            {
              "batter": "LMP Simmons",
              "bowler": "MA Beer",
              "non_striker": "CA Lynn",
              "runs": {
                "batter": 1,
                "extras": 0,
                "total": 1
              }
            },
            {
              "batter": "CA Lynn",
              "bowler": "MA Beer",
              "non_striker": "LMP Simmons",
              "runs": {
                "batter": 1,
                "extras": 0,
                "total": 1
              }
            }
          ]
        },
        {
          "over": 3,
          "deliveries": [
            {
              "batter": "CA Lynn",
              "bowler": "DJ Worrall",
              "non_striker": "LMP Simmons",
              "runs": {
                "batter": 0,
                "extras": 0,
                "total": 0
              }
            },
            {
              "batter": "CA Lynn",
              "bowler": "DJ Worrall",
              "non_striker": "LMP Simmons",
              "runs": {
                "batter": 0,
                "extras": 0,
                "total": 0
              }
            },
            {
              "batter": "CA Lynn",
              "bowler": "DJ Worrall",
              "non_striker": "LMP Simmons",
              "runs": {
                "batter": 6,
                "extras": 0,
                "total": 6
              }
            },
            {
              "batter": "CA Lynn",
              "bowler": "DJ Worrall",
              "non_striker": "LMP Simmons",
              "runs": {
                "batter": 0,
                "extras": 0,
                "total": 0
              }
            },
            {
              "batter": "CA Lynn",
              "bowler": "DJ Worrall",
              "non_striker": "LMP Simmons",
              "runs": {
                "batter": 6,
                "extras": 0,
                "total": 6
              }
            },
            {
              "batter": "CA Lynn",
              "bowler": "DJ Worrall",
              "non_striker": "LMP Simmons",
              "runs": {
                "batter": 4,
                "extras": 0,
                "total": 4
              }
            }
          ]
        },
        {
          "over": 4,
          "deliveries": [
            {
              "batter": "LMP Simmons",
              "bowler": "MA Beer",
              "non_striker": "CA Lynn",
              "runs": {
                "batter": 1,
                "extras": 0,
                "total": 1
              }
            },
            {
              "batter": "CA Lynn",
              "bowler": "MA Beer",
              "non_striker": "LMP Simmons",
              "runs": {
                "batter": 1,
                "extras": 0,
                "total": 1
              }
            },
            {
              "batter": "LMP Simmons",
              "bowler": "MA Beer",
              "non_striker": "CA Lynn",
              "runs": {
                "batter": 1,
                "extras": 0,
                "total": 1
              }
            },
            {
              "batter": "CA Lynn",
              "bowler": "MA Beer",
              "non_striker": "LMP Simmons",
              "runs": {
                "batter": 1,
                "extras": 0,
                "total": 1
              }
            },
            {
              "batter": "LMP Simmons",
              "bowler": "MA Beer",
              "non_striker": "CA Lynn",
              "runs": {
                "batter": 0,
                "extras": 0,
                "total": 0
              }
            },
            {
              "batter": "LMP Simmons",
              "bowler": "MA Beer",
              "non_striker": "CA Lynn",
              "runs": {
                "batter": 4,
                "extras": 0,
                "total": 4
              }
            }
          ]
        },
        {
          "over": 5,
          "deliveries": [
            {
              "batter": "CA Lynn",
              "bowler": "BW Hilfenhaus",
              "non_striker": "LMP Simmons",
              "runs": {
                "batter": 0,
                "extras": 0,
                "total": 0
              }
            },
            {
              "batter": "CA Lynn",
              "bowler": "BW Hilfenhaus",
              "non_striker": "LMP Simmons",
              "runs": {
                "batter": 6,
                "extras": 0,
                "total": 6
              }
            },
            {
              "batter": "CA Lynn",
              "bowler": "BW Hilfenhaus",
              "non_striker": "LMP Simmons",
              "runs": {
                "batter": 6,
                "extras": 0,
                "total": 6
              }
            },
            {
              "batter": "CA Lynn",
              "bowler": "BW Hilfenhaus",
              "non_striker": "LMP Simmons",
              "runs": {
                "batter": 6,
                "extras": 0,
                "total": 6
              }
            },
            {
              "batter": "CA Lynn",
              "bowler": "BW Hilfenhaus",
              "non_striker": "LMP Simmons",
              "runs": {
                "batter": 6,
                "extras": 0,
                "total": 6
              }
            },
            {
              "batter": "CA Lynn",
              "bowler": "BW Hilfenhaus",
              "non_striker": "LMP Simmons",
              "runs": {
                "batter": 6,
                "extras": 0,
                "total": 6
              }
            }
          ]
        },
        {
          "over": 6,
          "deliveries": [
            {
              "batter": "LMP Simmons",
              "bowler": "EP Gulbis",
              "non_striker": "CA Lynn",
              "runs": {
                "batter": 1,
                "extras": 0,
                "total": 1
              }
            },
            {
              "batter": "CA Lynn",
              "bowler": "EP Gulbis",
              "non_striker": "LMP Simmons",
              "runs": {
                "batter": 0,
                "extras": 0,
                "total": 0
              }
            },
            {
              "batter": "CA Lynn",
              "bowler": "EP Gulbis",
              "non_striker": "LMP Simmons",
              "runs": {
                "batter": 1,
                "extras": 0,
                "total": 1
              }
            },
            {
              "batter": "LMP Simmons",
              "bowler": "EP Gulbis",
              "non_striker": "CA Lynn",
              "runs": {
                "batter": 1,
                "extras": 0,
                "total": 1
              }
            },
            {
              "batter": "CA Lynn",
              "bowler": "EP Gulbis",
              "non_striker": "LMP Simmons",
              "runs": {
                "batter": 1,
                "extras": 0,
                "total": 1
              }
            },
            {
              "batter": "LMP Simmons",
              "bowler": "EP Gulbis",
              "non_striker": "CA Lynn",
              "runs": {
                "batter": 0,
                "extras": 0,
                "total": 0
              }
            }
          ]
        },
        {
          "over": 7,
          "deliveries": [
            {
              "batter": "CA Lynn",
              "bowler": "A Zampa",
              "non_striker": "LMP Simmons",
              "runs": {
                "batter": 1,
                "extras": 0,
                "total": 1
              }
            },
            {
              "batter": "LMP Simmons",
              "bowler": "A Zampa",
              "non_striker": "CA Lynn",
              "runs": {
                "batter": 1,
                "extras": 0,
                "total": 1
              }
            },
            {
              "batter": "CA Lynn",
              "bowler": "A Zampa",
              "non_striker": "LMP Simmons",
              "runs": {
                "batter": 0,
                "extras": 0,
                "total": 0
              },
              "wickets": [
                {
                  "kind": "caught",
                  "player_out": "CA Lynn",
                  "fielders": [
                    {
                      "name": "RJ Quiney"
                    }
                  ]
                }
              ]
            },
            {
              "batter": "LMP Simmons",
              "bowler": "A Zampa",
              "non_striker": "JA Burns",
              "runs": {
                "batter": 0,
                "extras": 0,
                "total": 0
              }
            },
            {
              "batter": "LMP Simmons",
              "bowler": "A Zampa",
              "non_striker": "JA Burns",
              "runs": {
                "batter": 1,
                "extras": 0,
                "total": 1
              }
            },
            {
              "batter": "JA Burns",
              "bowler": "A Zampa",
              "non_striker": "LMP Simmons",
              "runs": {
                "batter": 0,
                "extras": 0,
                "total": 0
              }
            }
          ]
        },
        {
          "over": 8,
          "deliveries": [
            {
              "batter": "LMP Simmons",
              "bowler": "EP Gulbis",
              "non_striker": "JA Burns",
              "runs": {
                "batter": 1,
                "extras": 0,
                "total": 1
              }
            },
            {
              "batter": "JA Burns",
              "bowler": "EP Gulbis",
              "non_striker": "LMP Simmons",
              "runs": {
                "batter": 0,
                "extras": 0,
                "total": 0
              }
            },
            {
              "batter": "JA Burns",
              "bowler": "EP Gulbis",
              "non_striker": "LMP Simmons",
              "runs": {
                "batter": 0,
                "extras": 0,
                "total": 0
              }
            },
            {
              "batter": "JA Burns",
              "bowler": "EP Gulbis",
              "non_striker": "LMP Simmons",
              "runs": {
                "batter": 0,
                "extras": 0,
                "total": 0
              }
            },
            {
              "batter": "JA Burns",
              "bowler": "EP Gulbis",
              "non_striker": "LMP Simmons",
              "runs": {
                "batter": 0,
                "extras": 0,
                "total": 0
              }
            },
            {
              "batter": "JA Burns",
              "bowler": "EP Gulbis",
              "non_striker": "LMP Simmons",
              "runs": {
                "batter": 2,
                "extras": 0,
                "total": 2
              }
            }
          ]
        },
        {
          "over": 9,
          "deliveries": [
            {
              "batter": "LMP Simmons",
              "bowler": "A Zampa",
              "non_striker": "JA Burns",
              "runs": {
                "batter": 0,
                "extras": 0,
                "total": 0
              }
            },
            {
              "batter": "LMP Simmons",
              "bowler": "A Zampa",
              "non_striker": "JA Burns",
              "runs": {
                "batter": 1,
                "extras": 0,
                "total": 1
              }
            },
            {
              "batter": "JA Burns",
              "bowler": "A Zampa",
              "non_striker": "LMP Simmons",
              "runs": {
                "batter": 0,
                "extras": 0,
                "total": 0
              }
            },
            {
              "batter": "JA Burns",
              "bowler": "A Zampa",
              "non_striker": "LMP Simmons",
              "runs": {
                "batter": 1,
                "extras": 0,
                "total": 1
              }
            },
            {
              "batter": "LMP Simmons",
              "bowler": "A Zampa",
              "non_striker": "JA Burns",
              "runs": {
                "batter": 0,
                "extras": 0,
                "total": 0
              }
            },
            {
              "batter": "LMP Simmons",
              "bowler": "A Zampa",
              "non_striker": "JA Burns",
              "runs": {
                "batter": 6,
                "extras": 0,
                "total": 6
              }
            }
          ]
        },
        {
          "over": 10,
          "deliveries": [
            {
              "batter": "JA Burns",
              "bowler": "EP Gulbis",
              "non_striker": "LMP Simmons",
              "runs": {
                "batter": 1,
                "extras": 0,
                "total": 1
              }
            },
            {
              "batter": "LMP Simmons",
              "bowler": "EP Gulbis",
              "non_striker": "JA Burns",
              "runs": {
                "batter": 1,
                "extras": 0,
                "total": 1
              }
            },
            {
              "batter": "JA Burns",
              "bowler": "EP Gulbis",
              "non_striker": "LMP Simmons",
              "runs": {
                "batter": 2,
                "extras": 0,
                "total": 2
              }
            },
            {
              "batter": "JA Burns",
              "bowler": "EP Gulbis",
              "non_striker": "LMP Simmons",
              "runs": {
                "batter": 0,
                "extras": 0,
                "total": 0
              }
            },
            {
              "batter": "JA Burns",
              "bowler": "EP Gulbis",
              "non_striker": "LMP Simmons",
              "runs": {
                "batter": 0,
                "extras": 0,
                "total": 0
              }
            },
            {
              "batter": "JA Burns",
              "bowler": "EP Gulbis",
              "non_striker": "LMP Simmons",
              "runs": {
                "batter": 2,
                "extras": 0,
                "total": 2
              }
            }
          ]
        },
        {
          "over": 11,
          "deliveries": [
            {
              "batter": "LMP Simmons",
              "bowler": "MA Beer",
              "extras": {
                "noballs": 1
              },
              "non_striker": "JA Burns",
              "runs": {
                "batter": 2,
                "extras": 1,
                "total": 3
              }
            },
            {
              "batter": "LMP Simmons",
              "bowler": "MA Beer",
              "non_striker": "JA Burns",
              "runs": {
                "batter": 0,
                "extras": 0,
                "total": 0
              }
            },
            {
              "batter": "LMP Simmons",
              "bowler": "MA Beer",
              "extras": {
                "wides": 1
              },
              "non_striker": "JA Burns",
              "runs": {
                "batter": 0,
                "extras": 1,
                "total": 1
              }
            },
            {
              "batter": "LMP Simmons",
              "bowler": "MA Beer",
              "non_striker": "JA Burns",
              "runs": {
                "batter": 1,
                "extras": 0,
                "total": 1
              }
            },
            {
              "batter": "JA Burns",
              "bowler": "MA Beer",
              "non_striker": "LMP Simmons",
              "runs": {
                "batter": 0,
                "extras": 0,
                "total": 0
              }
            },
            {
              "batter": "JA Burns",
              "bowler": "MA Beer",
              "non_striker": "LMP Simmons",
              "runs": {
                "batter": 0,
                "extras": 0,
                "total": 0
              }
            },
            {
              "batter": "JA Burns",
              "bowler": "MA Beer",
              "non_striker": "LMP Simmons",
              "runs": {
                "batter": 1,
                "extras": 0,
                "total": 1
              }
            },
            {
              "batter": "LMP Simmons",
              "bowler": "MA Beer",
              "non_striker": "JA Burns",
              "runs": {
                "batter": 1,
                "extras": 0,
                "total": 1
              }
            }
          ]
        },
        {
          "over": 12,
          "deliveries": [
            {
              "batter": "LMP Simmons",
              "bowler": "BW Hilfenhaus",
              "non_striker": "JA Burns",
              "runs": {
                "batter": 1,
                "extras": 0,
                "total": 1
              }
            },
            {
              "batter": "JA Burns",
              "bowler": "BW Hilfenhaus",
              "non_striker": "LMP Simmons",
              "runs": {
                "batter": 1,
                "extras": 0,
                "total": 1
              }
            },
            {
              "batter": "LMP Simmons",
              "bowler": "BW Hilfenhaus",
              "extras": {
                "wides": 1
              },
              "non_striker": "JA Burns",
              "runs": {
                "batter": 0,
                "extras": 1,
                "total": 1
              }
            },
            {
              "batter": "LMP Simmons",
              "bowler": "BW Hilfenhaus",
              "non_striker": "JA Burns",
              "runs": {
                "batter": 1,
                "extras": 0,
                "total": 1
              }
            },
            {
              "batter": "JA Burns",
              "bowler": "BW Hilfenhaus",
              "non_striker": "LMP Simmons",
              "runs": {
                "batter": 2,
                "extras": 0,
                "total": 2
              }
            },
            {
              "batter": "JA Burns",
              "bowler": "BW Hilfenhaus",
              "extras": {
                "legbyes": 1
              },
              "non_striker": "LMP Simmons",
              "runs": {
                "batter": 0,
                "extras": 1,
                "total": 1
              }
            },
            {
              "batter": "LMP Simmons",
              "bowler": "BW Hilfenhaus",
              "non_striker": "JA Burns",
              "runs": {
                "batter": 0,
                "extras": 0,
                "total": 0
              },
              "wickets": [
                {
                  "kind": "bowled",
                  "player_out": "LMP Simmons"
                }
              ]
            }
          ]
        },
        {
          "over": 13,
          "deliveries": [
            {
              "batter": "JA Burns",
              "bowler": "A Zampa",
              "non_striker": "NJ Reardon",
              "runs": {
                "batter": 1,
                "extras": 0,
                "total": 1
              }
            },
            {
              "batter": "NJ Reardon",
              "bowler": "A Zampa",
              "extras": {
                "wides": 1
              },
              "non_striker": "JA Burns",
              "runs": {
                "batter": 0,
                "extras": 1,
                "total": 1
              }
            },
            {
              "batter": "NJ Reardon",
              "bowler": "A Zampa",
              "non_striker": "JA Burns",
              "runs": {
                "batter": 1,
                "extras": 0,
                "total": 1
              }
            },
            {
              "batter": "JA Burns",
              "bowler": "A Zampa",
              "non_striker": "NJ Reardon",
              "runs": {
                "batter": 1,
                "extras": 0,
                "total": 1
              }
            },
            {
              "batter": "NJ Reardon",
              "bowler": "A Zampa",
              "non_striker": "JA Burns",
              "runs": {
                "batter": 1,
                "extras": 0,
                "total": 1
              }
            },
            {
              "batter": "JA Burns",
              "bowler": "A Zampa",
              "non_striker": "NJ Reardon",
              "runs": {
                "batter": 2,
                "extras": 0,
                "total": 2
              }
            },
            {
              "batter": "JA Burns",
              "bowler": "A Zampa",
              "non_striker": "NJ Reardon",
              "runs": {
                "batter": 1,
                "extras": 0,
                "total": 1
              }
            }
          ]
        },
        {
          "over": 14,
          "deliveries": [
            {
              "batter": "JA Burns",
              "bowler": "MP Stoinis",
              "non_striker": "NJ Reardon",
              "runs": {
                "batter": 1,
                "extras": 0,
                "total": 1
              }
            },
            {
              "batter": "NJ Reardon",
              "bowler": "MP Stoinis",
              "non_striker": "JA Burns",
              "runs": {
                "batter": 1,
                "extras": 0,
                "total": 1
              }
            },
            {
              "batter": "JA Burns",
              "bowler": "MP Stoinis",
              "non_striker": "NJ Reardon",
              "runs": {
                "batter": 1,
                "extras": 0,
                "total": 1
              }
            },
            {
              "batter": "NJ Reardon",
              "bowler": "MP Stoinis",
              "non_striker": "JA Burns",
              "runs": {
                "batter": 0,
                "extras": 0,
                "total": 0
              }
            },
            {
              "batter": "NJ Reardon",
              "bowler": "MP Stoinis",
              "non_striker": "JA Burns",
              "runs": {
                "batter": 1,
                "extras": 0,
                "total": 1
              }
            },
            {
              "batter": "JA Burns",
              "bowler": "MP Stoinis",
              "non_striker": "NJ Reardon",
              "runs": {
                "batter": 2,
                "extras": 0,
                "total": 2
              }
            }
          ]
        },
        {
          "over": 15,
          "deliveries": [
            {
              "batter": "NJ Reardon",
              "bowler": "A Zampa",
              "non_striker": "JA Burns",
              "runs": {
                "batter": 2,
                "extras": 0,
                "total": 2
              }
            },
            {
              "batter": "NJ Reardon",
              "bowler": "A Zampa",
              "non_striker": "JA Burns",
              "runs": {
                "batter": 2,
                "extras": 0,
                "total": 2
              }
            },
            {
              "batter": "NJ Reardon",
              "bowler": "A Zampa",
              "non_striker": "JA Burns",
              "runs": {
                "batter": 1,
                "extras": 0,
                "total": 1
              }
            },
            {
              "batter": "JA Burns",
              "bowler": "A Zampa",
              "non_striker": "NJ Reardon",
              "runs": {
                "batter": 6,
                "extras": 0,
                "total": 6
              }
            },
            {
              "batter": "JA Burns",
              "bowler": "A Zampa",
              "non_striker": "NJ Reardon",
              "runs": {
                "batter": 0,
                "extras": 0,
                "total": 0
              },
              "wickets": [
                {
                  "kind": "caught",
                  "player_out": "JA Burns",
                  "fielders": [
                    {
                      "name": "BW Hilfenhaus"
                    }
                  ]
                }
              ]
            },
            {
              "batter": "NJ Reardon",
              "bowler": "A Zampa",
              "non_striker": "BCJ Cutting",
              "runs": {
                "batter": 1,
                "extras": 0,
                "total": 1
              }
            }
          ]
        },
        {
          "over": 16,
          "deliveries": [
            {
              "batter": "NJ Reardon",
              "bowler": "EP Gulbis",
              "non_striker": "BCJ Cutting",
              "runs": {
                "batter": 4,
                "extras": 0,
                "total": 4
              }
            },
            {
              "batter": "NJ Reardon",
              "bowler": "EP Gulbis",
              "non_striker": "BCJ Cutting",
              "runs": {
                "batter": 2,
                "extras": 0,
                "total": 2
              }
            },
            {
              "batter": "NJ Reardon",
              "bowler": "EP Gulbis",
              "non_striker": "BCJ Cutting",
              "runs": {
                "batter": 6,
                "extras": 0,
                "total": 6
              }
            },
            {
              "batter": "NJ Reardon",
              "bowler": "EP Gulbis",
              "non_striker": "BCJ Cutting",
              "runs": {
                "batter": 1,
                "extras": 0,
                "total": 1
              }
            },
            {
              "batter": "BCJ Cutting",
              "bowler": "EP Gulbis",
              "non_striker": "NJ Reardon",
              "runs": {
                "batter": 1,
                "extras": 0,
                "total": 1
              }
            },
            {
              "batter": "NJ Reardon",
              "bowler": "EP Gulbis",
              "non_striker": "BCJ Cutting",
              "runs": {
                "batter": 0,
                "extras": 0,
                "total": 0
              }
            }
          ]
        },
        {
          "over": 17,
          "deliveries": [
            {
              "batter": "BCJ Cutting",
              "bowler": "DJ Worrall",
              "non_striker": "NJ Reardon",
              "runs": {
                "batter": 1,
                "extras": 0,
                "total": 1
              }
            },
            {
              "batter": "NJ Reardon",
              "bowler": "DJ Worrall",
              "extras": {
                "wides": 1
              },
              "non_striker": "BCJ Cutting",
              "runs": {
                "batter": 0,
                "extras": 1,
                "total": 1
              }
            },
            {
              "batter": "NJ Reardon",
              "bowler": "DJ Worrall",
              "non_striker": "BCJ Cutting",
              "runs": {
                "batter": 0,
                "extras": 0,
                "total": 0
              }
            },
            {
              "batter": "NJ Reardon",
              "bowler": "DJ Worrall",
              "extras": {
                "legbyes": 1
              },
              "non_striker": "BCJ Cutting",
              "runs": {
                "batter": 0,
                "extras": 1,
                "total": 1
              }
            },
            {
              "batter": "BCJ Cutting",
              "bowler": "DJ Worrall",
              "extras": {
                "wides": 1
              },
              "non_striker": "NJ Reardon",
              "runs": {
                "batter": 0,
                "extras": 1,
                "total": 1
              }
            },
            {
              "batter": "BCJ Cutting",
              "bowler": "DJ Worrall",
              "non_striker": "NJ Reardon",
              "runs": {
                "batter": 1,
                "extras": 0,
                "total": 1
              }
            },
            {
              "batter": "NJ Reardon",
              "bowler": "DJ Worrall",
              "extras": {
                "legbyes": 1
              },
              "non_striker": "BCJ Cutting",
              "runs": {
                "batter": 0,
                "extras": 1,
                "total": 1
              }
            },
            {
              "batter": "BCJ Cutting",
              "bowler": "DJ Worrall",
              "non_striker": "NJ Reardon",
              "runs": {
                "batter": 4,
                "extras": 0,
                "total": 4
              }
            }
          ]
        },
        {
          "over": 18,
          "deliveries": [
            {
              "batter": "NJ Reardon",
              "bowler": "BW Hilfenhaus",
              "non_striker": "BCJ Cutting",
              "runs": {
                "batter": 2,
                "extras": 0,
                "total": 2
              }
            },
            {
              "batter": "NJ Reardon",
              "bowler": "BW Hilfenhaus",
              "non_striker": "BCJ Cutting",
              "runs": {
                "batter": 0,
                "extras": 0,
                "total": 0
              },
              "wickets": [
                {
                  "kind": "caught",
                  "player_out": "NJ Reardon",
                  "fielders": [
                    {
                      "name": "EP Gulbis"
                    }
                  ]
                }
              ]
            },
            {
              "batter": "BCJ Cutting",
              "bowler": "BW Hilfenhaus",
              "non_striker": "JR Hopes",
              "runs": {
                "batter": 2,
                "extras": 0,
                "total": 2
              }
            },
            {
              "batter": "BCJ Cutting",
              "bowler": "BW Hilfenhaus",
              "extras": {
                "legbyes": 1
              },
              "non_striker": "JR Hopes",
              "runs": {
                "batter": 0,
                "extras": 1,
                "total": 1
              }
            },
            {
              "batter": "JR Hopes",
              "bowler": "BW Hilfenhaus",
              "non_striker": "BCJ Cutting",
              "runs": {
                "batter": 1,
                "extras": 0,
                "total": 1
              }
            },
            {
              "batter": "BCJ Cutting",
              "bowler": "BW Hilfenhaus",
              "non_striker": "JR Hopes",
              "runs": {
                "batter": 1,
                "extras": 0,
                "total": 1
              }
            }
          ]
        },
        {
          "over": 19,
          "deliveries": [
            {
              "batter": "BCJ Cutting",
              "bowler": "DJ Worrall",
              "non_striker": "JR Hopes",
              "runs": {
                "batter": 6,
                "extras": 0,
                "total": 6
              }
            },
            {
              "batter": "BCJ Cutting",
              "bowler": "DJ Worrall",
              "non_striker": "JR Hopes",
              "runs": {
                "batter": 2,
                "extras": 0,
                "total": 2
              }
            },
            {
              "batter": "BCJ Cutting",
              "bowler": "DJ Worrall",
              "non_striker": "JR Hopes",
              "runs": {
                "batter": 4,
                "extras": 0,
                "total": 4
              }
            },
            {
              "batter": "BCJ Cutting",
              "bowler": "DJ Worrall",
              "non_striker": "JR Hopes",
              "runs": {
                "batter": 0,
                "extras": 0,
                "total": 0
              },
              "wickets": [
                {
                  "kind": "lbw",
                  "player_out": "BCJ Cutting"
                }
              ]
            },
            {
              "batter": "JK Lalor",
              "bowler": "DJ Worrall",
              "extras": {
                "wides": 1
              },
              "non_striker": "JR Hopes",
              "runs": {
                "batter": 0,
                "extras": 1,
                "total": 1
              },
              "wickets": [
                {
                  "kind": "run out",
                  "player_out": "JK Lalor",
                  "fielders": [
                    {
                      "name": "PSP Handscomb"
                    },
                    {
                      "name": "DJ Worrall"
                    }
                  ]
                }
              ]
            },
            {
              "batter": "JR Hopes",
              "bowler": "DJ Worrall",
              "non_striker": "AL Fekete",
              "runs": {
                "batter": 1,
                "extras": 0,
                "total": 1
              }
            },
            {
              "batter": "AL Fekete",
              "bowler": "DJ Worrall",
              "non_striker": "JR Hopes",
              "runs": {
                "batter": 1,
                "extras": 0,
                "total": 1
              }
            }
          ]
        }
      ],
      "powerplays": [
        {
          "from": 0.1,
          "to": 5.6,
          "type": "mandatory"
        }
      ]
    },
    {
      "team": "Melbourne Stars",
      "overs": [
        {
          "over": 0,
          "deliveries": [
            {
              "batter": "MP Stoinis",
              "bowler": "S Badree",
              "non_striker": "LJ Wright",
              "runs": {
                "batter": 1,
                "extras": 0,
                "total": 1
              }
            },
            {
              "batter": "LJ Wright",
              "bowler": "S Badree",
              "non_striker": "MP Stoinis",
              "runs": {
                "batter": 0,
                "extras": 0,
                "total": 0
              }
            },
            {
              "batter": "LJ Wright",
              "bowler": "S Badree",
              "non_striker": "MP Stoinis",
              "runs": {
                "batter": 0,
                "extras": 0,
                "total": 0
              },
              "wickets": [
                {
                  "kind": "bowled",
                  "player_out": "LJ Wright"
                }
              ]
            },
            {
              "batter": "KP Pietersen",
              "bowler": "S Badree",
              "non_striker": "MP Stoinis",
              "runs": {
                "batter": 0,
                "extras": 0,
                "total": 0
              }
            },
            {
              "batter": "KP Pietersen",
              "bowler": "S Badree",
              "non_striker": "MP Stoinis",
              "runs": {
                "batter": 0,
                "extras": 0,
                "total": 0
              }
            },
            {
              "batter": "KP Pietersen",
              "bowler": "S Badree",
              "non_striker": "MP Stoinis",
              "runs": {
                "batter": 1,
                "extras": 0,
                "total": 1
              }
            }
          ]
        },
        {
          "over": 1,
          "deliveries": [
            {
              "batter": "KP Pietersen",
              "bowler": "JR Hopes",
              "non_striker": "MP Stoinis",
              "runs": {
                "batter": 1,
                "extras": 0,
                "total": 1
              }
            },
            {
              "batter": "MP Stoinis",
              "bowler": "JR Hopes",
              "non_striker": "KP Pietersen",
              "runs": {
                "batter": 1,
                "extras": 0,
                "total": 1
              }
            },
            {
              "batter": "KP Pietersen",
              "bowler": "JR Hopes",
              "non_striker": "MP Stoinis",
              "runs": {
                "batter": 0,
                "extras": 0,
                "total": 0
              }
            },
            {
              "batter": "KP Pietersen",
              "bowler": "JR Hopes",
              "non_striker": "MP Stoinis",
              "runs": {
                "batter": 0,
                "extras": 0,
                "total": 0
              }
            },
            {
              "batter": "KP Pietersen",
              "bowler": "JR Hopes",
              "non_striker": "MP Stoinis",
              "runs": {
                "batter": 1,
                "extras": 0,
                "total": 1
              }
            },
            {
              "batter": "MP Stoinis",
              "bowler": "JR Hopes",
              "non_striker": "KP Pietersen",
              "runs": {
                "batter": 1,
                "extras": 0,
                "total": 1
              }
            }
          ]
        },
        {
          "over": 2,
          "deliveries": [
            {
              "batter": "MP Stoinis",
              "bowler": "S Badree",
              "non_striker": "KP Pietersen",
              "runs": {
                "batter": 4,
                "extras": 0,
                "total": 4
              }
            },
            {
              "batter": "MP Stoinis",
              "bowler": "S Badree",
              "non_striker": "KP Pietersen",
              "runs": {
                "batter": 1,
                "extras": 0,
                "total": 1
              }
            },
            {
              "batter": "KP Pietersen",
              "bowler": "S Badree",
              "non_striker": "MP Stoinis",
              "runs": {
                "batter": 4,
                "extras": 0,
                "total": 4
              }
            },
            {
              "batter": "KP Pietersen",
              "bowler": "S Badree",
              "non_striker": "MP Stoinis",
              "runs": {
                "batter": 0,
                "extras": 0,
                "total": 0
              },
              "wickets": [
                {
                  "kind": "lbw",
                  "player_out": "KP Pietersen"
                }
              ]
            },
            {
              "batter": "PSP Handscomb",
              "bowler": "S Badree",
              "non_striker": "MP Stoinis",
              "runs": {
                "batter": 1,
                "extras": 0,
                "total": 1
              }
            },
            {
              "batter": "MP Stoinis",
              "bowler": "S Badree",
              "non_striker": "PSP Handscomb",
              "runs": {
                "batter": 0,
                "extras": 0,
                "total": 0
              },
              "wickets": [
                {
                  "kind": "caught",
                  "player_out": "MP Stoinis",
                  "fielders": [
                    {
                      "name": "BCJ Cutting"
                    }
                  ]
                }
              ]
            }
          ]
        },
        {
          "over": 3,
          "deliveries": [
            {
              "batter": "PSP Handscomb",
              "bowler": "JR Hopes",
              "non_striker": "DJ Hussey",
              "runs": {
                "batter": 0,
                "extras": 0,
                "total": 0
              }
            },
            {
              "batter": "PSP Handscomb",
              "bowler": "JR Hopes",
              "non_striker": "DJ Hussey",
              "runs": {
                "batter": 0,
                "extras": 0,
                "total": 0
              }
            },
            {
              "batter": "PSP Handscomb",
              "bowler": "JR Hopes",
              "non_striker": "DJ Hussey",
              "runs": {
                "batter": 0,
                "extras": 0,
                "total": 0
              }
            },
            {
              "batter": "PSP Handscomb",
              "bowler": "JR Hopes",
              "non_striker": "DJ Hussey",
              "runs": {
                "batter": 0,
                "extras": 0,
                "total": 0
              }
            },
            {
              "batter": "PSP Handscomb",
              "bowler": "JR Hopes",
              "non_striker": "DJ Hussey",
              "runs": {
                "batter": 1,
                "extras": 0,
                "total": 1
              }
            },
            {
              "batter": "DJ Hussey",
              "bowler": "JR Hopes",
              "non_striker": "PSP Handscomb",
              "runs": {
                "batter": 1,
                "extras": 0,
                "total": 1
              }
            }
          ]
        },
        {
          "over": 4,
          "deliveries": [
            {
              "batter": "DJ Hussey",
              "bowler": "S Badree",
              "non_striker": "PSP Handscomb",
              "runs": {
                "batter": 0,
                "extras": 0,
                "total": 0
              }
            },
            {
              "batter": "DJ Hussey",
              "bowler": "S Badree",
              "non_striker": "PSP Handscomb",
              "runs": {
                "batter": 4,
                "extras": 0,
                "total": 4
              }
            },
            {
              "batter": "DJ Hussey",
              "bowler": "S Badree",
              "non_striker": "PSP Handscomb",
              "runs": {
                "batter": 0,
                "extras": 0,
                "total": 0
              }
            },
            {
              "batter": "DJ Hussey",
              "bowler": "S Badree",
              "non_striker": "PSP Handscomb",
              "runs": {
                "batter": 1,
                "extras": 0,
                "total": 1
              }
            },
            {
              "batter": "PSP Handscomb",
              "bowler": "S Badree",
              "non_striker": "DJ Hussey",
              "runs": {
                "batter": 0,
                "extras": 0,
                "total": 0
              },
              "wickets": [
                {
                  "kind": "stumped",
                  "player_out": "PSP Handscomb",
                  "fielders": [
                    {
                      "name": "JJ Peirson"
                    }
                  ]
                }
              ]
            },
            {
              "batter": "RJ Quiney",
              "bowler": "S Badree",
              "non_striker": "DJ Hussey",
              "runs": {
                "batter": 0,
                "extras": 0,
                "total": 0
              },
              "wickets": [
                {
                  "kind": "caught",
                  "player_out": "RJ Quiney",
                  "fielders": [
                    {
                      "name": "BCJ Cutting"
                    }
                  ]
                }
              ]
            }
          ]
        },
        {
          "over": 5,
          "deliveries": [
            {
              "batter": "DJ Hussey",
              "bowler": "JR Hopes",
              "non_striker": "EP Gulbis",
              "runs": {
                "batter": 1,
                "extras": 0,
                "total": 1
              }
            },
            {
              "batter": "EP Gulbis",
              "bowler": "JR Hopes",
              "non_striker": "DJ Hussey",
              "runs": {
                "batter": 0,
                "extras": 0,
                "total": 0
              }
            },
            {
              "batter": "EP Gulbis",
              "bowler": "JR Hopes",
              "non_striker": "DJ Hussey",
              "runs": {
                "batter": 0,
                "extras": 0,
                "total": 0
              }
            },
            {
              "batter": "EP Gulbis",
              "bowler": "JR Hopes",
              "non_striker": "DJ Hussey",
              "runs": {
                "batter": 0,
                "extras": 0,
                "total": 0
              }
            },
            {
              "batter": "EP Gulbis",
              "bowler": "JR Hopes",
              "non_striker": "DJ Hussey",
              "runs": {
                "batter": 0,
                "extras": 0,
                "total": 0
              }
            },
            {
              "batter": "EP Gulbis",
              "bowler": "JR Hopes",
              "non_striker": "DJ Hussey",
              "runs": {
                "batter": 0,
                "extras": 0,
                "total": 0
              }
            }
          ]
        },
        {
          "over": 6,
          "deliveries": [
            {
              "batter": "DJ Hussey",
              "bowler": "S Badree",
              "non_striker": "EP Gulbis",
              "runs": {
                "batter": 2,
                "extras": 0,
                "total": 2
              }
            },
            {
              "batter": "DJ Hussey",
              "bowler": "S Badree",
              "non_striker": "EP Gulbis",
              "runs": {
                "batter": 1,
                "extras": 0,
                "total": 1
              }
            },
            {
              "batter": "EP Gulbis",
              "bowler": "S Badree",
              "non_striker": "DJ Hussey",
              "runs": {
                "batter": 0,
                "extras": 0,
                "total": 0
              }
            },
            {
              "batter": "EP Gulbis",
              "bowler": "S Badree",
              "non_striker": "DJ Hussey",
              "runs": {
                "batter": 1,
                "extras": 0,
                "total": 1
              }
            },
            {
              "batter": "DJ Hussey",
              "bowler": "S Badree",
              "non_striker": "EP Gulbis",
              "runs": {
                "batter": 1,
                "extras": 0,
                "total": 1
              }
            },
            {
              "batter": "EP Gulbis",
              "bowler": "S Badree",
              "extras": {
                "legbyes": 1
              },
              "non_striker": "DJ Hussey",
              "runs": {
                "batter": 0,
                "extras": 1,
                "total": 1
              }
            }
          ]
        },
        {
          "over": 7,
          "deliveries": [
            {
              "batter": "EP Gulbis",
              "bowler": "AL Fekete",
              "non_striker": "DJ Hussey",
              "runs": {
                "batter": 1,
                "extras": 0,
                "total": 1
              }
            },
            {
              "batter": "DJ Hussey",
              "bowler": "AL Fekete",
              "extras": {
                "legbyes": 1
              },
              "non_striker": "EP Gulbis",
              "runs": {
                "batter": 0,
                "extras": 1,
                "total": 1
              }
            },
            {
              "batter": "EP Gulbis",
              "bowler": "AL Fekete",
              "non_striker": "DJ Hussey",
              "runs": {
                "batter": 0,
                "extras": 0,
                "total": 0
              }
            },
            {
              "batter": "EP Gulbis",
              "bowler": "AL Fekete",
              "non_striker": "DJ Hussey",
              "runs": {
                "batter": 4,
                "extras": 0,
                "total": 4
              }
            },
            {
              "batter": "EP Gulbis",
              "bowler": "AL Fekete",
              "non_striker": "DJ Hussey",
              "runs": {
                "batter": 0,
                "extras": 0,
                "total": 0
              }
            },
            {
              "batter": "EP Gulbis",
              "bowler": "AL Fekete",
              "non_striker": "DJ Hussey",
              "runs": {
                "batter": 4,
                "extras": 0,
                "total": 4
              }
            }
          ]
        },
        {
          "over": 8,
          "deliveries": [
            {
              "batter": "DJ Hussey",
              "bowler": "JK Lalor",
              "non_striker": "EP Gulbis",
              "runs": {
                "batter": 1,
                "extras": 0,
                "total": 1
              }
            },
            {
              "batter": "EP Gulbis",
              "bowler": "JK Lalor",
              "non_striker": "DJ Hussey",
              "runs": {
                "batter": 1,
                "extras": 0,
                "total": 1
              }
            },
            {
              "batter": "DJ Hussey",
              "bowler": "JK Lalor",
              "non_striker": "EP Gulbis",
              "runs": {
                "batter": 2,
                "extras": 0,
                "total": 2
              }
            },
            {
              "batter": "DJ Hussey",
              "bowler": "JK Lalor",
              "non_striker": "EP Gulbis",
              "runs": {
                "batter": 1,
                "extras": 0,
                "total": 1
              }
            },
            {
              "batter": "EP Gulbis",
              "bowler": "JK Lalor",
              "non_striker": "DJ Hussey",
              "runs": {
                "batter": 0,
                "extras": 0,
                "total": 0
              }
            },
            {
              "batter": "EP Gulbis",
              "bowler": "JK Lalor",
              "non_striker": "DJ Hussey",
              "runs": {
                "batter": 0,
                "extras": 0,
                "total": 0
              }
            }
          ]
        },
        {
          "over": 9,
          "deliveries": [
            {
              "batter": "DJ Hussey",
              "bowler": "MJ Swepson",
              "non_striker": "EP Gulbis",
              "runs": {
                "batter": 3,
                "extras": 0,
                "total": 3
              }
            },
            {
              "batter": "EP Gulbis",
              "bowler": "MJ Swepson",
              "non_striker": "DJ Hussey",
              "runs": {
                "batter": 1,
                "extras": 0,
                "total": 1
              }
            },
            {
              "batter": "DJ Hussey",
              "bowler": "MJ Swepson",
              "non_striker": "EP Gulbis",
              "runs": {
                "batter": 0,
                "extras": 0,
                "total": 0
              }
            },
            {
              "batter": "DJ Hussey",
              "bowler": "MJ Swepson",
              "non_striker": "EP Gulbis",
              "runs": {
                "batter": 1,
                "extras": 0,
                "total": 1
              }
            },
            {
              "batter": "EP Gulbis",
              "bowler": "MJ Swepson",
              "extras": {
                "legbyes": 1
              },
              "non_striker": "DJ Hussey",
              "runs": {
                "batter": 0,
                "extras": 1,
                "total": 1
              }
            },
            {
              "batter": "DJ Hussey",
              "bowler": "MJ Swepson",
              "non_striker": "EP Gulbis",
              "runs": {
                "batter": 1,
                "extras": 0,
                "total": 1
              }
            }
          ]
        },
        {
          "over": 10,
          "deliveries": [
            {
              "batter": "DJ Hussey",
              "bowler": "JK Lalor",
              "non_striker": "EP Gulbis",
              "runs": {
                "batter": 1,
                "extras": 0,
                "total": 1
              }
            },
            {
              "batter": "EP Gulbis",
              "bowler": "JK Lalor",
              "non_striker": "DJ Hussey",
              "runs": {
                "batter": 4,
                "extras": 0,
                "total": 4
              }
            },
            {
              "batter": "EP Gulbis",
              "bowler": "JK Lalor",
              "non_striker": "DJ Hussey",
              "runs": {
                "batter": 0,
                "extras": 0,
                "total": 0
              }
            },
            {
              "batter": "EP Gulbis",
              "bowler": "JK Lalor",
              "non_striker": "DJ Hussey",
              "runs": {
                "batter": 1,
                "extras": 0,
                "total": 1
              }
            },
            {
              "batter": "DJ Hussey",
              "bowler": "JK Lalor",
              "non_striker": "EP Gulbis",
              "runs": {
                "batter": 1,
                "extras": 0,
                "total": 1
              }
            },
            {
              "batter": "EP Gulbis",
              "bowler": "JK Lalor",
              "non_striker": "DJ Hussey",
              "runs": {
                "batter": 1,
                "extras": 0,
                "total": 1
              }
            }
          ]
        },
        {
          "over": 11,
          "deliveries": [
            {
              "batter": "EP Gulbis",
              "bowler": "MJ Swepson",
              "non_striker": "DJ Hussey",
              "runs": {
                "batter": 0,
                "extras": 0,
                "total": 0
              }
            },
            {
              "batter": "EP Gulbis",
              "bowler": "MJ Swepson",
              "non_striker": "DJ Hussey",
              "runs": {
                "batter": 0,
                "extras": 0,
                "total": 0
              }
            },
            {
              "batter": "EP Gulbis",
              "bowler": "MJ Swepson",
              "non_striker": "DJ Hussey",
              "runs": {
                "batter": 2,
                "extras": 0,
                "total": 2
              }
            },
            {
              "batter": "EP Gulbis",
              "bowler": "MJ Swepson",
              "non_striker": "DJ Hussey",
              "runs": {
                "batter": 0,
                "extras": 0,
                "total": 0
              }
            },
            {
              "batter": "EP Gulbis",
              "bowler": "MJ Swepson",
              "extras": {
                "wides": 5
              },
              "non_striker": "DJ Hussey",
              "runs": {
                "batter": 0,
                "extras": 5,
                "total": 5
              }
            },
            {
              "batter": "EP Gulbis",
              "bowler": "MJ Swepson",
              "non_striker": "DJ Hussey",
              "runs": {
                "batter": 2,
                "extras": 0,
                "total": 2
              }
            },
            {
              "batter": "EP Gulbis",
              "bowler": "MJ Swepson",
              "non_striker": "DJ Hussey",
              "runs": {
                "batter": 0,
                "extras": 0,
                "total": 0
              }
            }
          ]
        },
        {
          "over": 12,
          "deliveries": [
            {
              "batter": "DJ Hussey",
              "bowler": "BCJ Cutting",
              "non_striker": "EP Gulbis",
              "runs": {
                "batter": 2,
                "extras": 0,
                "total": 2
              }
            },
            {
              "batter": "DJ Hussey",
              "bowler": "BCJ Cutting",
              "non_striker": "EP Gulbis",
              "runs": {
                "batter": 0,
                "extras": 0,
                "total": 0
              }
            },
            {
              "batter": "DJ Hussey",
              "bowler": "BCJ Cutting",
              "non_striker": "EP Gulbis",
              "runs": {
                "batter": 1,
                "extras": 0,
                "total": 1
              }
            },
            {
              "batter": "EP Gulbis",
              "bowler": "BCJ Cutting",
              "non_striker": "DJ Hussey",
              "runs": {
                "batter": 6,
                "extras": 0,
                "total": 6
              }
            },
            {
              "batter": "EP Gulbis",
              "bowler": "BCJ Cutting",
              "non_striker": "DJ Hussey",
              "runs": {
                "batter": 0,
                "extras": 0,
                "total": 0
              }
            },
            {
              "batter": "EP Gulbis",
              "bowler": "BCJ Cutting",
              "non_striker": "DJ Hussey",
              "runs": {
                "batter": 4,
                "extras": 0,
                "total": 4
              }
            }
          ]
        },
        {
          "over": 13,
          "deliveries": [
            {
              "batter": "DJ Hussey",
              "bowler": "MJ Swepson",
              "non_striker": "EP Gulbis",
              "runs": {
                "batter": 0,
                "extras": 0,
                "total": 0
              },
              "wickets": [
                {
                  "kind": "caught",
                  "player_out": "DJ Hussey",
                  "fielders": [
                    {
                      "name": "JK Lalor"
                    }
                  ]
                }
              ]
            },
            {
              "batter": "EP Gulbis",
              "bowler": "MJ Swepson",
              "non_striker": "A Zampa",
              "runs": {
                "batter": 0,
                "extras": 0,
                "total": 0
              }
            },
            {
              "batter": "EP Gulbis",
              "bowler": "MJ Swepson",
              "non_striker": "A Zampa",
              "runs": {
                "batter": 1,
                "extras": 0,
                "total": 1
              }
            },
            {
              "batter": "A Zampa",
              "bowler": "MJ Swepson",
              "non_striker": "EP Gulbis",
              "runs": {
                "batter": 0,
                "extras": 0,
                "total": 0
              }
            },
            {
              "batter": "A Zampa",
              "bowler": "MJ Swepson",
              "non_striker": "EP Gulbis",
              "runs": {
                "batter": 0,
                "extras": 0,
                "total": 0
              }
            },
            {
              "batter": "A Zampa",
              "bowler": "MJ Swepson",
              "non_striker": "EP Gulbis",
              "runs": {
                "batter": 4,
                "extras": 0,
                "total": 4
              }
            }
          ]
        },
        {
          "over": 14,
          "deliveries": [
            {
              "batter": "EP Gulbis",
              "bowler": "BCJ Cutting",
              "non_striker": "A Zampa",
              "runs": {
                "batter": 0,
                "extras": 0,
                "total": 0
              }
            },
            {
              "batter": "EP Gulbis",
              "bowler": "BCJ Cutting",
              "non_striker": "A Zampa",
              "runs": {
                "batter": 0,
                "extras": 0,
                "total": 0
              }
            },
            {
              "batter": "EP Gulbis",
              "bowler": "BCJ Cutting",
              "non_striker": "A Zampa",
              "runs": {
                "batter": 4,
                "extras": 0,
                "total": 4
              }
            },
            {
              "batter": "EP Gulbis",
              "bowler": "BCJ Cutting",
              "non_striker": "A Zampa",
              "runs": {
                "batter": 0,
                "extras": 0,
                "total": 0
              }
            },
            {
              "batter": "EP Gulbis",
              "bowler": "BCJ Cutting",
              "non_striker": "A Zampa",
              "runs": {
                "batter": 3,
                "extras": 0,
                "total": 3
              }
            },
            {
              "batter": "A Zampa",
              "bowler": "BCJ Cutting",
              "non_striker": "EP Gulbis",
              "runs": {
                "batter": 0,
                "extras": 0,
                "total": 0
              }
            }
          ]
        },
        {
          "over": 15,
          "deliveries": [
            {
              "batter": "EP Gulbis",
              "bowler": "MJ Swepson",
              "non_striker": "A Zampa",
              "runs": {
                "batter": 1,
                "extras": 0,
                "total": 1
              }
            },
            {
              "batter": "A Zampa",
              "bowler": "MJ Swepson",
              "non_striker": "EP Gulbis",
              "runs": {
                "batter": 1,
                "extras": 0,
                "total": 1
              }
            },
            {
              "batter": "EP Gulbis",
              "bowler": "MJ Swepson",
              "non_striker": "A Zampa",
              "runs": {
                "batter": 1,
                "extras": 0,
                "total": 1
              }
            },
            {
              "batter": "A Zampa",
              "bowler": "MJ Swepson",
              "non_striker": "EP Gulbis",
              "runs": {
                "batter": 4,
                "extras": 0,
                "total": 4
              }
            },
            {
              "batter": "A Zampa",
              "bowler": "MJ Swepson",
              "non_striker": "EP Gulbis",
              "runs": {
                "batter": 2,
                "extras": 0,
                "total": 2
              }
            },
            {
              "batter": "A Zampa",
              "bowler": "MJ Swepson",
              "non_striker": "EP Gulbis",
              "runs": {
                "batter": 0,
                "extras": 0,
                "total": 0
              },
              "wickets": [
                {
                  "kind": "bowled",
                  "player_out": "A Zampa"
                }
              ]
            }
          ]
        },
        {
          "over": 16,
          "deliveries": [
            {
              "batter": "EP Gulbis",
              "bowler": "JK Lalor",
              "non_striker": "BW Hilfenhaus",
              "runs": {
                "batter": 0,
                "extras": 0,
                "total": 0
              }
            },
            {
              "batter": "EP Gulbis",
              "bowler": "JK Lalor",
              "non_striker": "BW Hilfenhaus",
              "runs": {
                "batter": 1,
                "extras": 0,
                "total": 1
              }
            },
            {
              "batter": "BW Hilfenhaus",
              "bowler": "JK Lalor",
              "non_striker": "EP Gulbis",
              "runs": {
                "batter": 0,
                "extras": 0,
                "total": 0
              }
            },
            {
              "batter": "BW Hilfenhaus",
              "bowler": "JK Lalor",
              "non_striker": "EP Gulbis",
              "runs": {
                "batter": 1,
                "extras": 0,
                "total": 1
              }
            },
            {
              "batter": "EP Gulbis",
              "bowler": "JK Lalor",
              "non_striker": "BW Hilfenhaus",
              "runs": {
                "batter": 1,
                "extras": 0,
                "total": 1
              }
            },
            {
              "batter": "BW Hilfenhaus",
              "bowler": "JK Lalor",
              "non_striker": "EP Gulbis",
              "runs": {
                "batter": 1,
                "extras": 0,
                "total": 1
              }
            }
          ]
        },
        {
          "over": 17,
          "deliveries": [
            {
              "batter": "BW Hilfenhaus",
              "bowler": "JR Hopes",
              "non_striker": "EP Gulbis",
              "runs": {
                "batter": 4,
                "extras": 0,
                "total": 4
              }
            },
            {
              "batter": "BW Hilfenhaus",
              "bowler": "JR Hopes",
              "non_striker": "EP Gulbis",
              "runs": {
                "batter": 0,
                "extras": 0,
                "total": 0
              }
            },
            {
              "batter": "BW Hilfenhaus",
              "bowler": "JR Hopes",
              "non_striker": "EP Gulbis",
              "runs": {
                "batter": 1,
                "extras": 0,
                "total": 1
              }
            },
            {
              "batter": "EP Gulbis",
              "bowler": "JR Hopes",
              "non_striker": "BW Hilfenhaus",
              "runs": {
                "batter": 4,
                "extras": 0,
                "total": 4
              }
            },
            {
              "batter": "EP Gulbis",
              "bowler": "JR Hopes",
              "non_striker": "BW Hilfenhaus",
              "runs": {
                "batter": 0,
                "extras": 0,
                "total": 0
              }
            },
            {
              "batter": "EP Gulbis",
              "bowler": "JR Hopes",
              "non_striker": "BW Hilfenhaus",
              "runs": {
                "batter": 1,
                "extras": 0,
                "total": 1
              }
            }
          ]
        },
        {
          "over": 18,
          "deliveries": [
            {
              "batter": "EP Gulbis",
              "bowler": "JK Lalor",
              "non_striker": "BW Hilfenhaus",
              "runs": {
                "batter": 1,
                "extras": 0,
                "total": 1
              }
            },
            {
              "batter": "BW Hilfenhaus",
              "bowler": "JK Lalor",
              "non_striker": "EP Gulbis",
              "runs": {
                "batter": 0,
                "extras": 0,
                "total": 0
              },
              "wickets": [
                {
                  "kind": "bowled",
                  "player_out": "BW Hilfenhaus"
                }
              ]
            },
            {
              "batter": "DJ Worrall",
              "bowler": "JK Lalor",
              "non_striker": "EP Gulbis",
              "runs": {
                "batter": 0,
                "extras": 0,
                "total": 0
              }
            },
            {
              "batter": "DJ Worrall",
              "bowler": "JK Lalor",
              "non_striker": "EP Gulbis",
              "runs": {
                "batter": 0,
                "extras": 0,
                "total": 0
              },
              "wickets": [
                {
                  "kind": "bowled",
                  "player_out": "DJ Worrall"
                }
              ]
            },
            {
              "batter": "MA Beer",
              "bowler": "JK Lalor",
              "non_striker": "EP Gulbis",
              "runs": {
                "batter": 1,
                "extras": 0,
                "total": 1
              }
            },
            {
              "batter": "EP Gulbis",
              "bowler": "JK Lalor",
              "non_striker": "MA Beer",
              "runs": {
                "batter": 2,
                "extras": 0,
                "total": 2
              }
            }
          ]
        },
        {
          "over": 19,
          "deliveries": [
            {
              "batter": "MA Beer",
              "bowler": "AL Fekete",
              "non_striker": "EP Gulbis",
              "runs": {
                "batter": 1,
                "extras": 0,
                "total": 1
              }
            },
            {
              "batter": "EP Gulbis",
              "bowler": "AL Fekete",
              "non_striker": "MA Beer",
              "runs": {
                "batter": 4,
                "extras": 0,
                "total": 4
              }
            },
            {
              "batter": "EP Gulbis",
              "bowler": "AL Fekete",
              "non_striker": "MA Beer",
              "runs": {
                "batter": 4,
                "extras": 0,
                "total": 4
              }
            },
            {
              "batter": "EP Gulbis",
              "bowler": "AL Fekete",
              "non_striker": "MA Beer",
              "runs": {
                "batter": 0,
                "extras": 0,
                "total": 0
              }
            },
            {
              "batter": "EP Gulbis",
              "bowler": "AL Fekete",
              "non_striker": "MA Beer",
              "runs": {
                "batter": 1,
                "extras": 0,
                "total": 1
              }
            },
            {
              "batter": "MA Beer",
              "bowler": "AL Fekete",
              "non_striker": "EP Gulbis",
              "runs": {
                "batter": 1,
                "extras": 0,
                "total": 1
              }
            }
          ]
        }
      ],
      "powerplays": [
        {
          "from": 0.1,
          "to": 5.6,
          "type": "mandatory"
        }
      ],
      "target": {
        "overs": 20,
        "runs": 189
      }
    }
  ]
}