{
  "meta": {
    "data_version": "1.0.0",
    "created": "2017-04-02",
    "revision": 1
  },
  "info": {
    "balls_per_over": 6,
    "city": "Hobart",
    "dates": [
      "2016-01-10"
    ],
    "event": {
      "match_number": 25,
      "name": "Big Bash League"
    },
    "gender": "male",
    "match_type": "T20",
    "officials": {
      "match_referees": [
        "SR Bernard"
      ],
      "reserve_umpires": [
        "W Stewart"
      ],
      "tv_umpires": [
        "SJ Nogajski"
      ],
      "umpires": [
        "AJ Barrow",
        "P Wilson"
      ]
    },
    "outcome": {
      "by": {
        "runs": 1
      },
      "winner": "Perth Scorchers"
    },
    "overs": 20,
    "player_of_match": [
      "MA Carberry"
    ],
    "players": {
      "Hobart Hurricanes": [
        "BR Dunk",
        "TD Paine",
        "KC Sangakkara",
        "DT Christian",
        "MW Hill",
        "JW Wells",
        "DJG Sammy",
        "CA Rose",
        "CJ Boyce",
        "SL Rainbird",
        "SW Tait"
      ],
      "Perth Scorchers": [
        "MS Harris",
        "M Klinger",
        "MA Carberry",
        "AC Voges",
        "CT Bancroft",
        "AC Agar",
        "DJ Willey",
        "AJ Turner",
        "AJ Tye",
        "JP Behrendorff",
        "GB Hogg"
      ]
    },
    "registry": {
      "people": {
        "AC Agar": "a2421394",
        "AC Voges": "864c199e",
        "AJ Barrow": "a67aa9df",
        "AJ Turner": "ff1e12a0",
        "AJ Tye": "7c7d63a2",
        "BR Dunk": "272d796e",
        "CA Rose": "7517d134",
        "CJ Boyce": "51a60c16",
        "CT Bancroft": "399b0b94",
        "DJ Willey": "7f048519",
        "DJG Sammy": "c03c6200",
        "DT Christian": "2a2e6343",
        "GB Hogg": "f708a0bc",
        "JP Behrendorff": "4933f499",
        "JW Wells": "8bdac857",
        "KC Sangakkara": "6b71e6cf",
        "M Klinger": "b970a03f",
        "MA Carberry": "8305580c",
        "MS Harris": "9e85455c",
        "MW Hill": "1952e660",
        "P Wilson": "68304a36",
        "SJ Nogajski": "9b3f9323",
        "SL Rainbird": "e7dd5eca",
        "SR Bernard": "800187dc",
        "SW Tait": "addfb70e",
        "TD Paine": "5748e866",
        "W Stewart": "7e5bfcd1"
      }
    },
    "season": "2015/16",
    "team_type": "club",
    "teams": [
      "Hobart Hurricanes",
      "Perth Scorchers"
    ],
    "toss": {
      "decision": "bat",
      "winner": "Perth Scorchers"
    },
    "venue": "Bellerive Oval"
  },
  "innings": [
    {
      "team": "Perth Scorchers",
      "overs": [
        {
          "over": 0,
          "deliveries": [
            {
              "batter": "MS Harris",
              "bowler": "CA Rose",
              "non_striker": "M Klinger",
              "runs": {
                "batter": 0,
                "extras": 0,
                "total": 0
              }
            },
            {
              "batter": "MS Harris",
              "bowler": "CA Rose",
              "non_striker": "M Klinger",
              "runs": {
                "batter": 4,
                "extras": 0,
                "total": 4
              }
            },
            {
              "batter": "MS Harris",
              "bowler": "CA Rose",
              "non_striker": "M Klinger",
              "runs": {
                "batter": 0,
                "extras": 0,
                "total": 0
              }
            },
            {
              "batter": "MS Harris",
              "bowler": "CA Rose",
              "non_striker": "M Klinger",
              "runs": {
                "batter": 4,
                "extras": 0,
                "total": 4
              }
            },
            {
              "batter": "MS Harris",
              "bowler": "CA Rose",
              "non_striker": "M Klinger",
              "runs": {
                "batter": 0,
                "extras": 0,
                "total": 0
              }
            },
            {
              "batter": "MS Harris",
              "bowler": "CA Rose",
              "non_striker": "M Klinger",
              "runs": {
                "batter": 1,
                "extras": 0,
                "total": 1
              }
            }
          ]
        },
        {
          "over": 1,
          "deliveries": [
            {
              "batter": "MS Harris",
              "bowler": "SL Rainbird",
              "non_striker": "M Klinger",
              "runs": {
                "batter": 1,
                "extras": 0,
                "total": 1
              }
            },
            {
              "batter": "M Klinger",
              "bowler": "SL Rainbird",
              "non_striker": "MS Harris",
              "runs": {
                "batter": 0,
                "extras": 0,
                "total": 0
              }
            },
            {
              "batter": "M Klinger",
              "bowler": "SL Rainbird",
              "non_striker": "MS Harris",
              "runs": {
                "batter": 1,
                "extras": 0,
                "total": 1
              }
            },
            {
              "batter": "MS Harris",
              "bowler": "SL Rainbird",
              "non_striker": "M Klinger",
              "runs": {
                "batter": 0,
                "extras": 0,
                "total": 0
              }
            },
            {
              "batter": "MS Harris",
              "bowler": "SL Rainbird",
              "non_striker": "M Klinger",
              "runs": {
                "batter": 1,
                "extras": 0,
                "total": 1
              }
            },
            {
              "batter": "M Klinger",
              "bowler": "SL Rainbird",
              "non_striker": "MS Harris",
              "runs": {
                "batter": 0,
                "extras": 0,
                "total": 0
              }
            }
          ]
        },
        {
          "over": 2,
          "deliveries": [
            {
              "batter": "MS Harris",
              "bowler": "SW Tait",
              "non_striker": "M Klinger",
              "runs": {
                "batter": 0,
                "extras": 0,
                "total": 0
              }
            },
            {
              "batter": "MS Harris",
              "bowler": "SW Tait",
              "non_striker": "M Klinger",
              "runs": {
                "batter": 1,
                "extras": 0,
                "total": 1
              }
            },
            {
              "batter": "M Klinger",
              "bowler": "SW Tait",
              "non_striker": "MS Harris",
              "runs": {
                "batter": 0,
                "extras": 0,
                "total": 0
              }
            },
            {
              "batter": "M Klinger",
              "bowler": "SW Tait",
              "non_striker": "MS Harris",
              "runs": {
                "batter": 4,
                "extras": 0,
                "total": 4
              }
            },
            {
              "batter": "M Klinger",
              "bowler": "SW Tait",
              "non_striker": "MS Harris",
              "runs": {
                "batter": 0,
                "extras": 0,
                "total": 0
              }
            },
            {
              "batter": "M Klinger",
              "bowler": "SW Tait",
              "non_striker": "MS Harris",
              "runs": {
                "batter": 2,
                "extras": 0,
                "total": 2
              }
            }
          ]
        },
        {
          "over": 3,
          "deliveries": [
            {
              "batter": "MS Harris",
              "bowler": "SL Rainbird",
              "extras": {
                "legbyes": 1
              },
              "non_striker": "M Klinger",
              "runs": {
                "batter": 0,
                "extras": 1,
                "total": 1
              }
            },
            {
              "batter": "M Klinger",
              "bowler": "SL Rainbird",
              "non_striker": "MS Harris",
              "runs": {
                "batter": 4,
                "extras": 0,
                "total": 4
              }
            },
            {
              "batter": "M Klinger",
              "bowler": "SL Rainbird",
              "non_striker": "MS Harris",
              "runs": {
                "batter": 0,
                "extras": 0,
                "total": 0
              }
            },
            {
              "batter": "M Klinger",
              "bowler": "SL Rainbird",
              "non_striker": "MS Harris",
              "runs": {
                "batter": 4,
                "extras": 0,
                "total": 4
              }
            },
            {
              "batter": "M Klinger",
              "bowler": "SL Rainbird",
              "non_striker": "MS Harris",
              "runs": {
                "batter": 0,
                "extras": 0,
                "total": 0
              }
            },
            {
              "batter": "M Klinger",
              "bowler": "SL Rainbird",
              "non_striker": "MS Harris",
              "runs": {
                "batter": 1,
                "extras": 0,
                "total": 1
              }
            }
          ]
        },
        {
          "over": 4,
          "deliveries": [
            {
              "batter": "M Klinger",
              "bowler": "CA Rose",
              "non_striker": "MS Harris",
              "runs": {
                "batter": 1,
                "extras": 0,
                "total": 1
              }
            },
            {
              "batter": "MS Harris",
              "bowler": "CA Rose",
              "non_striker": "M Klinger",
              "runs": {
                "batter": 0,
                "extras": 0,
                "total": 0
              }
            },
            {
              "batter": "MS Harris",
              "bowler": "CA Rose",
              "extras": {
                "legbyes": 1
              },
              "non_striker": "M Klinger",
              "runs": {
                "batter": 0,
                "extras": 1,
                "total": 1
              }
            },
            {
              "batter": "M Klinger",
              "bowler": "CA Rose",
              "non_striker": "MS Harris",
              "runs": {
                "batter": 1,
                "extras": 0,
                "total": 1
              }
            },
            {
              "batter": "MS Harris",
              "bowler": "CA Rose",
              "non_striker": "M Klinger",
              "runs": {
                "batter": 0,
                "extras": 0,
                "total": 0
              },
              "wickets": [
                {
                  "kind": "stumped",
                  "player_out": "MS Harris",
                  "fielders": [
                    {
                      "name": "TD Paine"
                    }
                  ]
                }
              ]
            },
            {
              "batter": "MA Carberry",
              "bowler": "CA Rose",
              "non_striker": "M Klinger",
              "runs": {
                "batter": 0,
                "extras": 0,
                "total": 0
              }
            }
          ]
        },
        {
          "over": 5,
          "deliveries": [
            {
              "batter": "M Klinger",
              "bowler": "DT Christian",
              "non_striker": "MA Carberry",
              "runs": {
                "batter": 1,
                "extras": 0,
                "total": 1
              }
            },
            {
              "batter": "MA Carberry",
              "bowler": "DT Christian",
              "non_striker": "M Klinger",
              "runs": {
                "batter": 1,
                "extras": 0,
                "total": 1
              }
            },
            {
              "batter": "M Klinger",
              "bowler": "DT Christian",
              "non_striker": "MA Carberry",
              "runs": {
                "batter": 0,
                "extras": 0,
                "total": 0
              }
            },
            {
              "batter": "M Klinger",
              "bowler": "DT Christian",
              "non_striker": "MA Carberry",
              "runs": {
                "batter": 1,
                "extras": 0,
                "total": 1
              }
            },
            {
              "batter": "MA Carberry",
              "bowler": "DT Christian",
              "non_striker": "M Klinger",
              "runs": {
                "batter": 1,
                "extras": 0,
                "total": 1
              }
            },
            {
              "batter": "M Klinger",
              "bowler": "DT Christian",
              "non_striker": "MA Carberry",
              "runs": {
                "batter": 0,
                "extras": 0,
                "total": 0
              }
            }
          ]
        },
        {
          "over": 6,
          "deliveries": [
            {
              "batter": "MA Carberry",
              "bowler": "BR Dunk",
              "non_striker": "M Klinger",
              "runs": {
                "batter": 1,
                "extras": 0,
                "total": 1
              }
            },
            {
              "batter": "M Klinger",
              "bowler": "BR Dunk",
              "non_striker": "MA Carberry",
              "runs": {
                "batter": 1,
                "extras": 0,
                "total": 1
              }
            },
            {
              "batter": "MA Carberry",
              "bowler": "BR Dunk",
              "non_striker": "M Klinger",
              "runs": {
                "batter": 0,
                "extras": 0,
                "total": 0
              }
            },
            {
              "batter": "MA Carberry",
              "bowler": "BR Dunk",
              "non_striker": "M Klinger",
              "runs": {
                "batter": 4,
                "extras": 0,
                "total": 4
              }
            },
            {
              "batter": "MA Carberry",
              "bowler": "BR Dunk",
              "non_striker": "M Klinger",
              "runs": {
                "batter": 1,
                "extras": 0,
                "total": 1
              }
            },
            {
              "batter": "M Klinger",
              "bowler": "BR Dunk",
              "non_striker": "MA Carberry",
              "runs": {
                "batter": 4,
                "extras": 0,
                "total": 4
              }
            }
          ]
        },
        {
          "over": 7,
          "deliveries": [
            {
              "batter": "MA Carberry",
              "bowler": "DT Christian",
              "non_striker": "M Klinger",
              "runs": {
                "batter": 4,
                "extras": 0,
                "total": 4
              }
            },
            {
              "batter": "MA Carberry",
              "bowler": "DT Christian",
              "non_striker": "M Klinger",
              "runs": {
                "batter": 1,
                "extras": 0,
                "total": 1
              }
            },
            {
              "batter": "M Klinger",
              "bowler": "DT Christian",
              "non_striker": "MA Carberry",
              "runs": {
                "batter": 0,
                "extras": 0,
                "total": 0
              }
            },
            {
              "batter": "M Klinger",
              "bowler": "DT Christian",
              "non_striker": "MA Carberry",
              "runs": {
                "batter": 4,
                "extras": 0,
                "total": 4
              }
            },
            {
              "batter": "M Klinger",
              "bowler": "DT Christian",
              "non_striker": "MA Carberry",
              "runs": {
                "batter": 1,
                "extras": 0,
                "total": 1
              }
            },
            {
              "batter": "MA Carberry",
              "bowler": "DT Christian",
              "non_striker": "M Klinger",
              "runs": {
                "batter": 0,
                "extras": 0,
                "total": 0
              }
            }
          ]
        },
        {
          "over": 8,
          "deliveries": [
            {
              "batter": "M Klinger",
              "bowler": "CJ Boyce",
              "non_striker": "MA Carberry",
              "runs": {
                "batter": 1,
                "extras": 0,
                "total": 1
              }
            },
            {
              "batter": "MA Carberry",
              "bowler": "CJ Boyce",
              "non_striker": "M Klinger",
              "runs": {
                "batter": 1,
                "extras": 0,
                "total": 1
              }
            },
            {
              "batter": "M Klinger",
              "bowler": "CJ Boyce",
              "non_striker": "MA Carberry",
              "runs": {
                "batter": 0,
                "extras": 0,
                "total": 0
              }
            },
            {
              "batter": "M Klinger",
              "bowler": "CJ Boyce",
              "non_striker": "MA Carberry",
              "runs": {
                "batter": 2,
                "extras": 0,
                "total": 2
              }
            },
            {
              "batter": "M Klinger",
              "bowler": "CJ Boyce",
              "non_striker": "MA Carberry",
              "runs": {
                "batter": 1,
                "extras": 0,
                "total": 1
              }
            },
            {
              "batter": "MA Carberry",
              "bowler": "CJ Boyce",
              "non_striker": "M Klinger",
              "runs": {
                "batter": 1,
                "extras": 0,
                "total": 1
              }
            }
          ]
        },
        {
          "over": 9,
          "deliveries": [
            {
              "batter": "MA Carberry",
              "bowler": "DJG Sammy",
              "non_striker": "M Klinger",
              "runs": {
                "batter": 2,
                "extras": 0,
                "total": 2
              }
            },
            {
              "batter": "MA Carberry",
              "bowler": "DJG Sammy",
              "non_striker": "M Klinger",
              "runs": {
                "batter": 1,
                "extras": 0,
                "total": 1
              }
            },
            {
              "batter": "M Klinger",
              "bowler": "DJG Sammy",
              "non_striker": "MA Carberry",
              "runs": {
                "batter": 1,
                "extras": 0,
                "total": 1
              }
            },
            {
              "batter": "MA Carberry",
              "bowler": "DJG Sammy",
              "non_striker": "M Klinger",
              "runs": {
                "batter": 1,
                "extras": 0,
                "total": 1
              }
            },
            {
              "batter": "M Klinger",
              "bowler": "DJG Sammy",
              "non_striker": "MA Carberry",
              "runs": {
                "batter": 1,
                "extras": 0,
                "total": 1
              }
            },
            {
              "batter": "MA Carberry",
              "bowler": "DJG Sammy",
              "non_striker": "M Klinger",
              "runs": {
                "batter": 1,
                "extras": 0,
                "total": 1
              },
              "wickets": [
                {
                  "kind": "run out",
                  "player_out": "M Klinger",
                  "fielders": [
                    {
                      "name": "SL Rainbird"
                    },
                    {
                      "name": "DJG Sammy"
                    }
                  ]
                }
              ]
            }
          ]
        },
        {
          "over": 10,
          "deliveries": [
            {
              "batter": "AC Voges",
              "bowler": "CJ Boyce",
              "non_striker": "MA Carberry",
              "runs": {
                "batter": 1,
                "extras": 0,
                "total": 1
              }
            },
            {
              "batter": "MA Carberry",
              "bowler": "CJ Boyce",
              "non_striker": "AC Voges",
              "runs": {
                "batter": 1,
                "extras": 0,
                "total": 1
              }
            },
            {
              "batter": "AC Voges",
              "bowler": "CJ Boyce",
              "non_striker": "MA Carberry",
              "runs": {
                "batter": 1,
                "extras": 0,
                "total": 1
              }
            },
            {
              "batter": "MA Carberry",
              "bowler": "CJ Boyce",
              "non_striker": "AC Voges",
              "runs": {
                "batter": 4,
                "extras": 0,
                "total": 4
              }
            },
            {
              "batter": "MA Carberry",
              "bowler": "CJ Boyce",
              "non_striker": "AC Voges",
              "runs": {
                "batter": 1,
                "extras": 0,
                "total": 1
              }
            },
            {
              "batter": "AC Voges",
              "bowler": "CJ Boyce",
              "non_striker": "MA Carberry",
              "runs": {
                "batter": 0,
                "extras": 0,
                "total": 0
              },
              "wickets": [
                {
                  "kind": "caught",
                  "player_out": "AC Voges",
                  "fielders": [
                    {
                      "name": "SL Rainbird"
                    }
                  ]
                }
              ]
            }
          ]
        },
        {
          "over": 11,
          "deliveries": [
            {
              "batter": "MA Carberry",
              "bowler": "DJG Sammy",
              "non_striker": "CT Bancroft",
              "runs": {
                "batter": 2,
                "extras": 0,
                "total": 2
              }
            },
            {
              "batter": "MA Carberry",
              "bowler": "DJG Sammy",
              "non_striker": "CT Bancroft",
              "runs": {
                "batter": 4,
                "extras": 0,
                "total": 4
              }
            },
            {
              "batter": "MA Carberry",
              "bowler": "DJG Sammy",
              "non_striker": "CT Bancroft",
              "runs": {
                "batter": 1,
                "extras": 0,
                "total": 1
              }
            },
            {
              "batter": "CT Bancroft",
              "bowler": "DJG Sammy",
              "non_striker": "MA Carberry",
              "runs": {
                "batter": 1,
                "extras": 0,
                "total": 1
              }
            },
            {
              "batter": "MA Carberry",
              "bowler": "DJG Sammy",
              "non_striker": "CT Bancroft",
              "runs": {
                "batter": 0,
                "extras": 0,
                "total": 0
              }
            },
            {
              "batter": "MA Carberry",
              "bowler": "DJG Sammy",
              "non_striker": "CT Bancroft",
              "runs": {
                "batter": 0,
                "extras": 0,
                "total": 0
              }
            }
          ]
        },
        {
          "over": 12,
          "deliveries": [
            {
              "batter": "CT Bancroft",
              "bowler": "SW Tait",
              "non_striker": "MA Carberry",
              "runs": {
                "batter": 4,
                "extras": 0,
                "total": 4
              }
            },
            {
              "batter": "CT Bancroft",
              "bowler": "SW Tait",
              "non_striker": "MA Carberry",
              "runs": {
                "batter": 0,
                "extras": 0,
                "total": 0
              }
            },
            {
              "batter": "CT Bancroft",
              "bowler": "SW Tait",
              "non_striker": "MA Carberry",
              "runs": {
                "batter": 0,
                "extras": 0,
                "total": 0
              }
            },
            {
              "batter": "CT Bancroft",
              "bowler": "SW Tait",
              "non_striker": "MA Carberry",
              "runs": {
                "batter": 2,
                "extras": 0,
                "total": 2
              }
            },
            {
              "batter": "CT Bancroft",
              "bowler": "SW Tait",
              "non_striker": "MA Carberry",
              "runs": {
                "batter": 0,
                "extras": 0,
                "total": 0
              }
            },
            {
              "batter": "CT Bancroft",
              "bowler": "SW Tait",
              "non_striker": "MA Carberry",
              "runs": {
                "batter": 0,
                "extras": 0,
                "total": 0
              }
            }
          ]
        },
        {
          "over": 13,
          "deliveries": [
            {
              "batter": "MA Carberry",
              "bowler": "DT Christian",
              "non_striker": "CT Bancroft",
              "runs": {
                "batter": 4,
                "extras": 0,
                "total": 4
              }
            },
            {
              "batter": "MA Carberry",
              "bowler": "DT Christian",
              "non_striker": "CT Bancroft",
              "runs": {
                "batter": 1,
                "extras": 0,
                "total": 1
              }
            },
            {
              "batter": "CT Bancroft",
              "bowler": "DT Christian",
              "non_striker": "MA Carberry",
              "runs": {
                "batter": 1,
                "extras": 0,
                "total": 1
              }
            },
            {
              "batter": "MA Carberry",
              "bowler": "DT Christian",
              "non_striker": "CT Bancroft",
              "runs": {
                "batter": 0,
                "extras": 0,
                "total": 0
              }
            },
            {
              "batter": "MA Carberry",
              "bowler": "DT Christian",
              "non_striker": "CT Bancroft",
              "runs": {
                "batter": 4,
                "extras": 0,
                "total": 4
              }
            },
            {
              "batter": "MA Carberry",
              "bowler": "DT Christian",
              "non_striker": "CT Bancroft",
              "runs": {
                "batter": 4,
                "extras": 0,
                "total": 4
              }
            }
          ]
        },
        {
          "over": 14,
          "deliveries": [
            {
              "batter": "CT Bancroft",
              "bowler": "CJ Boyce",
              "non_striker": "MA Carberry",
              "runs": {
                "batter": 1,
                "extras": 0,
                "total": 1
              }
            },
            {
              "batter": "MA Carberry",
              "bowler": "CJ Boyce",
              "non_striker": "CT Bancroft",
              "runs": {
                "batter": 4,
                "extras": 0,
                "total": 4
              }
            },
            {
              "batter": "MA Carberry",
              "bowler": "CJ Boyce",
              "non_striker": "CT Bancroft",
              "runs": {
                "batter": 6,
                "extras": 0,
                "total": 6
              }
            },
            {
              "batter": "MA Carberry",
              "bowler": "CJ Boyce",
              "non_striker": "CT Bancroft",
              "runs": {
                "batter": 4,
                "extras": 0,
                "total": 4
              }
            },
            {
              "batter": "MA Carberry",
              "bowler": "CJ Boyce",
              "non_striker": "CT Bancroft",
              "runs": {
                "batter": 1,
                "extras": 0,
                "total": 1
              }
            },
            {
              "batter": "CT Bancroft",
              "bowler": "CJ Boyce",
              "non_striker": "MA Carberry",
              "runs": {
                "batter": 1,
                "extras": 0,
                "total": 1
              }
            }
          ]
        },
        {
          "over": 15,
          "deliveries": [
            {
              "batter": "CT Bancroft",
              "bowler": "SL Rainbird",
              "non_striker": "MA Carberry",
              "runs": {
                "batter": 0,
                "extras": 0,
                "total": 0
              }
            },
            {
              "batter": "CT Bancroft",
              "bowler": "SL Rainbird",
              "non_striker": "MA Carberry",
              "runs": {
                "batter": 2,
                "extras": 0,
                "total": 2
              }
            },
            {
              "batter": "CT Bancroft",
              "bowler": "SL Rainbird",
              "non_striker": "MA Carberry",
              "runs": {
                "batter": 4,
                "extras": 0,
                "total": 4
              }
            },
            {
              "batter": "CT Bancroft",
              "bowler": "SL Rainbird",
              "non_striker": "MA Carberry",
              "runs": {
                "batter": 1,
                "extras": 0,
                "total": 1
              }
            },
            {
              "batter": "MA Carberry",
              "bowler": "SL Rainbird",
              "non_striker": "CT Bancroft",
              "runs": {
                "batter": 1,
                "extras": 0,
                "total": 1
              }
            },
            {
              "batter": "CT Bancroft",
              "bowler": "SL Rainbird",
              "non_striker": "MA Carberry",
              "runs": {
                "batter": 1,
                "extras": 0,
                "total": 1
              }
            }
          ]
        },
        {
          "over": 16,
          "deliveries": [
            {
              "batter": "CT Bancroft",
              "bowler": "SW Tait",
              "non_striker": "MA Carberry",
              "runs": {
                "batter": 1,
                "extras": 0,
                "total": 1
              }
            },
            {
              "batter": "MA Carberry",
              "bowler": "SW Tait",
              "non_striker": "CT Bancroft",
              "runs": {
                "batter": 0,
                "extras": 0,
                "total": 0
              },
              "wickets": [
                {
                  "kind": "caught",
                  "player_out": "MA Carberry",
                  "fielders": [
                    {
                      "name": "TD Paine"
                    }
                  ]
                }
              ]
            },
            {
              "batter": "AC Agar",
              "bowler": "SW Tait",
              "non_striker": "CT Bancroft",
              "runs": {
                "batter": 1,
                "extras": 0,
                "total": 1
              }
            },
            {
              "batter": "CT Bancroft",
              "bowler": "SW Tait",
              "non_striker": "AC Agar",
              "runs": {
                "batter": 2,
                "extras": 0,
                "total": 2
              }
            },
            {
              "batter": "CT Bancroft",
              "bowler": "SW Tait",
              "non_striker": "AC Agar",
              "runs": {
                "batter": 1,
                "extras": 0,
                "total": 1
              }
            },
            {
              "batter": "AC Agar",
              "bowler": "SW Tait",
              "non_striker": "CT Bancroft",
              "runs": {
                "batter": 2,
                "extras": 0,
                "total": 2
              }
            }
          ]
        },
        {
          "over": 17,
          "deliveries": [
            {
              "batter": "CT Bancroft",
              "bowler": "DJG Sammy",
              "non_striker": "AC Agar",
              "runs": {
                "batter": 1,
                "extras": 0,
                "total": 1
              }
            },
            {
              "batter": "AC Agar",
              "bowler": "DJG Sammy",
              "non_striker": "CT Bancroft",
              "runs": {
                "batter": 0,
                "extras": 0,
                "total": 0
              }
            },
            {
              "batter": "AC Agar",
              "bowler": "DJG Sammy",
              "non_striker": "CT Bancroft",
              "runs": {
                "batter": 0,
                "extras": 0,
                "total": 0
              }
            },
            {
              "batter": "AC Agar",
              "bowler": "DJG Sammy",
              "non_striker": "CT Bancroft",
              "runs": {
                "batter": 1,
                "extras": 0,
                "total": 1
              }
            },
            {
              "batter": "CT Bancroft",
              "bowler": "DJG Sammy",
              "non_striker": "AC Agar",
              "runs": {
                "batter": 1,
                "extras": 0,
                "total": 1
              }
            },
            {
              "batter": "AC Agar",
              "bowler": "DJG Sammy",
              "non_striker": "CT Bancroft",
              "runs": {
                "batter": 4,
                "extras": 0,
                "total": 4
              }
            }
          ]
        },
        {
          "over": 18,
          "deliveries": [
            {
              "batter": "CT Bancroft",
              "bowler": "SW Tait",
              "non_striker": "AC Agar",
              "runs": {
                "batter": 1,
                "extras": 0,
                "total": 1
              }
            },
            {
              "batter": "AC Agar",
              "bowler": "SW Tait",
              "non_striker": "CT Bancroft",
              "runs": {
                "batter": 0,
                "extras": 0,
                "total": 0
              },
              "wickets": [
                {
                  "kind": "caught",
                  "player_out": "AC Agar",
                  "fielders": [
                    {
                      "name": "MW Hill"
                    }
                  ]
                }
              ]
            },
            {
              "batter": "CT Bancroft",
              "bowler": "SW Tait",
              "non_striker": "DJ Willey",
              "runs": {
                "batter": 1,
                "extras": 0,
                "total": 1
              }
            },
            {
              "batter": "DJ Willey",
              "bowler": "SW Tait",
              "non_striker": "CT Bancroft",
              "runs": {
                "batter": 2,
                "extras": 0,
                "total": 2
              }
            },
            {
              "batter": "DJ Willey",
              "bowler": "SW Tait",
              "non_striker": "CT Bancroft",
              "runs": {
                "batter": 4,
                "extras": 0,
                "total": 4
              }
            },
            {
              "batter": "DJ Willey",
              "bowler": "SW Tait",
              "non_striker": "CT Bancroft",
              "runs": {
                "batter": 1,
                "extras": 0,
                "total": 1
              }
            }
          ]
        },
        {
          "over": 19,
          "deliveries": [
            {
              "batter": "DJ Willey",
              "bowler": "DJG Sammy",
              "non_striker": "CT Bancroft",
              "runs": {
                "batter": 2,
                "extras": 0,
                "total": 2
              }
            },
            {
              "batter": "DJ Willey",
              "bowler": "DJG Sammy",
              "non_striker": "CT Bancroft",
              "runs": {
                "batter": 4,
                "extras": 0,
                "total": 4
              }
            },
            {
              "batter": "DJ Willey",
              "bowler": "DJG Sammy",
              "non_striker": "CT Bancroft",
              "runs": {
                "batter": 2,
                "extras": 0,
                "total": 2
              }
            },
            {
              "batter": "DJ Willey",
              "bowler": "DJG Sammy",
              "non_striker": "CT Bancroft",
              "runs": {
                "batter": 6,
                "extras": 0,
                "total": 6
              }
            },
            {
              "batter": "DJ Willey",
              "bowler": "DJG Sammy",
              "non_striker": "CT Bancroft",
              "runs": {
                "batter": 2,
                "extras": 0,
                "total": 2
              }
            },
            {
              "batter": "DJ Willey",
              "bowler": "DJG Sammy",
              "non_striker": "CT Bancroft",
              "runs": {
                "batter": 2,
                "extras": 0,
                "total": 2
              }
            }
          ]
        }
      ],
      "powerplays": [
        {
          "from": 0.1,
          "to": 5.6,
          "type": "mandatory"
        }
      ]
    },
    {
      "team": "Hobart Hurricanes",
      "overs": [
        {
          "over": 0,
          "deliveries": [
            {
              "batter": "BR Dunk",
              "bowler": "AC Agar",
              "non_striker": "TD Paine",
              "runs": {
                "batter": 1,
                "extras": 0,
                "total": 1
              }
            },
            {
              "batter": "TD Paine",
              "bowler": "AC Agar",
              "non_striker": "BR Dunk",
              "runs": {
                "batter": 0,
                "extras": 0,
                "total": 0
              }
            },
            {
              "batter": "TD Paine",
              "bowler": "AC Agar",
              "extras": {
                "wides": 1
              },
              "non_striker": "BR Dunk",
              "runs": {
                "batter": 0,
                "extras": 1,
                "total": 1
              }
            },
            {
              "batter": "TD Paine",
              "bowler": "AC Agar",
              "non_striker": "BR Dunk",
              "runs": {
                "batter": 4,
                "extras": 0,
                "total": 4
              }
            },
            {
              "batter": "TD Paine",
              "bowler": "AC Agar",
              "non_striker": "BR Dunk",
              "runs": {
                "batter": 0,
                "extras": 0,
                "total": 0
              }
            },
            {
              "batter": "TD Paine",
              "bowler": "AC Agar",
              "non_striker": "BR Dunk",
              "runs": {
                "batter": 4,
                "extras": 0,
                "total": 4
              }
            },
            {
              "batter": "TD Paine",
              "bowler": "AC Agar",
              "non_striker": "BR Dunk",
              "runs": {
                "batter": 1,
                "extras": 0,
                "total": 1
              }
            }
          ]
        },
        {
          "over": 1,
          "deliveries": [
            {
              "batter": "TD Paine",
              "bowler": "JP Behrendorff",
              "non_striker": "BR Dunk",
              "runs": {
                "batter": 0,
                "extras": 0,
                "total": 0
              }
            },
            {
              "batter": "TD Paine",
              "bowler": "JP Behrendorff",
              "non_striker": "BR Dunk",
              "runs": {
                "batter": 1,
                "extras": 0,
                "total": 1
              }
            },
            {
              "batter": "BR Dunk",
              "bowler": "JP Behrendorff",
              "non_striker": "TD Paine",
              "runs": {
                "batter": 1,
                "extras": 0,
                "total": 1
              }
            },
            {
              "batter": "TD Paine",
              "bowler": "JP Behrendorff",
              "non_striker": "BR Dunk",
              "runs": {
                "batter": 0,
                "extras": 0,
                "total": 0
              }
            },
            {
              "batter": "TD Paine",
              "bowler": "JP Behrendorff",
              "non_striker": "BR Dunk",
              "runs": {
                "batter": 1,
                "extras": 0,
                "total": 1
              }
            },
            {
              "batter": "BR Dunk",
              "bowler": "JP Behrendorff",
              "non_striker": "TD Paine",
              "runs": {
                "batter": 4,
                "extras": 0,
                "total": 4
              }
            }
          ]
        },
        {
          "over": 2,
          "deliveries": [
            {
              "batter": "TD Paine",
              "bowler": "DJ Willey",
              "non_striker": "BR Dunk",
              "runs": {
                "batter": 0,
                "extras": 0,
                "total": 0
              }
            },
            {
              "batter": "TD Paine",
              "bowler": "DJ Willey",
              "non_striker": "BR Dunk",
              "runs": {
                "batter": 0,
                "extras": 0,
                "total": 0
              }
            },
            {
              "batter": "TD Paine",
              "bowler": "DJ Willey",
              "non_striker": "BR Dunk",
              "runs": {
                "batter": 6,
                "extras": 0,
                "total": 6
              }
            },
            {
              "batter": "TD Paine",
              "bowler": "DJ Willey",
              "non_striker": "BR Dunk",
              "runs": {
                "batter": 0,
                "extras": 0,
                "total": 0
              }
            },
            {
              "batter": "TD Paine",
              "bowler": "DJ Willey",
              "non_striker": "BR Dunk",
              "runs": {
                "batter": 1,
                "extras": 0,
                "total": 1
              }
            },
            {
              "batter": "BR Dunk",
              "bowler": "DJ Willey",
              "non_striker": "TD Paine",
              "runs": {
                "batter": 1,
                "extras": 0,
                "total": 1
              }
            }
          ]
        },
        {
          "over": 3,
          "deliveries": [
            {
              "batter": "BR Dunk",
              "bowler": "JP Behrendorff",
              "non_striker": "TD Paine",
              "runs": {
                "batter": 1,
                "extras": 0,
                "total": 1
              }
            },
            {
              "batter": "TD Paine",
              "bowler": "JP Behrendorff",
              "non_striker": "BR Dunk",
              "runs": {
                "batter": 4,
                "extras": 0,
                "total": 4
              }
            },
            {
              "batter": "TD Paine",
              "bowler": "JP Behrendorff",
              "non_striker": "BR Dunk",
              "runs": {
                "batter": 1,
                "extras": 0,
                "total": 1
              }
            },
            {
              "batter": "BR Dunk",
              "bowler": "JP Behrendorff",
              "non_striker": "TD Paine",
              "runs": {
                "batter": 0,
                "extras": 0,
                "total": 0
              }
            },
            {
              "batter": "BR Dunk",
              "bowler": "JP Behrendorff",
              "non_striker": "TD Paine",
              "runs": {
                "batter": 1,
                "extras": 0,
                "total": 1
              }
            },
            {
              "batter": "TD Paine",
              "bowler": "JP Behrendorff",
              "non_striker": "BR Dunk",
              "runs": {
                "batter": 0,
                "extras": 0,
                "total": 0
              }
            }
          ]
        },
        {
          "over": 4,
          "deliveries": [
            {
              "batter": "BR Dunk",
              "bowler": "DJ Willey",
              "non_striker": "TD Paine",
              "runs": {
                "batter": 0,
                "extras": 0,
                "total": 0
              },
              "wickets": [
                {
                  "kind": "caught",
                  "player_out": "BR Dunk",
                  "fielders": [
                    {
                      "name": "AC Voges"
                    }
                  ]
                }
              ]
            },
            {
              "batter": "KC Sangakkara",
              "bowler": "DJ Willey",
              "non_striker": "TD Paine",
              "runs": {
                "batter": 0,
                "extras": 0,
                "total": 0
              }
            },
            {
              "batter": "KC Sangakkara",
              "bowler": "DJ Willey",
              "non_striker": "TD Paine",
              "runs": {
                "batter": 0,
                "extras": 0,
                "total": 0
              }
            },
            {
              "batter": "KC Sangakkara",
              "bowler": "DJ Willey",
              "non_striker": "TD Paine",
              "runs": {
                "batter": 4,
                "extras": 0,
                "total": 4
              }
            },
            {
              "batter": "KC Sangakkara",
              "bowler": "DJ Willey",
              "non_striker": "TD Paine",
              "runs": {
                "batter": 1,
                "extras": 0,
                "total": 1
              }
            },
            {
              "batter": "TD Paine",
              "bowler": "DJ Willey",
              "non_striker": "KC Sangakkara",
              "runs": {
                "batter": 1,
                "extras": 0,
                "total": 1
              }
            }
          ]
        },
        {
          "over": 5,
          "deliveries": [
            {
              "batter": "TD Paine",
              "bowler": "AJ Tye",
              "non_striker": "KC Sangakkara",
              "runs": {
                "batter": 0,
                "extras": 0,
                "total": 0
              }
            },
            {
              "batter": "TD Paine",
              "bowler": "AJ Tye",
              "non_striker": "KC Sangakkara",
              "runs": {
                "batter": 0,
                "extras": 0,
                "total": 0
              }
            },
            {
              "batter": "TD Paine",
              "bowler": "AJ Tye",
              "non_striker": "KC Sangakkara",
              "runs": {
                "batter": 0,
                "extras": 0,
                "total": 0
              }
            },
            {
              "batter": "TD Paine",
              "bowler": "AJ Tye",
              "non_striker": "KC Sangakkara",
              "runs": {
                "batter": 1,
                "extras": 0,
                "total": 1
              }
            },
            {
              "batter": "KC Sangakkara",
              "bowler": "AJ Tye",
              "non_striker": "TD Paine",
              "runs": {
                "batter": 1,
                "extras": 0,
                "total": 1
              }
            },
            {
              "batter": "TD Paine",
              "bowler": "AJ Tye",
              "non_striker": "KC Sangakkara",
              "runs": {
                "batter": 2,
                "extras": 0,
                "total": 2
              }
            }
          ]
        },
        {
          "over": 6,
          "deliveries": [
            {
              "batter": "KC Sangakkara",
              "bowler": "AC Agar",
              "non_striker": "TD Paine",
              "runs": {
                "batter": 0,
                "extras": 0,
                "total": 0
              },
              "wickets": [
                {
                  "kind": "stumped",
                  "player_out": "KC Sangakkara",
                  "fielders": [
                    {
                      "name": "CT Bancroft"
                    }
                  ]
                }
              ]
            },
            {
              "batter": "DT Christian",
              "bowler": "AC Agar",
              "non_striker": "TD Paine",
              "runs": {
                "batter": 1,
                "extras": 0,
                "total": 1
              }
            },
            {
              "batter": "TD Paine",
              "bowler": "AC Agar",
              "non_striker": "DT Christian",
              "runs": {
                "batter": 1,
                "extras": 0,
                "total": 1
              }
            },
            {
              "batter": "DT Christian",
              "bowler": "AC Agar",
              "non_striker": "TD Paine",
              "runs": {
                "batter": 1,
                "extras": 0,
                "total": 1
              }
            },
            {
              "batter": "TD Paine",
              "bowler": "AC Agar",
              "non_striker": "DT Christian",
              "runs": {
                "batter": 1,
                "extras": 0,
                "total": 1
              }
            },
            {
              "batter": "DT Christian",
              "bowler": "AC Agar",
              "non_striker": "TD Paine",
              "runs": {
                "batter": 1,
                "extras": 0,
                "total": 1
              }
            }
          ]
        },
        {
          "over": 7,
          "deliveries": [
            {
              "batter": "DT Christian",
              "bowler": "AJ Tye",
              "non_striker": "TD Paine",
              "runs": {
                "batter": 0,
                "extras": 0,
                "total": 0
              }
            },
            {
              "batter": "DT Christian",
              "bowler": "AJ Tye",
              "non_striker": "TD Paine",
              "runs": {
                "batter": 1,
                "extras": 0,
                "total": 1
              }
            },
            {
              "batter": "TD Paine",
              "bowler": "AJ Tye",
              "non_striker": "DT Christian",
              "runs": {
                "batter": 0,
                "extras": 0,
                "total": 0
              }
            },
            {
              "batter": "TD Paine",
              "bowler": "AJ Tye",
              "non_striker": "DT Christian",
              "runs": {
                "batter": 1,
                "extras": 0,
                "total": 1
              }
            },
            {
              "batter": "DT Christian",
              "bowler": "AJ Tye",
              "non_striker": "TD Paine",
              "runs": {
                "batter": 0,
                "extras": 0,
                "total": 0
              }
            },
            {
              "batter": "DT Christian",
              "bowler": "AJ Tye",
              "non_striker": "TD Paine",
              "runs": {
                "batter": 0,
                "extras": 0,
                "total": 0
              }
            }
          ]
        },
        {
          "over": 8,
          "deliveries": [
            {
              "batter": "TD Paine",
              "bowler": "AC Agar",
              "non_striker": "DT Christian",
              "runs": {
                "batter": 2,
                "extras": 0,
                "total": 2
              }
            },
            {
              "batter": "TD Paine",
              "bowler": "AC Agar",
              "non_striker": "DT Christian",
              "runs": {
                "batter": 1,
                "extras": 0,
                "total": 1
              }
            },
            {
              "batter": "DT Christian",
              "bowler": "AC Agar",
              "non_striker": "TD Paine",
              "runs": {
                "batter": 1,
                "extras": 0,
                "total": 1
              }
            },
            {
              "batter": "TD Paine",
              "bowler": "AC Agar",
              "non_striker": "DT Christian",
              "runs": {
                "batter": 1,
                "extras": 0,
                "total": 1
              }
            },
            {
              "batter": "DT Christian",
              "bowler": "AC Agar",
              "non_striker": "TD Paine",
              "runs": {
                "batter": 4,
                "extras": 0,
                "total": 4
              }
            },
            {
              "batter": "DT Christian",
              "bowler": "AC Agar",
              "non_striker": "TD Paine",
              "runs": {
                "batter": 1,
                "extras": 0,
                "total": 1
              }
            }
          ]
        },
        {
          "over": 9,
          "deliveries": [
            {
              "batter": "DT Christian",
              "bowler": "GB Hogg",
              "non_striker": "TD Paine",
              "runs": {
                "batter": 1,
                "extras": 0,
                "total": 1
              }
            },
            {
              "batter": "TD Paine",
              "bowler": "GB Hogg",
              "non_striker": "DT Christian",
              "runs": {
                "batter": 4,
                "extras": 0,
                "total": 4
              }
            },
            {
              "batter": "TD Paine",
              "bowler": "GB Hogg",
              "non_striker": "DT Christian",
              "runs": {
                "batter": 1,
                "extras": 0,
                "total": 1
              }
            },
            {
              "batter": "DT Christian",
              "bowler": "GB Hogg",
              "non_striker": "TD Paine",
              "runs": {
                "batter": 2,
                "extras": 0,
                "total": 2
              }
            },
            {
              "batter": "DT Christian",
              "bowler": "GB Hogg",
              "non_striker": "TD Paine",
              "runs": {
                "batter": 1,
                "extras": 0,
                "total": 1
              }
            },
            {
              "batter": "TD Paine",
              "bowler": "GB Hogg",
              "non_striker": "DT Christian",
              "runs": {
                "batter": 1,
                "extras": 0,
                "total": 1
              }
            }
          ]
        },
        {
          "over": 10,
          "deliveries": [
            {
              "batter": "TD Paine",
              "bowler": "DJ Willey",
              "non_striker": "DT Christian",
              "runs": {
                "batter": 0,
                "extras": 0,
                "total": 0
              }
            },
            {
              "batter": "TD Paine",
              "bowler": "DJ Willey",
              "non_striker": "DT Christian",
              "runs": {
                "batter": 2,
                "extras": 0,
                "total": 2
              }
            },
            {
              "batter": "TD Paine",
              "bowler": "DJ Willey",
              "non_striker": "DT Christian",
              "runs": {
                "batter": 0,
                "extras": 0,
                "total": 0
              }
            },
            {
              "batter": "TD Paine",
              "bowler": "DJ Willey",
              "non_striker": "DT Christian",
              "runs": {
                "batter": 1,
                "extras": 0,
                "total": 1
              }
            },
            {
              "batter": "DT Christian",
              "bowler": "DJ Willey",
              "non_striker": "TD Paine",
              "runs": {
                "batter": 1,
                "extras": 0,
                "total": 1
              }
            },
            {
              "batter": "TD Paine",
              "bowler": "DJ Willey",
              "non_striker": "DT Christian",
              "runs": {
                "batter": 1,
                "extras": 0,
                "total": 1
              }
            }
          ]
        },
        {
          "over": 11,
          "deliveries": [
            {
              "batter": "TD Paine",
              "bowler": "AJ Turner",
              "non_striker": "DT Christian",
              "runs": {
                "batter": 1,
                "extras": 0,
                "total": 1
              }
            },
            {
              "batter": "DT Christian",
              "bowler": "AJ Turner",
              "non_striker": "TD Paine",
              "runs": {
                "batter": 2,
                "extras": 0,
                "total": 2
              }
            },
            {
              "batter": "DT Christian",
              "bowler": "AJ Turner",
              "non_striker": "TD Paine",
              "runs": {
                "batter": 0,
                "extras": 0,
                "total": 0
              }
            },
            {
              "batter": "DT Christian",
              "bowler": "AJ Turner",
              "non_striker": "TD Paine",
              "runs": {
                "batter": 1,
                "extras": 0,
                "total": 1
              }
            },
            {
              "batter": "TD Paine",
              "bowler": "AJ Turner",
              "non_striker": "DT Christian",
              "runs": {
                "batter": 1,
                "extras": 0,
                "total": 1
              }
            },
            {
              "batter": "DT Christian",
              "bowler": "AJ Turner",
              "non_striker": "TD Paine",
              "runs": {
                "batter": 0,
                "extras": 0,
                "total": 0
              }
            }
          ]
        },
        {
          "over": 12,
          "deliveries": [
            {
              "batter": "TD Paine",
              "bowler": "JP Behrendorff",
              "non_striker": "DT Christian",
              "runs": {
                "batter": 6,
                "extras": 0,
                "total": 6
              }
            },
            {
              "batter": "TD Paine",
              "bowler": "JP Behrendorff",
              "non_striker": "DT Christian",
              "runs": {
                "batter": 1,
                "extras": 0,
                "total": 1
              }
            },
            {
              "batter": "DT Christian",
              "bowler": "JP Behrendorff",
              "non_striker": "TD Paine",
              "runs": {
                "batter": 1,
                "extras": 0,
                "total": 1
              }
            },
            {
              "batter": "TD Paine",
              "bowler": "JP Behrendorff",
              "non_striker": "DT Christian",
              "runs": {
                "batter": 1,
                "extras": 0,
                "total": 1
              }
            },
            {
              "batter": "DT Christian",
              "bowler": "JP Behrendorff",
              "non_striker": "TD Paine",
              "runs": {
                "batter": 6,
                "extras": 0,
                "total": 6
              }
            },
            {
              "batter": "DT Christian",
              "bowler": "JP Behrendorff",
              "non_striker": "TD Paine",
              "runs": {
                "batter": 1,
                "extras": 0,
                "total": 1
              }
            }
          ]
        },
        {
          "over": 13,
          "deliveries": [
            {
              "batter": "DT Christian",
              "bowler": "GB Hogg",
              "non_striker": "TD Paine",
              "runs": {
                "batter": 0,
                "extras": 0,
                "total": 0
              },
              "wickets": [
                {
                  "kind": "bowled",
                  "player_out": "DT Christian"
                }
              ]
            },
            {
              "batter": "MW Hill",
              "bowler": "GB Hogg",
              "non_striker": "TD Paine",
              "runs": {
                "batter": 0,
                "extras": 0,
                "total": 0
              }
            },
            {
              "batter": "MW Hill",
              "bowler": "GB Hogg",
              "non_striker": "TD Paine",
              "runs": {
                "batter": 1,
                "extras": 0,
                "total": 1
              }
            },
            {
              "batter": "TD Paine",
              "bowler": "GB Hogg",
              "non_striker": "MW Hill",
              "runs": {
                "batter": 1,
                "extras": 0,
                "total": 1
              }
            },
            {
              "batter": "MW Hill",
              "bowler": "GB Hogg",
              "non_striker": "TD Paine",
              "runs": {
                "batter": 1,
                "extras": 0,
                "total": 1
              }
            },
            {
              "batter": "TD Paine",
              "bowler": "GB Hogg",
              "non_striker": "MW Hill",
              "runs": {
                "batter": 1,
                "extras": 0,
                "total": 1
              }
            }
          ]
        },
        {
          "over": 14,
          "deliveries": [
            {
              "batter": "TD Paine",
              "bowler": "AC Agar",
              "non_striker": "MW Hill",
              "runs": {
                "batter": 1,
                "extras": 0,
                "total": 1
              }
            },
            {
              "batter": "MW Hill",
              "bowler": "AC Agar",
              "non_striker": "TD Paine",
              "runs": {
                "batter": 2,
                "extras": 0,
                "total": 2
              }
            },
            {
              "batter": "MW Hill",
              "bowler": "AC Agar",
              "non_striker": "TD Paine",
              "runs": {
                "batter": 1,
                "extras": 0,
                "total": 1
              }
            },
            {
              "batter": "TD Paine",
              "bowler": "AC Agar",
              "non_striker": "MW Hill",
              "runs": {
                "batter": 0,
                "extras": 0,
                "total": 0
              },
              "wickets": [
                {
                  "kind": "bowled",
                  "player_out": "TD Paine"
                }
              ]
            },
            {
              "batter": "JW Wells",
              "bowler": "AC Agar",
              "non_striker": "MW Hill",
              "runs": {
                "batter": 4,
                "extras": 0,
                "total": 4
              }
            },
            {
              "batter": "JW Wells",
              "bowler": "AC Agar",
              "non_striker": "MW Hill",
              "runs": {
                "batter": 4,
                "extras": 0,
                "total": 4
              }
            }
          ]
        },
        {
          "over": 15,
          "deliveries": [
            {
              "batter": "MW Hill",
              "bowler": "GB Hogg",
              "non_striker": "JW Wells",
              "runs": {
                "batter": 6,
                "extras": 0,
                "total": 6
              }
            },
            {
              "batter": "MW Hill",
              "bowler": "GB Hogg",
              "non_striker": "JW Wells",
              "runs": {
                "batter": 0,
                "extras": 0,
                "total": 0
              }
            },
            {
              "batter": "MW Hill",
              "bowler": "GB Hogg",
              "non_striker": "JW Wells",
              "runs": {
                "batter": 0,
                "extras": 0,
                "total": 0
              }
            },
            {
              "batter": "MW Hill",
              "bowler": "GB Hogg",
              "non_striker": "JW Wells",
              "runs": {
                "batter": 6,
                "extras": 0,
                "total": 6
              }
            },
            {
              "batter": "MW Hill",
              "bowler": "GB Hogg",
              "non_striker": "JW Wells",
              "runs": {
                "batter": 1,
                "extras": 0,
                "total": 1
              }
            },
            {
              "batter": "JW Wells",
              "bowler": "GB Hogg",
              "non_striker": "MW Hill",
              "runs": {
                "batter": 1,
                "extras": 0,
                "total": 1
              }
            }
          ]
        },
        {
          "over": 16,
          "deliveries": [
            {
              "batter": "JW Wells",
              "bowler": "DJ Willey",
              "non_striker": "MW Hill",
              "runs": {
                "batter": 1,
                "extras": 0,
                "total": 1
              }
            },
            {
              "batter": "MW Hill",
              "bowler": "DJ Willey",
              "non_striker": "JW Wells",
              "runs": {
                "batter": 2,
                "extras": 0,
                "total": 2
              }
            },
            {
              "batter": "MW Hill",
              "bowler": "DJ Willey",
              "non_striker": "JW Wells",
              "runs": {
                "batter": 0,
                "extras": 0,
                "total": 0
              }
            },
            {
              "batter": "MW Hill",
              "bowler": "DJ Willey",
              "non_striker": "JW Wells",
              "runs": {
                "batter": 1,
                "extras": 0,
                "total": 1
              }
            },
            {
              "batter": "JW Wells",
              "bowler": "DJ Willey",
              "non_striker": "MW Hill",
              "runs": {
                "batter": 0,
                "extras": 0,
                "total": 0
              }
            },
            {
              "batter": "JW Wells",
              "bowler": "DJ Willey",
              "non_striker": "MW Hill",
              "runs": {
                "batter": 0,
                "extras": 0,
                "total": 0
              }
            }
          ]
        },
        {
          "over": 17,
          "deliveries": [
            {
              "batter": "MW Hill",
              "bowler": "AJ Tye",
              "non_striker": "JW Wells",
              "runs": {
                "batter": 2,
                "extras": 0,
                "total": 2
              }
            },
            {
              "batter": "MW Hill",
              "bowler": "AJ Tye",
              "non_striker": "JW Wells",
              "runs": {
                "batter": 0,
                "extras": 0,
                "total": 0
              },
              "wickets": [
                {
                  "kind": "caught",
                  "player_out": "MW Hill",
                  "fielders": [
                    {
                      "name": "DJ Willey"
                    }
                  ]
                }
              ]
            },
            {
              "batter": "JW Wells",
              "bowler": "AJ Tye",
              "extras": {
                "wides": 1
              },
              "non_striker": "DJG Sammy",
              "runs": {
                "batter": 0,
                "extras": 1,
                "total": 1
              }
            },
            {
              "batter": "JW Wells",
              "bowler": "AJ Tye",
              "non_striker": "DJG Sammy",
              "runs": {
                "batter": 1,
                "extras": 0,
                "total": 1
              }
            },
            {
              "batter": "DJG Sammy",
              "bowler": "AJ Tye",
              "non_striker": "JW Wells",
              "runs": {
                "batter": 4,
                "extras": 0,
                "total": 4
              }
            },
            {
              "batter": "DJG Sammy",
              "bowler": "AJ Tye",
              "extras": {
                "legbyes": 1
              },
              "non_striker": "JW Wells",
              "runs": {
                "batter": 0,
                "extras": 1,
                "total": 1
              }
            },
            {
              "batter": "JW Wells",
              "bowler": "AJ Tye",
              "non_striker": "DJG Sammy",
              "runs": {
                "batter": 4,
                "extras": 0,
                "total": 4
              }
            }
          ]
        },
        {
          "over": 18,
          "deliveries": [
            {
              "batter": "DJG Sammy",
              "bowler": "JP Behrendorff",
              "non_striker": "JW Wells",
              "runs": {
                "batter": 1,
                "extras": 0,
                "total": 1
              }
            },
            {
              "batter": "JW Wells",
              "bowler": "JP Behrendorff",
              "non_striker": "DJG Sammy",
              "runs": {
                "batter": 1,
                "extras": 0,
                "total": 1
              }
            },
            {
              "batter": "DJG Sammy",
              "bowler": "JP Behrendorff",
              "non_striker": "JW Wells",
              "runs": {
                "batter": 2,
                "extras": 0,
                "total": 2
              }
            },
            {
              "batter": "DJG Sammy",
              "bowler": "JP Behrendorff",
              "non_striker": "JW Wells",
              "runs": {
                "batter": 6,
                "extras": 0,
                "total": 6
              }
            },
            {
              "batter": "DJG Sammy",
              "bowler": "JP Behrendorff",
              "non_striker": "JW Wells",
              "runs": {
                "batter": 1,
                "extras": 0,
                "total": 1
              }
            },
            {
              "batter": "JW Wells",
              "bowler": "JP Behrendorff",
              "non_striker": "DJG Sammy",
              "runs": {
                "batter": 4,
                "extras": 0,
                "total": 4
              }
            }
          ]
        },
        {
          "over": 19,
          "deliveries": [
            {
              "batter": "DJG Sammy",
              "bowler": "AJ Tye",
              "non_striker": "JW Wells",
              "runs": {
                "batter": 2,
                "extras": 0,
                "total": 2
              }
            },
            {
              "batter": "DJG Sammy",
              "bowler": "AJ Tye",
              "non_striker": "JW Wells",
              "runs": {
                "batter": 2,
                "extras": 0,
                "total": 2
              }
            },
            {
              "batter": "DJG Sammy",
              "bowler": "AJ Tye",
              "non_striker": "JW Wells",
              "runs": {
                "batter": 0,
                "extras": 0,
                "total": 0
              }
            },
            {
              "batter": "DJG Sammy",
              "bowler": "AJ Tye",
              "non_striker": "JW Wells",
              "runs": {
                "batter": 6,
                "extras": 0,
                "total": 6
              }
            },
            {
              "batter": "DJG Sammy",
              "bowler": "AJ Tye",
              "non_striker": "JW Wells",
              "runs": {
                "batter": 0,
                "extras": 0,
                "total": 0
              },
              "wickets": [
                {
                  "kind": "run out",
                  "player_out": "JW Wells",
                  "fielders": [
                    {
                      "name": "CT Bancroft"
                    },
                    {
                      "name": "AJ Tye"
                    }
                  ]
                }
              ]
            },
            {
              "batter": "DJG Sammy",
              "bowler": "AJ Tye",
              "non_striker": "CA Rose",
              "runs": {
                "batter": 4,
                "extras": 0,
                "total": 4
              }
            }
          ]
        }
      ],
      "powerplays": [
        {
          "from": 0.1,
          "to": 5.6,
          "type": "mandatory"
        }
      ],
      "target": {
        "overs": 20,
        "runs": 174
      }
    }
  ]
}